SpriteName	De
FaceFeatureB5	Gesichtsmerkmal B 5
PiercingA5_Color	Piercing 5
Loading	Aufkleber wird geladen
Nose3	Nase 3
CapeFront3_Outline	Kapfront | Umriss des Kaps 3
CockroachLeg	Kakerlake 1
EarringA5_Color	Ohrring 5
Eye2_Highlight	Augen Highlight 2
Angry4	Aufkleber Wütend 4
AnimalEar1_Front_Outline	Tierohr Umriss 1
Main5_Outline	Outfit innen Umriss 5
ExclamationMark	Aufkleber Ausrufezeichen
Mouth_Line	Getränkebecher | Mund
Eye3_Dollar	Augendollar 3
HairShine7_Color	Haarglanz 13 + 14
WingG1_Outter_Color	Flügel 10 .1
Eye1_Upperlid	Wimpern 1 .1
WingE1_Middle_Color	Flügel 8 .2
TailE2_Color	Schwanz 13
SweatWhite	Aufkleber Schweiß
Collar6_String	Outfit Kragenschnur 7
PonytailA5_Color	Haar Pferdeschwanz 9
FrameHair_A10_Outline	Seitensträhnen Umriss 19
HairBang6_Side_Color	Pony 11
SideHairA5_Outline	Haare Seite Umriss 9 + 10
SideHairA3_Color	Haare Seite 5
FrameHair_A5_Outline	Seitensträhnen Umriss 9 + 10
Pigtail_A2_Color	Haarzopf 3
SideHairB8_Outline	Haare Seite Umriss 31 + 32
SideHairA3_Outline	Haare Seite Umriss 5 + 6 
PonytailA1_Color	Haar Pferdeschwanz 1
PonytailA5_Gradient	Haar Pferdeschwanz 10
BellClapper	Glocke 1
EarringA5_Outline	Ohrring Umriss 5
HairShine5_Outline	Haarglanz Umriss 10
Nose1	Nase 1
HairClip5_Color	Haarspange 5
TailC1_Color	Schwanz 8
PonytailA5_Outline	Haar-Pferdeschwanz-Umriss 9 + 10
WingB1_Outline	Flügel Umriss 4
AlertClick	Aufkleber Alert Effekt
HairClip13_Color	Haarspange 13
SideHairA7_Outline	Haare Seite Umriss 13 + 14
SideHairA6_Outline	Haare Seite Umriss 11 + 12
CreditCard	Kartendurchzug
Hand_Line2	Hand 1 .1
Eye1_Highlight	Augen Highlight 1
EarringA1_Color	Ohrring 1
Brow1	Augenbraue 1
FaceFeatureB2	Gesichtsmerkmal B 2
CortisolMeter	Tanz (niedriger Cortisolspiegel) 2
HairBang1_Side_Outline	Pony Umriss 1 + 2
Hairline	Basishaare 1
EarringB1_Color	Ohrring 6
Palmar_Line2	Hand 1 .2
StrawLiquid_Color	Becherflüssigkeit 2
Mecha5_Color	Mecha 5
HairClip13_Outline	Haarspange Umriss 13
EasterEgg3	Ostern 3
Collar3_Outline	Outfit Kragen Umriss 3
HairHighlight4_Color	Haar Highlight >< 1 + 2
Tongue2	Mund/Zunge | Lecken
FaceFeatureA3	Gesichtsmerkmal A 3
AnimalEar4_Outline	Tierohr Umriss 4
SideHairB8_Gradient	Haare Seite 32
PonytailA4_Outline	Haar-Pferdeschwanz-Umriss 7 + 8
HatD1_Outline	Hut Umriss 8
GasBottle	Gasflasche
SideHairA2_Outline	Haare Seite Umriss 3 + 4
SideHairB5_Outline	Haare Seite Umriss 25 + 26
FacialHair_A4_Color	Gesichtsbehaarung A 4
EarringA2_Color	Ohrring 2
Eye3_Light	Augeniris hell 3
AnimalEar1_Back_Outline	Tierohr Umriss 1 .1
CapeFront5_Outline	Kapfront | Umriss des Kaps 5
SideHairB8_Color	Haare Seite 31
HairShine6_Color	Haarglanz 11 + 12
Hairband5_Outline	Haarband B Umriss 3
CapeBack1_Outline	Kap zurück | Umriss des Kaps 1
Halo3_Color	Heiligenschein 3
Eye3_Eyelash	Wimpern 3
Leg	Bein 1
Thumb_Color	Hand 1 .3
HairShine2_Color	Haarglanz 3 + 4
Hairband1_Outline	Haarband A Umriss 1
Brow7	Augenbraue 7
Palmar_Line1	Hand 1 .4
PiercingA3_Color	Piercing 3
Pigtail_A7_Color	Haarzopf 13
SideHairA3_Gradient	Haare Seite 6
SideHairA8_Outline	Haare Seite Umriss 15 + 16
PonytailA3_Outline	Haar-Pferdeschwanz-Umriss 5 + 6
TailF2_Outline	Schwanz Umriss 16
Ear_Outline	Ohr Umriss 1
HairClip11_Color	Haarspange 11
TailC1_Outline	Schwanz Umriss 8
Cheek3	Wange 3
Eye_Popcat_Light	Dum 3 | Auge | Popcat Standbild
CandleFire	Kerzenfeuer
PiercingA4_Outline	Piercing Umriss 4
NeckwearA2_Color	Outfit Halsschmuck A 2
little_Color	Hand 1 .5
PiercingA1_Color	Piercing 1
PhoneLight	Telefon Licht
ShakeLine1	Angst 1
Eye2_Upperlid	Wimpern 2 .1
NeckwearA3_Color	Outfit Halsschmuck A 3
Brow9	Augenbraue 9
EarringA1_Outline	Ohrring Umriss 1
TailA2_Outline	Schwanz Umriss 2
Drooling	Sabbern
PiercingA4_Color	Piercing 4
PonytailA3_Color	Haar Pferdeschwanz 5
PonytailA2_Gradient	Haar Pferdeschwanz 4
AnimalEar7_Outline	Tierohr Umriss 7
Brow6	Augenbraue 6
PopperConfetti2	Konfetti 2
Swatter	Fliegenklatsche
Fin1_Outline	Flosse Umriss
HairShine3_Color	Haarglanz 5 + 6
TailB1_Color	Schwanz 3
HammerEffect2	Hammer 2
Mecha1_Outline	Mecha Umriss 1
Pigtail_A4_Outline	Haarzopf Umriss 7 + 8
HatC1_Outline	Hut Umriss 6 + 7
Pigtail_B1_Color	Haarzopf 17
Flash	Waffenblitz
Brow4	Augenbraue 4
CortisolMeterPointer	Tanz (niedriger Cortisolspiegel) 1
Hand_Line1	Hand 1 .6
RedPacketCoin4	Glücksumschlag 4
Cheek4	Wange 4
FaceFeatureB3	Gesichtsmerkmal B 3
Brow2	Augenbraue 2
StickyNote	Haftnotiz
Loading_Outline	Aufkleber wird geladen 2
Collar6_Outline	Outfit Kragen Umriss 6 + 7
CapeBack3_Color	Kap zurück 3
SideHairB6_Outline	Haare Seite Umriss 27 + 28
PonytailA1_Outline	Haar-Pferdeschwanz-Umriss 1 + 2
PonytailA2_Color	Haar Pferdeschwanz 3
SideHairA2_Color	Haare Seite 3
GiftBoxLid	Geschenk 2
Collar4_Color	Outfit-Kragen innen 4
WingE1_Upper_Color	Flügel 8 .1
WingA1_Color	Flügel 1
FrameHair_B4_Outline	Seitensträhnen Umriss 29 + 30
FrameHair_Branch_A1_Color	Haarzweig 1
SideHairA7_Gradient	Haare Seite 14
Wing2_Color	Ohrflügel 2
TailA1_Color	Schwanz 1
Eye3_Heart	Augenherz 3
FrameHair_A8_Outline	Seitensträhnen Umriss 15 + 16
DrawingTablet	Tablet
FaceFeatureA2	Gesichtsmerkmal A 2
PiercingA2_Color	Piercing 2
Eye_Popcat_Highlight	Popcat | Augen Highlight
Hairband3_Outline	Haarband B Umriss 1
NeckwearB6_Color	Outfit Halsschmuck B 6
Mouth_Popcat1	Popcat | Mund 1
Rose	Rose
HairbandBack2_Outline	Haarband D Umriss 2
Mecha2_Outline	Mecha Umriss 2
SideHairA8_Gradient	Haare Seite 16
NeckwearB7_Color	Outfit Halsschmuck B 7
Donut3	Krapfen 3
NeckwearB5_Outline	Outfit Halsschmuck B Umriss 5
StickyNoteText	Haftnotiz Text
SideHairA6_Gradient	Haare Seite 12
PonytailA4_Gradient	Haar Pferdeschwanz 8
Ahoge_A4_Color	Haare Ahoge 4
Gill2_Color	Kieme 1 .2
FacialHair_A7_Outline	Gesichtsbehaarung A Umriss 7
HatC1_Color	Hut 6 + 7
SideHairA5_Color	Haare Seite 9
LightStickHandle	Leuchtstabgriff
Eye1_Spiral	Augenspirale 1 + 2
EasterEgg2	Ostern 2
EasterEgg1	Ostern 1
HairClip5_Outline	Haarspange Umriss 5
SideHairA8_Color	Haare Seite 15
HairHighlight2_Outline	Haar Highlight Umriss 2 << + 2 >>
Ahoge_A2_Color	Haare Ahoge 2
SideHairB7_Outline	Haare Seite Umriss 29 + 30
AlertBits_Outline	Aufkleber Alert Umriss 6
SunGlasses_Frame	Sonnenbrille
PonytailA4_Color	Haar Pferdeschwanz 7
HairHighlight2_Color	Haar Highlight 2 << + 2 >>
SideHairA5_Gradient	Haare Seite 10
SideHairA6_Color	Haare Seite 11
HairbandBack2_Color	Haarband D 2
NeckwearB1_Outline	Outfit Halsschmuck B Umriss 2
HairClip3_Outline	Haarspange Umriss 3
Bill2	Schnabel 2
Volume	Aufkleber Lautstärke
FrameHair_A1_Color	Seitensträhnen 1 
FrameHair_A2_Gradient	Seitensträhnen 2 
Pigtail_C2_Color	Haarzopf 23
Pigtail_C2_Gradient	Haarzopf 24
WingF1_Lower_Outline	Flügel Umriss 9 .2
Glasses_Frame3	Brille 3
WingA2_Outline	Flügel Umriss 2
PalmarGlove1_Outline	Hand 2 .1
Eye1_Sparkling	Augenfunkeln 1
SideHairB2_Color	Haare Seite 19
SideHairB2_Gradient	Haare Seite 20
SideHairA1_Outline	Haare Seite Umriss 1 + 2
EarringA3_Color	Ohrring 3
EarringA4_Color	Ohrring 4
TailF_Outline	Schwanz Umriss 15 + 16 + 17 + 18 + 24 + 25
Halo2_Outline	Heiligenschein Umriss 2
HairBang4_Side_Outline	Pony Umriss 7 + 8
TailD1_Outline	Schwanz Umriss 11
Pigtail_A8_Outline	Haarzopf Umriss 15 + 16
HairBang4_Middle_Outline	Pony >< Umriss 4
SideHairB2_Outline	Haare Seite Umriss 19 + 20
ShakeLine2	Angst 2
EarringB2_Color	Ohrring 7
TailA2_Color	Schwanz 2
TailF_Color	Schwanz 15 + 16 + 17 + 18 + 24 + 25
SideHairB6_Color	Haare Seite 27
Controller	Regler
HairBang3_Middle_Gradient	Pony >< 6
HairBang3_Middle_Color	Pony >< 5
Horn4_Color	Horn 4
HatD1_Color	Hut 8
PonytailA1_Gradient	Haar Pferdeschwanz 2
SideHairB4_Outline	Haare Seite Umriss 23 + 24
SideHairB6_Gradient	Haare Seite 28
EarringA4_Outline	Ohrring Umriss 4
PopperConfetti1	Konfetti 1
Collar1_Outline	Outfit Kragen Umriss 1
FacialHair_B5_Outline	Gesichtsbehaarung B Umriss 5
EarringA2_Outline	Ohrring Umriss 2
TailF4_Outline	Schwanz Umriss 18
LightStickLight	Leuchtstab
HatA1_Outline	Hut Umriss 1 + 2
SideHairB1_Outline	Haare Seite Umriss 17 + 18
HairClip3_Color	Haarspange 3
NeckwearA4_Color	Outfit Halsschmuck A 4
NeckwearA5_Color	Outfit Halsschmuck A 5
WingC1_Lower_Outline	Flügel Umriss 5 .2
FrameHair_A2_Outline	Seitensträhnen Umriss 3 + 4
HatB1_Outline	Hut Umriss 3
MagicWand	Magie
HairBang2_Middle_Color	Pony >< 3
HairBang2_Middle_Gradient	Pony >< 4
Hairband5_Color	Haarband B 3
TailE2_Outline	Schwanz Umriss 13
Brow5	Augenbraue 5
Tie1_Color	Outfit Halsschmuck C 1
WingF1_Lower_Color	Flügel 9 .2
FrameHair_A4_Outline	Seitensträhnen Umriss 7 + 8
PryBar	Brecheisen
FacialHair_A2_Color	Gesichtsbehaarung A 2
Outer2_Color	Outfit außen 2
Tie3_Outline	Outfit Halsschmuck C Umriss 3
TailB4_Outline	Schwanz Umriss 6
HairShine3_Outline	Haarglanz Umriss 6
AlertHeart_Color	Aufkleber Alert 1
WingD2_Lower_Outline	Flügel Umriss 7 .2
SideHairA1_Color	Haare Seite 1
HatA1_Color	Hut 1 + 2
SideHairB3_Color	Haare Seite 21
FrameHair_A11_Gradient	Seitensträhnen 22
FrameHair_A11_Color	Seitensträhnen 21
SideHairB4_Gradient	Haare Seite 24
SideHairA4_Outline	Haare Seite Umriss 7 + 8
SideHairA1_Gradient	Haare Seite 2
CapeFront2_Color	Kapfront 2
CapeFront5_Color	Kapfront 5
CapeFront2_Outline	Kapfront | Umriss des Kaps 2
SideHairB3_Outline	Haare Seite Umriss 21 + 22
SideHairB4_Color	Haare Seite 23
SideHairB5_Gradient	Haare Seite 26
TailB5_Color	Schwanz 7
WingC1_Upper_Outline	Flügel Umriss 5 .1
Mecha3_Outline	Mecha Umriss 3
HairHighlight1_Color	Haar Highlight 1 << + 1 >> 
LoveLetter	Liebesbrief
Hairband6_Outline	Haarband B Umriss 4
MusicalNote1	Musiknote 1
PiercingA2_Outline	Piercing Umriss 2
StrawLiquid_Outline	Getränkebecher 2
Eyepatch2_Color	Augenklappe 3 + 4
AnimalEar2_Front_Outline	Tierohr Umriss 2
AnimalEar1_Fur_Color	Tierohr Fell 1
EarringB3_Color	Ohrring 8
Pigtail_A7_Gradient	Haarzopf 14
AnimalEar5_Color	Tierohr 5
EarringB4_Color	Ohrring 4
HairClip2_Color	Haarspange 2
Glasses_Lens2	Brille Lens 2
HairBang6_Side_Gradient	Pony 12
HairBang3_Middle_Outline	Pony >< Umriss 5 + 6
AnimalEar9_Outline	Tierohr Umriss 9
HatB3_Color	Hut 5
PiercingA1_Outline	Piercing Umriss 1
Brow8	Augenbraue 8
HairClip1_Outline	Haarspange Umriss 1
Eyepatch1_Color	Augenklappe 1 + 2
NeckwearA1_Color	Outfit Halsschmuck A 1
Eye1_Eyelash	Wimpern 1 + 2
ShakeLine3	Angst 3
WingE1_Upper_Outline	Flügel Umriss 8 .1
PopperConfetti3	Konfetti 3
Star	Aufkleber Stern
HairBang1_Middle_Outline	Pony >< Umriss 1 + 2
SideHairA4_Gradient	Haare Seite 8
PiercingA3_Outline	Piercing Umriss 3
FaceFeatureB4	Gesichtsmerkmal B 4
EarringA3_Outline	Ohrring Umriss 3
TailF4_Color	Schwanz 18
AnimalEar2_Fur_Color	Tierohr Fell 2
AnimalEar3_Outline	Tierohr Umriss 3
Straw	Getränkebecher 4
AnimalEar8_Outline	Tierohr Umriss 8
AnimalEar6_Color	Tierohr 6
TailF3_Color	Schwanz 17
EarringB5_Outline	Ohrring Umriss 10
HairClip12_Color	Haarspange 12
Collar6_Color	Outfit-Kragen innen 6 + 7
AnimalEar6_Outline	Tierohr Umriss 6
AnimalEar3_Color	Tierohr 3
Brow3	Augenbraue 3
Glasses_Lens3	Brille Lens 3
EarringB5_Color	Ohrring 10
LaptopLight2	Laptop Licht 2
PhoneScreenPattern1	Telefonbildschirm 1
TailF2_Color	Schwanz 16
LaptopLight1	Laptop Licht 1
AnimalEar7_Color	Tierohr 7
AnimalEar9_Color	Tierohr 9
HairBang7_Middle_Outline	Pony >< Umriss 13 + 14
Hairband6_Color	Haarband B 4
AnimalEar2_Back_Outline	Tierohr Umriss 2 .1
HairClip1_Color	Haarspange 1
EarringB2_Outline	Ohrring Umriss 7
Middle_Color	Hand 1 .7
AnimalEar5_Outline	Tierohr Umriss 5
Hairband2_Color	Haarband A 2
AnimalEar1_Front_Color	Tierohr 1
Chopstick	Stäbchen
AnimalEar2_Front_Color	Tierohr 2
EarringB3_Outline	Ohrring Umriss 8
TailF1_Color	Schwanz 15
AnimalEar4_Color	Tierohr 4
HairBang4_Side_Color	Pony 7
SideHairB7_Gradient	Haare Seite 30
SideHairB1_Color	Haare Seite 17
FacialHair_A7_Color	Gesichtsbehaarung A 7
HairClip4_Outline	Haarspange Umriss 4
EarringB1_Outline	Ohrring Umriss 6
Index_Color	Hand 1 .8
PiercingA5_Outline	Piercing Umriss 5
TailF1_Outline	Schwanz Umriss 15
AnimalEar1_Fur_Outline	Tierohr Fellumriss 1
TailE3_Color	Schwanz 14
AnimalEar1_Back_Color	Tierohr 1 .1
AnimalEar2_Fur_Outline	Tierohr Fellumriss 2
CupSteam	Tasse Dampf
AnimalEar2_Back_Color	Tierohr 2 .1
AnimalEar8_Color	Tierohr 8
EarringB4_Outline	Ohrring Umriss 9
FacialHair_A8_Outline	Gesichtsbehaarung A Umriss 8
SideHairB7_Color	Haare Seite 29
SideHairA4_Color	Haare Seite 7
SideHairB1_Gradient	Haare Seite 18
BackHair3_Color	Haare hinten 5
Pigtail_A5_Color	Haarzopf 9
Pigtail_A5_Gradient	Haarzopf 10
Pigtail_A2_Outline	Haarzopf Umriss 3 + 4
HairShine6_Outline	Haarglanz Umriss 12
Antenna1_Outline	Antenne Umriss 1
AlertLike_Outline	Aufkleber Alert Umriss 4
FacialHair_A5_Outline	Gesichtsbehaarung A Umriss 5
Horn5_Outline	Horn Umriss 5
FrameHair_A8_Color	Seitensträhnen 15
FrameHair_A8_Gradient	Seitensträhnen 16
FrameHair_Top_Color	Seitensträhnen Top
HairBang5_Middle_Color	Pony >< 9
HairShine1_Outline	Haarglanz Umriss 2
WingG1_Inner_Outline	Flügel Umriss 10 .2
VideoCamera	Videokamera
FrameHair_A7_Gradient	Seitensträhnen 14
FrameHair_A7_Color	Seitensträhnen 13
Index_Outline	Hand 1 .9
Mouth	Mund
TailC3_Outline	Schwanz Umriss 10
Wing2_Outline	Ohrflügel Umriss 2
Wing1_Color	Ohrflügel Umriss 1
WingC1_Upper_Color	Flügel Umriss 5 .1
Main7_Color	Outfit innen 7
HairHighlight3_Color	Haar Highlight 3 << + 3 >>
HairHighlight4_Outline	Haar Highlight >< Umriss 1 + 2
ErrorPopup	Stops Working
TrashBinLid	Mülleimer 2
BackHair1_Outline	Haare hinten Umriss 1 + 2
BackHair2_Outline	Haare hinten Umriss 3 + 4
Horn6_Color	Horn 6
HairBang7_Middle_Color	Pony >< 13
little_Outline	Hand 1 .10
HornF1_Outline	Horn vorne Umriss 1
TailC2_Outline	Schwanz Umriss 9
Outer2_Outline	Outfit außen Umriss 2
BackHair3_Outline	Haare hinten Umriss 5 + 6
Tongue_Shadow	Zungenschatten
Blush	Gesichtsröte
FacialHair_B5_Color	Gesichtsbehaarung B 5 
Knife	Sabbern (Gabel&Messer) 2
HairBang3_Side_Outline	Pony Umriss 5 + 6
HairBang5_Side_Outline	Pony Umriss 9 + 10
Horn7_Outline	Horn Umriss 7
PopcornBucket	Essen (Popcorn) 1
Pigtail_A3_Outline	Haarzopf Umriss 5 + 6
Collar7_Color	Outfit-Kragen innen 8
Hairband3_Color	Haarband B 1
Hammer	Hammer
TailE3_Outline	Schwanz Umriss 14
HairBang6_Side_Outline	Pony Umriss 11 + 12
HairBang2_Side_Outline	Pony Umriss 3 + 4
HairShine7_Outline	Haarglanz Umriss 14
EyepatchBandage_Color	Augenklappe 5 + 6
EyepatchBandage_Outline	Augenklappen-Umriss 5 + 6
HairbandBack1_Color	Haarband D 1
Hairband4_Outline	Haarband B Umriss 2
KeyboardKeyA	Tippen Normal 1
Thumb_Outline	Hand 1 .11
FacialHair_B3_Color	Gesichtsbehaarung B 3
Hairband2_Outline	Haarband A Umriss 2
HairbandBack1_Outline	Haarband D Umriss 1
TailB3_Color	Schwanz 5
FrameHair_A7_Outline	Seitensträhnen Umriss 13 + 14
FrameHair_A10_Color	Seitensträhnen 19
FrameHair_A10_Gradient	Seitensträhnen 20
FrameHair_A11_Outline	Seitensträhnen Umriss 21 + 22
FrameHair_A9_Color	Seitensträhnen 17
FacialHair_A3_Color	Gesichtsbehaarung A 3
BackHair1_Color	Haare hinten 1
Laptop	Laptop
SignRound	Rundes Schild
HairBang1_Side_Color	Pony 1
HairBang4_Side_Gradient	Pony 8
HairBang5_Side_Color	Pony 9
BackHair2_Color	Haare hinten 3
Pigtail_A6_Outline	Haarzopf Umriss 11 + 12
Pigtail_A7_Outline	Haarzopf Umriss 13 + 14
Watermelon	Eat (Watermelon)
Cheek2	Wange 2
HairClip6_Color	Haarspange 6
Spoon	Ankommen (Löffel)
Tape	Band
HatB2_Outline	Hut Umriss 4
HairShine2_Outline	Haarglanz Umriss 4
HairBang1_Side_Gradient	Pony 2
HairBang2_Side_Color	Pony 3
HairBang5_Side_Gradient	Pony 10
BackHair2_Gradient	Haare hinten 4
FrameHair_B3_Outline	Seitensträhnen Umriss 28
FaceFeatureC1	Gesichtsmerkmal C 1
Pigtail_A8_Color	Haarzopf 15
NeckwearB4_Color	Outfit Halsschmuck B 4
WingE1_Lower_Color	Flügel 8 .3
PhoneScreen	Telefonbildschirm 3
AngrySteam	Aufkleber Dampf
Outer1_Color	Outfit außen 1
SideHair_Branch_C2_Outline	Haarseitenzweig C Umriss 2
Hairband4_Color	Haarband B 2
Pigtail_A3_Color	Haarzopf 5
BackHair3_Gradient	Haare hinten 6
HairBang2_Side_Gradient	Pony 4
PixelSunglasses	Pixel-Sonnenbrille
HatB1_Color	Hut 3
FacialHair_B3_Outline	Gesichtsbehaarung B Umriss 3
CapeBack1_Color	Kap zurück 1
HairShine1_Color	Haarglanz 1 + 2
Palmar_Color	Hand 1 .12
Ahoge_B1_Color	Haare Ahoge 5
HatA2_Outline	Hut Umriss 2
Pigtail_A5_Outline	Haarzopf Umriss 9 + 10
Pigtail_A3_Gradient	Haarzopf 6
HairBang3_Side_Color	Pony 5
HairBang3_Side_Gradient	Pony 6
HairShine4_Outline	Haarglanz Umriss 8
BackHair1_Gradient	Haare hinten 2
SignSquare	Quadratisches Schild
Horn4_Outline	Horn 4
PonytailB1_Gradient	Haar Pferdeschwanz 12
PonytailB1_Color	Haar Pferdeschwanz 11
FrameHair_A1_Outline	Seitensträhnen Umriss 1 + 2
Collar7_Outline	Outfit Kragen Umriss 8
NeckwearA3_Outline	Outfit Halsschmuck A Umriss 3
NeckwearA2_Outline	Outfit Halsschmuck A Umriss 2
TailA1_Outline	Schwanz Umriss 1
Horn3_Outline	Horn Umriss 3
Pigtail_A8_Gradient	Haarzopf 16
SunglassesReflection	Sonnenbrillenreflexion
NeckwearA6_Color	Outfit Halsschmuck A 6
Tie2_Outline	Outfit Halsschmuck C Umriss 2
Halo4_Color	Heiligenschein 5 + 6
FrameHair_A6_Color	Seitensträhnen 11
Middle_Outline	Hand 1 .13
RedPacketCoin2	Glücksumschlag 3
NeckwearB5_Color	Outfit Halsschmuck B 5
Eye1_HighlightCry	Auge 1 | Weinen
Collar3_Color	Outfit-Kragen innen 3
TailC3_Color	Schwanz 10
ElfEar_Color	Ohr 1.1
Surprise	Aufkleber Überraschung
Gill3_Outline	Kiemen Umriss 1 .3
Pigtail_A4_Gradient	Haarzopf 8
Pigtail_A1_Color	Haarzopf 1
Eye_U	Schlaf (UU)
Cockroach	Kakerlake
Halo3_Outline	Heiligenschein Umriss 3
Wing3_Outline	Ohrflügel Umriss 3
Halo4_Outline	Heiligenschein Umriss 5 + 6
Wing3_Color	Ohrflügel 3
WingD1_Outline	Flügel Umriss 6
FacialHair_A1_Color	Gesichtsbehaarung A 1
Ghost	Aufkleber Geist
Hairband7_Outline	Haarband C Umriss 1
Horn6_Outline	Horn Umriss 6
HairHighlight3_Outline	Haar Highlight Umriss 3 << + 3 >>
Glasses_Frame2	Brille 2
NeckwearA4_Outline	Outfit Halsschmuck A Umriss 4
Ear_Color	Ohr 1
HatB2_Color	Hut 4
FacialHair_A4_Outline	Gesichtsbehaarung A Umriss 4
PonytailB1_Outline	Haar-Pferdeschwanz-Umriss 11 + 12
Collar1_Color	Outfit-Kragen innen 1
CapeBack3_Outline	Kap zurück | Umriss des Kaps 3
Pigtail_A1_Outline	Haarzopf Umriss 1 + 2
Tie2_Color	Outfit Halsschmuck C 2
TailE1_Color	Schwanz 12
PatHand	Streichelhand
Main6_Outline	Outfit innen Umriss 6
Pigtail_A6_Color	Haarzopf 11
Card	Umkehren
FacialHair_A8_Color	Gesichtsbehaarung A 8
CapeBack2_Outline	Kap zurück | Umriss des Kaps 2
CapeFront6_Color	Kapfront 6
PonytailB2_Gradient	Haar Pferdeschwanz 14
Megaphone	Megaphon
Glasses_Frame1	Brille 1
Pigtail_B1_Outline	Haarzopf Umriss 17 + 18
Eye1_Dollar	Augendollar 1 + 2
FaceFeatureA1	Gesichtsmerkmal A 1
Eye1_Heart	Augenherz 1 + 2
Collar2_Color	Outfit-Kragen innen 2
Pigtail_A6_Gradient	Haarzopf 12
FrameHair_B3_Gradient	Seitensträhnen 28
FrameHair_B3_Color	Seitensträhnen 27
FrameHair_TopBack_Outline	Seitensträhnen Top Umriss 2
Horn5_Color	Horn 5
Fork	Sabbern (Gabel&Messer) 1
SteeringWheel	Lenkrad
Hairband1_Color	Haarband A 1
HatB3_Outline	Hut Umriss 5
FrameHair_A4_Color	Seitensträhnen 7
NeckwearB3_Color	Outfit Halsschmuck B 3
HammerEffect1	Hammer 1
HairHighlight6_Color	Haar Highlight >< 5 + 6
Pigtail_B2_Outline	Haarzopf Umriss 19 + 20
WingF1_Upper_Outline	Flügel Umriss 9 .1
Pigtail_A2_Gradient	Haarzopf 4
RedPacketCoin3	Glücksumschlag 2
FrameHair_A9_Gradient	Seitensträhnen 18
TrashBin	Mülleimer 1
FacialHair_A2_Outline	Gesichtsbehaarung A Umriss 2
Tongue1	Lecken | Zunge
HairShine4_Color	Haarglanz 7 + 8
Toilet	Toilette
FrameHair_A5_Gradient	Seitensträhnen 10
CapeFront6_Outline	Kapfront | Umriss des Kaps 6
FrameHair_A5_Color	Seitensträhnen 9
CapeBack2_Color	Kap zurück 2
SunGlasses_Lens	Sonnenbrille Lens
FrameHair_A9_Outline	Seitensträhnen Umriss 17 + 18
Main8_Outline	Outfit innen Umriss 8
Pigtail_A4_Color	Haarzopf 7
KeyboardKeyB	Tippen Normal 2
Tie3_Color	Outfit Halsschmuck C 3
Nose2	Nase 2
FacialHair_A5_Color	Gesichtsbehaarung A 5
AlertCustom_Color	Aufkleber Alert 2
AlertCustom_Outline	Aufkleber Alert Umriss 2
SideHair_Branch_A2_Outline	Haarseitenzweig A Umriss 2
Horn1_Color	Horn 1
Outer3_Outline	Outfit außen Umriss 3
SideHair_Branch_B1_Outline	Haarseitenzweig B Umriss 1
ElfEar_Outline	Ohr Umriss 1.1
Outer4_Color	Outfit außen 4
Outer3_Color	Outfit außen 3
HairHighlight5_Outline	Haar Highlight >< Umriss 3 +4
SideHair_Branch_C1_Outline	Haarseitenzweig C Umriss 1
Stylus	Stift
Tear2_Outline	Augentränen 3
Donut1	Krapfen 1
Donut2	Krapfen 2
SideHair_Branch_A1_Outline	Haarseitenzweig A Umriss 1
Eye1_Light	Augeniris hell 1 + 2
Angry2	Aufkleber Wütend 2
WingF1_Upper_Color	Flügel 9 .1
NeckwearB2_Color	Outfit Halsschmuck B 1 + 2
SideHair_Branch_A1_Color	Haarseitenzweig A 1
SignRoundText1	Rundes Schild Text
Collar2_Outline	Outfit Kragen Umriss 2
MusicalNote2	Musiknote 2
FacialHair_B4_Color	Gesichtsbehaarung B 4
Mecha2_Color	Mecha 2
Six	Nummer Sechs
PointHand	Mit Hand Zeigen
HairClip8_Color	Haarspange 8
FaceFeatureB1	Gesichtsmerkmal B 1
Pigtail_B2_Gradient	Haarzopf 20
Main8_Color	Outfit innen 8
Tear2_Color	Augentränen 2
Eye3_Dark	Augeniris dunkel 3
Outer4_Outline	Outfit außen Umriss 4
Glasses_Lens1	Brille Lens 1
WingA3_Outline	Flügel Umriss 3
Ahoge_B2_Color	Haare Ahoge 6
CapeFront1_Outline	Kapfront | Umriss des Kaps 1
Cake	Kuchen
WingD1_Color	Flügel 6
Pigtail_B1_Gradient	Haarzopf 18
Outer7_Color	Outfit außen 7
Ahoge_B1_Outline	Haare Ahoge Umriss 5
HornM1_Outline	Horn vorne >< Umriss 1
HornF2_Color	Horn vorne 2
CapeFront4_Color	Kapfront 4
FrameHair_Branch_A3_Color	Haarzweig 3
Main2_Outline	Outfit innen Umriss 2
Wing1_Outline	Ohrflügel Umriss 1
WingD2_Upper_Outline	Flügel Umriss 7 .1
Mecha4_Color	Mecha 4
Horn1_Outline	Horn Umriss 1
WingA2_Color	Flügel 2
EasterEggBasket	Ostern 4
Mecha4_Outline	Mecha Umriss 4
Antenna2_Color	Antenne 2
Mecha1_Color	Mecha 1
Ahoge_A3_Outline	Haare Ahoge Umriss 3
Main1_Outline	Outfit innen Umriss 1
Horn2_Color	Horn 2
HairBang4_Middle_Gradient	Pony >< 8
CapeFront3_Color	Kapfront 3
Notepad	Notizblock
Outer5_Color	Outfit außen 5
WingA3_Color	Flügel 3
WingB1_Color	Flügel 4
Pistol	Pistole
Horn7_Color	Horn 7
Bottle	Cola-Shake
Outer6_Color	Outfit außen 6
Laugh2	Aufkleber Lachen 2
FrameHair_B1_Gradient	Seitensträhnen 24
Outer5_Outline	Outfit außen Umriss 5
FrameHair_Top_Outline	Seitensträhnen Top Umriss
WingG1_Inner_Color	Flügel 10 .2
HairBang5_Middle_Outline	Pony >< Umriss 9 + 10
Beer	Prost
HairBang4_Middle_Color	Pony >< 7
TailE1_Outline	Schwanz Umriss 12
TailC2_Color	Schwanz 9
HornF2_Outline	Horn Umriss 9
HairBang2_Middle_Outline	Pony >< Umriss 3 + 4
Ahoge_B2_Outline	Haare Ahoge Umriss 6
Bell	Glocke 2
FrameHair_Branch_A3_Outline	Haarzweig Umriss 3
FrameHair_A3_Color	Seitensträhnen 5
FrameHair_A3_Gradient	Seitensträhnen 6
Horn2_Outline	Horn Umriss 2
Outer6_Outline	Outfit außen Umriss 6
WingD2_Upper_Color	Flügel 7 .1
Antenna2_Outline	Antenne Umriss 2
TailB5_Outline	Schwanz Umriss 7
HairBang5_Middle_Gradient	Pony >< 10
HairBang1_Middle_Color	Pony >< 1
QuestionMark	Aufkleber Fragezeichen
Horn3_Color	Horn 3
SignSquareText1	Quadratisches Schild Text
Antenna1_Color	Antenne 1
FrameHair_A2_Gradient	Seitensträhnen 4
HairHighlight1_Outline	Haar Highlight Umriss 1 << + 1 >>
TailD1_Color	Schwanz 11
HairBang6_Middle_Outline	Pony >< Umriss 11 + 12
HairBang7_Middle_Gradient	Pony >< 14
HairBang6_Middle_Color	Pony >< 11
HairBang6_Middle_Gradient	Pony >< 12
CapeFront4_Outline	Kapfront | Umriss des Kaps 4
FrameHair_A2_Color	Seitensträhnen 3
FacialHair_A1_Outline	Gesichtsbehaarung A Umriss 1
HairBang1_Middle_Gradient	Pony >< 2
HornM1_Color	Horn vorne >< 1
TailB4_Color	Schwanz 6
TailB2_Color	Schwanz 4
Pigtail_B2_Color	Haarzopf 19
Fin1_Color	Flosse 1
TailB3_Outline	Schwanz Umriss 5
Halo1_Color	Heiligenschein 1
TailB2_Outline	Schwanz Umriss 4
FrameHair_A3_Outline	Seitensträhnen Umriss 5 + 6
FrameHair_B1_Color	Seitensträhnen 23
HairClip7_Color	Haarspange 7
FacialHair_A6_Color	Gesichtsbehaarung A 6
FacialHair_A3_Outline	Gesichtsbehaarung A 3
Halo1_Outline	Heiligenschein Umriss 1
Hairband7_Color	Haarband C 1
Keyboard	Tippen Normal 3
FrameHair_A6_Outline	Seitensträhnen Umriss 11 + 12
VolumeOff	Aufkleber Lautstärke 2
PalmarGlove1_Color	Hand 2 .2
FacialHair_A6_Outline	Gesichtsbehaarung A Umriss 6
TailB1_Outline	Schwanz Umriss 3
Pigtail_A1_Gradient	Haarzopf 2
FrameHair_A4_Gradient	Seitensträhnen 8
KitchenKnife	Küchenmesser
Halo2_Color	Heiligenschein 2
FrameHair_A6_Gradient	Seitensträhnen 12
HairShine5_Color	Haarglanz 9 + 10
FrameHair_B2_Color	Seitensträhnen 25
FacialHair_B1_Outline	Gesichtsbehaarung B Umriss 1
Main3_Outline	Outfit innen Umriss 3
Main4_Outline	Outfit innen Umriss 4
Main7_Outline	Outfit innen Umriss 7
HatA2_Color	Hut 2
Pigtail_C2_Outline	Haarzopf Umriss 23 + 24
Main1_Color	Outfit innen 1
Eyepatch2_Outline	Augenklappen-Umriss 3 + 4
SideHair_Branch_C2_Color	Haarseitenzweig C 2
HairHighlight6_Outline	Haar Highlight >< Umriss 5 + 6
SideHair_Branch_C1_Color	Haarseitenzweig C 1
Eyepatch1_Outline	Augenklappen-Umriss 1 + 2
AlertCoin_Outline	Aufkleber Alert Umriss 3
Eye_Dum_Outline	Augen (Dum) Umriss 1 + 2
FrameHair_Branch_A2_Outline	Haarzweig Umriss 2
Main5_Color	Outfit innen 5
Pompom	Pompon
HairClip10_Outline	Haarspange Umriss 10
WaveHand	Hand winken
HeartItem	Herz
FrameHair_Branch_A2_Color	Haarzweig 2
FrameHair_Branch_A1_Outline	Haarzweig Umriss 1
Eye_Dum_Color	Augenweiß
AlertCoin_Color	Aufkleber Alert 3
Button	Taste
SideHair_Branch_B2_Outline	Haarseitenzweig B Umriss 2
Face_Shadow	Gesichtsschatten
AlertStar_Outline	Aufkleber Alert Umriss 5
Pigtail_C1_Outline	Haarzopf Umriss 21 + 22
AlertHeart_Outline	Aufkleber Alert Umriss 1
AlertLike_Color	Aufkleber Alert 4
AlertStar_Color	Aufkleber Alert 5
Sleep	Aufkleber Schlaf
Square	Tür/Wand | Gefängnis | Decke außen
SideHair_Branch_A2_Color	Haarseitenzweig A 2
Beverage	Getränkebecher 3
HairClip8_Outline	Haarspange Umriss 8
HairClip9_Outline	Haarspange Umriss 9
GiftBox	Geschenk 1
Mecha5_Outline	Mecha Umriss 5
WingC1_Lower_Color	Flügel 5 .2
Gill3_Color	Kieme 1 .3
FacialHair_B6_Outline	Gesichtsbehaarung B Umriss 6
HairClip10_Color	Haarspange 10
SideHair_Branch_B2_Color	Haarseitenzweig B 2
SideHair_Branch_B1_Color	Haarseitenzweig B 1
Bowl	Schüssel
Pigtail_C1_Color	Haarzopf 21
Pigtail_C1_Gradient	Haarzopf 22
HairClip7_Outline	Haarspange Umriss 7
HairHighlight5_Color	Haar Highlight >< 3 + 4
HairClip6_Outline	Haarspange Umriss 6
Bill1	Schnabel 1
LubricantSpray	Spray
Ahoge_A1_Outline	Haare Ahoge Umriss 1
Gill1_Outline	Kiemen Umriss 1 .1
FacialHair_B6_Color	Gesichtsbehaarung B 6 
Heart	Aufkleber Herz
Popper	Konfettikanone
Pencil	Bleistift
Ahoge_A3_Color	Haare Ahoge 3
BeverageCup	Getränkebecher
Mouth_Popcat2	Popcat | Mund 2
HairClip9_Color	Haarspange 9
AlertBits_Color	Aufkleber Alert 6
Seven	Nummer sieben
PhoneFront	Telefon 1
Gill2_Outline	Kiemen Umriss 1 .2
FrameHair_B2_Outline	Seitensträhnen Umriss 25 + 26
NeckwearB7_Outline	Outfit Halsschmuck B Umriss 7
Angry1	Aufkleber Wütend 1
Cup	Tasse
Phone	Telefon 2
Palmar_Outline	Hand 1 .14
FrameHair_B1_Outline	Seitensträhnen Umriss 23 + 24
WingD2_Lower_Color	Flügel 7 .2
HairClip11_Outline	Haarspange Umriss 11
RedPacket	Glücksumschlag 1
HairClip12_Outline	Haarspange Umriss 12
Gill1_Color	Kieme 1 .1
Eye1_Dark	Augeniris dunkel 1 + 2
NeckwearB3_Outline	Outfit Halsschmuck B Umriss 3
LightBulb	Aufkleber Glühbirne
Mecha3_Color	Mecha 3
Mecha6_Outline	Mecha Umriss 6
Ahoge_A1_Color	Haare Ahoge 1
WingA1_Outline	Flügel Umriss 1
RedPacketCoin1	Glücksumschlag 5
SweatBlue	Aufkleber Schweiß Groß
HornF1_Color	Horn vorne 1
Sparkle	Glänzen
Ahoge_A2_Outline	Haare Ahoge Umriss 
FaceFeatureC2	Gesichtsmerkmal C 2
Glove1_Outline	Handschuh Umriss
PalmGlove1_Color	Hand 2 .3
PalmGlove1_Outline	Hand 2 .4
FacialHair_B2_Outline	Gesichtsbehaarung B 2
Mecha6_Color	Mecha 6
CapeFront1_Color	Kapfront 1
HairClip4_Color	Haarspange 4
NeckwearB1_Color	Outfit Halsschmuck B 2
Cheek1	Wange 1
Lubricant	Schmiermittel
Ahoge_A4_Outline	Haare Ahoge Umriss 4
Angry3	Aufkleber Wütend 3
Microphone	Mikrofon
NeckwearB4_Outline	Outfit Halsschmuck B Umriss 4
WingE1_Middle_Outline	Flügel Umriss 8 .2
FacialHair_B2_Color	Gesichtsbehaarung B 2
Collar4_Outline	Outfit Kragen Umriss 4
TailF3_Outline	Schwanz Umriss 17
Donut4	Krapfen 4
Laugh3	Aufkleber Lachen 3
Tear1	Augentränen 1
NeckwearA6_Outline	Outfit Halsschmuck A Umriss 6
Confetti1	Konfetti 4
Eye_Dum_Pupil	Auge (Dum) Pupille
NeckwearB2_Outline	Outfit Halsschmuck B Umriss 1 + 2
FrameHair_B4_Color	Seitensträhnen 29
FrameHair_B4_Gradient	Seitensträhnen 30
NeckwearB6_Outline	Outfit Halsschmuck B Umriss 6
Eye_Popcat_Dark	Dum 3 | Auge | Popcat Standbild 2
HairClip2_Outline	Haarspange Umriss 2
FrameHair_B2_Gradient	Seitensträhnen 26
Hand_Outline	Hand 1 .15
Glove1_Color	Handschuh
NeckwearA1_Outline	Outfit Halsschmuck A Umriss 1
WingE1_Lower_Outline	Flügel Umriss 8 .3
Mouse	Maus
Collar5_Color	Outfit-Kragen innen 5
Tie1_Outline	Outfit Halsschmuck C Umriss 1
Eyebag	Tränensack
WingG1_Outter_Outline	Flügel Umriss 10 .1
Laugh1	Aufkleber Lachen 1
Popcorn	Essen (Popcorn) 2
NeckwearA5_Outline	Outfit Halsschmuck A Umriss 5
BeverageLiquid	Becherflüssigkeit
Eye3_HighlightCry	Auge 3 | Weinen
Eye3_Sparkling	Augenfunkeln 3
Confetti2	Konfetti 5
Eye3_Spiral	Augenspirale 3
FacialHair_B1_Color	Gesichtsbehaarung B 1
PhoneScreenPattern2	Telefonbildschirm 2
VolumeOn	Aufkleber Lautstärke 3
FacialHair_B4_Outline	Gesichtsbehaarung B Umriss 4
Collar5_Outline	Outfit Kragen Umriss 5
WingEL_Lower_WeightTransfer	Flügel >> 15 .3
NeckwearB1_WeightTransfer	Outfit Halsschmuck B 8
FloatingL_WeightTransfer	Mecha >> 7
HairBang_SideL_WeightTransfer	Pony >> 13
FloatingR_WeightTransfer	Mecha << 7
Glasses_WeightTransfer	Brille 4
AhogeA_WeightTransfer	Haare Ahoge 7
BackHair_WeightTransfer	Haare hinten 7
AnimalEarBL_WeightTransfer	Tierohr >> 11
EyepatchA_WeightTransfer	Augenklappe 7
TailD_WeightTransfer	Schwanz 22
HairBang_Middle_WeightTransfer	Pony >< 15
Face_WeightTransfer	Gesichtsmerkmal C 3
NeckwearB2_WeightTransfer	Outfit Halsschmuck B 9
EarringBR_WeightTransfer	Ohrring << 12
EarringBL_WeightTransfer	Ohrring >> 12
NeckwearC_WeightTransfer	Outfit Halsschmuck C 4
HatC_WeightTransfer	Hut 11
TailFSoft_WeightTransfer	Schwanz 25
TailFHard_WeightTransfer	Schwanz 24
EarringAR_WeightTransfer	Ohrring << 11
EarringAL_WeightTransfer	Ohrring >> 11
HatA_WeightTransfer	Hut 9
LegR_WeightTransfer	Bein << 2
LegL_WeightTransfer	Bein >> 2
HatD_WeightTransfer	Hut 12
FrameHair_WeightTransfer	Seitensträhnen >< 
TailE_WeightTransfer	Schwanz 23
TailA_WeightTransfer	Schwanz 19
SideHairB_WeightTransfer	Haare Seite 34
SideHairA_WeightTransfer	Haare Seite 33
PonytailA_WeightTransfer	Haar Pferdeschwanz 15
WingER_Upper_WeightTransfer	Flügel << 15 .1
WingER_Middle_WeightTransfer	Flügel << 15 .2
OutfitOuter_WeightTransfer	Outfit außen 8
WingAL_WeightTransfer	Flügel >> 11
PalmarL_WeightTransfer	Hand >> 3 .5
HeadWingAL_WeightTransfer	Ohrflügel >> 4
BrowL_WeightTransfer	Augenbraue >> 10
BrowR_WeightTransfer	Augenbraue << 10
MustacheA_WeightTransfer	Gesichtsbehaarung B 7
TailC_WeightTransfer	Schwanz 21
FrameHair_BranchL_WeightTransfer	Haarzweig >> 4
HandL_Middle_WeightTransfer	Hand >> 3 .1
HandL_Thumb_WeightTransfer	Hand >> 3 .2
NeckwearA_WeightTransfer	Outfit Halsschmuck A 7
WingER_Lower_WeightTransfer	Flügel << 15 .3
WingEL_Upper_WeightTransfer	Flügel >> 15 .1
WingGL_Outter_WeightTransfer	Flügel >> 17 .1
WingCL_Upper_WeightTransfer	Flügel >> 13 .1
WingGR_Inner_WeightTransfer	Flügel << 17 .2
WingCR_Upper_WeightTransfer	Flügel << 13 .1
EarL_WeightTransfer	Ohr 2 >>
EarR_WeightTransfer	Ohr 2 <<
CapeBack_WeightTransfer	Kap zurück 4
CapeFront_WeightTransfer	Kapfront 7
WingEL_Middle_WeightTransfer	Flügel >> 15 .2
WingFR_Upper_WeightTransfer	Flügel << 16 .1
AntennaR_WeightTransfer	Antenne << 3
AnimalEarAR_WeightTransfer	Tierohr << 10
WingDL_WeightTransfer	Flügel >> 14
AnimalEarCL_WeightTransfer	Tierohr >> 12
WingGL_Inner_WeightTransfer	Flügel >> 17 .2
Halo_WeightTransfer	Heiligenschein 7
FinR_WeightTransfer	Flosse << 2
HatB_WeightTransfer	Hut 10
AnimalEarAL_WeightTransfer	Tierohr >> 10
TailB_WeightTransfer	Schwanz 20
HandL_Little_WeightTransfer	Hand >> 3 .3
HandL_Index_WeightTransfer	Hand >> 3 .4
FinL_WeightTransfer	Flosse >> 2
AntennaL_WeightTransfer	Antenne >> 3
PonytailAR_WeightTransfer	Haarzopf << 25
OutfitInner_WeightTransfer	Outfit innen 9
MustacheB_WeightTransfer	Gesichtsbehaarung B 8
PonytailB_WeightTransfer	Haar Pferdeschwanz 16
HairBandA_WeightTransfer	Haarband A 3
HairBang_SideR_WeightTransfer	Pony << 13
EyepatchB_WeightTransfer	Augenklappe 8
WingFL_Lower_WeightTransfer	Flügel >> 16 .2
WingBL_WeightTransfer	Flügel >> 12
PonytailCL_WeightTransfer	Haarzopf >> 26
HairbandB_WeightTransfer	Haarband B 5
BeardA_WeightTransfer	Gesichtsbehaarung A 9
PonytailAL_WeightTransfer	Haarzopf >> 25
AnimalEarBR_WeightTransfer	Tierohr << 11
EyelashR_WeightTransfer	Auge 4 | Wimpern <<
GillR_WeightTransfer	Kieme << 2
PiercingAL_WeightTransfer	Piercing A >> 6
PiercingAR_WeightTransfer	Piercing A << 6
WingFR_Lower_WeightTransfer	Flügel << 16 .2
WingFL_Upper_WeightTransfer	Flügel >> 16 .1
HairBandC_WeightTransfer	Haarband D 3
HornL_WeightTransfer	Horn >> 8
HornR_WeightTransfer	Horn << 8
EyelashL_WeightTransfer	Auge 4 | Wimpern >>
GillL_WeightTransfer	Kieme >> 2
HornFrontL_WeightTransfer	Horn vorne >> 3
HornFrontR_WeightTransfer	Horn vorne << 3
WingDR_WeightTransfer	Flügel << 14
FrameHair_BranchR_WeightTransfer	Haarzweig << 4
HeadWingAR_WeightTransfer	Ohrflügel << 4
HornFrontM_WeightTransfer	Horn vorne >< 2
WingGR_Outter_WeightTransfer	Flügel << 17 .1
EyeDollarR_WeightTransfer	Augendollar << 4 + 5
EyeHeartL_WeightTransfer	Augenherz >> 4 + 5
EyeHeartR_WeightTransfer	Augenherz << 4 + 5
EyeHighlightCryL_WeightTransfer	Auge 4 + 5 >> | Weinen
EyeHighlightCryR_WeightTransfer	Auge 4 + 5 << | Weinen
EyeL_WeightTransfer	Auge >> 4 + 5
EyeR_WeightTransfer	Auge << 4 + 5
EyeSparklingL_WeightTransfer	Augenfunkeln >> 4 + 5
EyeSparklingR_WeightTransfer	Augenfunkeln << 4 + 5
EyeSpiralL_WeightTransfer	Augenspirale >> 4 + 5
EyeSpiralR_WeightTransfer	Augenspirale << 4 + 5
AnimalEarCR_WeightTransfer	Tierohr << 12
WingAR_WeightTransfer	Flügel << 11
PonytailCR_WeightTransfer	Haarzopf << 26
PiercingBL_WeightTransfer	Piercing B >> 6
PiercingBR_WeightTransfer	Piercing B << 6
HandL_WeightTransfer	Hand >> 3
HandR_Index_WeightTransfer	Hand << 3 .4
HandR_Little_WeightTransfer	Hand << 3 .3
HandR_Middle_WeightTransfer	Hand << 3 .1
HandR_Thumb_WeightTransfer	Hand << 3 .2
HandR_WeightTransfer	Hand << 3
PalmarR_WeightTransfer	Hand << 3 .5
WingCL_Lower_WeightTransfer	Flügel >> 13
WingCR_Lower_WeightTransfer	Flügel << 13
WingBR_WeightTransfer	Flügel << 12
EyeDollarL_WeightTransfer	Augendollar >> 4 + 5
ClownWig	Clown 1
FireA1	Feuer
ElectricFan	Elektrischer Ventilator
Cheese	Käse
ElectricFanBlades	Elektrische Lüfterblätter
Guitar_Outline	Gitarren-Umriss
Guitar_Color1	Gitarrenfarbe 1
PaperFanSticks	Faltfächer 2
PaperFanLeaf	Faltfächer 1
Stool	Hocker
Slipper	Slipper
Guitar_Color2	Gitarrenfarbe 2
WinkStar	Zwinker Stern
ClownNose	Clown 2
Guitar_Color3	Gitarrenfarbe 3
SideHairA7_Color	Haare Seite 13
PonytailA3_Gradient	Haar Pferdeschwanz 6
SideHairA2_Gradient	Haare Seite 4
SideHairB5_Color	Haare Seite 25
SideHairB3_Gradient	Haare Seite 22
PonytailA2_Outline	Haar-Pferdeschwanz-Umriss 3 + 4
PonytailB2_Outline	Haar-Pferdeschwanz-Umriss 13 + 14
PonytailB2_Color	Haar Pferdeschwanz 13
Outer7_Outline	Outfit außen Umriss 7
Outer1_Outline	Outfit außen Umriss 1
Hand_Color	Hand 1
LaptopLight3	Laptop Licht 3
Finger	Reiben Sie 1
Scissor	Schneiden (Schere)
BoopHand	Boop
Trophy	Trophäe 1
ProgressBar	Fortschrittsbalkencontainer
Progress	Fortschrittsbalken füllen
