SpriteName	Es
FaceFeatureB5	Característica de la cara B 5
PiercingA5_Color	Perforación 5
Loading	Cargando pegatinas
Nose3	Nariz 3
CapeFront3_Outline	Frente del Cabo | Esquema del cabo 3
CockroachLeg	Cucaracha 1
EarringA5_Color	Pendiente 5
Eye2_Highlight	Brillo del ojo 2
Angry4	Efecto enojado 4
AnimalEar1_Front_Outline	Orejas de animal Contorno 1
Main5_Outline	Contorno del Outfit interior 5
ExclamationMark	Signo de exclamación
Mouth_Line	Vaso de bebida | Boca
Eye3_Dollar	Ojos de dinero 3
HairShine7_Color	Brillo del cabello 13 + 14
WingG1_Outter_Color	Ala 10 .1
Eye1_Upperlid	Pestañas 1 .1
WingE1_Middle_Color	Ala 8 .2
TailE2_Color	Cola 13
SweatWhite	Gota de Sudor
Collar6_String	Cordón del cuello del Outfit 7
PonytailA5_Color	Cola de caballo de pelo 9
FrameHair_A10_Outline	Mechón frontal Contorno 19
HairBang6_Side_Color	Flequillo 11
SideHairA5_Outline	Contorno del cabello de los lados trasero 9 + 10
SideHairA3_Color	Cabello de los lados trasero 5
FrameHair_A5_Outline	Mechón frontal Contorno 9 + 10
Pigtail_A2_Color	Coleta de pelo 3
SideHairB8_Outline	Contorno del cabello de los lados trasero 31 + 32
SideHairA3_Outline	Contorno del cabello de los lados trasero 5 + 6 
PonytailA1_Color	Cola de caballo de pelo 1
PonytailA5_Gradient	Cola de caballo de pelo 10
BellClapper	Campana 1
EarringA5_Outline	Pendiente Contorno 5
HairShine5_Outline	Contornodel brillo del cabello 10
Nose1	Nariz 1
HairClip5_Color	Pinza para el pelo 5
TailC1_Color	Cola 8
PonytailA5_Outline	Contorno de cola de caballo de pelo 9 + 10
WingB1_Outline	Ala Contorno 4
AlertClick	Efecto de la alerta
HairClip13_Color	Pinza para el pelo 13
SideHairA7_Outline	Contorno del cabello de los lados trasero 13 + 14
SideHairA6_Outline	Contorno del cabello de los lados trasero 11 + 12
CreditCard	Deslizar tarjeta
Hand_Line2	Mano 1 .1
Eye1_Highlight	Brillo del ojo 1
EarringA1_Color	Pendiente 1
Brow1	Ceja 1
FaceFeatureB2	Característica de la cara B 2
CortisolMeter	Danza (bajo cortisol) 2
HairBang1_Side_Outline	Flequillo Contorno 1 + 2
Hairline	Cabello Base 1
EarringB1_Color	Pendiente 6
Palmar_Line2	Mano 1 .2
StrawLiquid_Color	Líquido del vaso 2
Mecha5_Color	Mecha 5
HairClip13_Outline	Pinza para el cabello Contorno 13
EasterEgg3	Pascua de Resurrección 3
Collar3_Outline	Contorno del cuello del Outfit 3
HairHighlight4_Color	Mechas de cabello >< 1 + 2
Tongue2	Boca/Lengua | Lamiendo
FaceFeatureA3	Característica de la cara A 3
AnimalEar4_Outline	Orejas de animal Contorno 4
SideHairB8_Gradient	Cabello de los lados trasero 32
PonytailA4_Outline	Contorno de cola de caballo de pelo 7 + 8
HatD1_Outline	Contorno del sombrero 8
GasBottle	Tanque de Copium
SideHairA2_Outline	Contorno del cabello de los lados trasero 3 + 4
SideHairB5_Outline	Contorno del cabello de los lados trasero 25 + 26
FacialHair_A4_Color	Vello facial A 4
EarringA2_Color	Pendiente 2
Eye3_Light	Brillo del iris 3
AnimalEar1_Back_Outline	Orejas de animal Contorno 1 .1
CapeFront5_Outline	Frente del Cabo | Esquema del cabo 5
SideHairB8_Color	Cabello de los lados trasero 31
HairShine6_Color	Brillo del cabello 11 + 12
Hairband5_Outline	Contorno de Diadema B 3
CapeBack1_Outline	Cabo trasero | Esquema del cabo 1
Halo3_Color	Halo 3
Eye3_Eyelash	Pestañas 3
Leg	Pierna 1
Thumb_Color	Mano 1 .3
HairShine2_Color	Brillo del cabello 3 + 4
Hairband1_Outline	Contorno de Diadema A 1
Brow7	Ceja 7
Palmar_Line1	Mano 1 .4
PiercingA3_Color	Perforación 3
Pigtail_A7_Color	Coleta de pelo 13
SideHairA3_Gradient	Cabello de los lados trasero 6
SideHairA8_Outline	Contorno del cabello de los lados trasero 15 + 16
PonytailA3_Outline	Contorno de cola de caballo de pelo 5 + 6
TailF2_Outline	Contorno de la cola 16
Ear_Outline	Oreja Contorno 1
HairClip11_Color	Pinza para el pelo 11
TailC1_Outline	Contorno de la cola 8
Cheek3	Mejilla 3
Eye_Popcat_Light	Tonto 3 | Ojo | Marco de gato pop
CandleFire	fuego de vela
PiercingA4_Outline	Perforación Contorno 4
NeckwearA2_Color	Accesorios de cuello A 2
little_Color	Mano 1 .5
PiercingA1_Color	Perforación 1
PhoneLight	Luz del teléfono
ShakeLine1	Asustado 1
Eye2_Upperlid	Pestañas 2 .1
NeckwearA3_Color	Accesorios de cuello A 3
Brow9	Ceja 9
EarringA1_Outline	Pendiente Contorno 1
TailA2_Outline	Contorno de la cola 2
Drooling	Drooling
PiercingA4_Color	Perforación 4
PonytailA3_Color	Cola de caballo de pelo 5
PonytailA2_Gradient	Cola de caballo de pelo 4
AnimalEar7_Outline	Orejas de animal Contorno 7
Brow6	Ceja 6
PopperConfetti2	Confeti 2
Swatter	Palmeta matamoscas
Fin1_Outline	Aleta Contorno
HairShine3_Color	Brillo del cabello 5 + 6
TailB1_Color	Cola 3
HammerEffect2	Martillo 2
Mecha1_Outline	Contorno del mecha 1
Pigtail_A4_Outline	Coleta de pelo Contorno 7 + 8
HatC1_Outline	Contorno del sombrero 6 + 7
Pigtail_B1_Color	Coleta de pelo 17
Flash	Destello de pistola
Brow4	Ceja 4
CortisolMeterPointer	Danza (bajo cortisol) 1
Hand_Line1	Mano 1 .6
RedPacketCoin4	Sobre rojo 4
Cheek4	Mejilla 4
FaceFeatureB3	Característica de la cara B 3
Brow2	Ceja 2
StickyNote	Nota adhesiva
Loading_Outline	Cargando pegatinas 2
Collar6_Outline	Contorno del cuello del Outfit 6 + 7
CapeBack3_Color	Cabo trasero 3
SideHairB6_Outline	Contorno del cabello de los lados trasero 27 + 28
PonytailA1_Outline	Contorno de cola de caballo de pelo 1 + 2
PonytailA2_Color	Cola de caballo de pelo 3
SideHairA2_Color	Cabello de los lados trasero 3
GiftBoxLid	Regalo 2
Collar4_Color	Interior del cuello del traje 4
WingE1_Upper_Color	Ala 8 .1
WingA1_Color	Ala 1
FrameHair_B4_Outline	Mechón frontal Contorno 29 + 30
FrameHair_Branch_A1_Color	Rama de cabello 1
SideHairA7_Gradient	Cabello de los lados trasero 14
Wing2_Color	Ala de oreja 2
TailA1_Color	Cola 1
Eye3_Heart	Ojos de corazón 3
FrameHair_A8_Outline	Mechón frontal Contorno 15 + 16
DrawingTablet	Tableta
FaceFeatureA2	Característica de la cara A 2
PiercingA2_Color	Perforación 2
Eye_Popcat_Highlight	Marco de gato pop | Brillo del ojo
Hairband3_Outline	Contorno de Diadema B 1
NeckwearB6_Color	Accesorios de cuello B 6
Mouth_Popcat1	gato pop | Boca 1
Rose	Rosa
HairbandBack2_Outline	Contorno de Diadema D 2
Mecha2_Outline	Contorno del mecha 2
SideHairA8_Gradient	Cabello de los lados trasero 16
NeckwearB7_Color	Accesorios de cuello B 7
Donut3	Rosquilla 3
NeckwearB5_Outline	Contorno del accesorio de cuello B 5
StickyNoteText	Texto de nota adhesiva
SideHairA6_Gradient	Cabello de los lados trasero 12
PonytailA4_Gradient	Cola de caballo de pelo 8
Ahoge_A4_Color	Ahoge 4
Gill2_Color	Branquia 1 .2
FacialHair_A7_Outline	Contorno del vello facial A 7
HatC1_Color	Sombrero 6 + 7
SideHairA5_Color	Cabello de los lados trasero 9
LightStickHandle	Mango del Lightstick
Eye1_Spiral	Espiral en los ojos 1 + 2
EasterEgg2	Pascua de Resurrección 2
EasterEgg1	Pascua de Resurrección 1
HairClip5_Outline	Pinza para el cabello Contorno 5
SideHairA8_Color	Cabello de los lados trasero 15
HairHighlight2_Outline	Mechas de cabello Contorno 2 << + 2 >>
Ahoge_A2_Color	Ahoge 2
SideHairB7_Outline	Contorno del cabello de los lados trasero 29 + 30
AlertBits_Outline	Contorno de la alerta 6
SunGlasses_Frame	Gafas de sol
PonytailA4_Color	Cola de caballo de pelo 7
HairHighlight2_Color	Mechas de cabello 2 << + 2 >>
SideHairA5_Gradient	Cabello de los lados trasero 10
SideHairA6_Color	Cabello de los lados trasero 11
HairbandBack2_Color	Diadema D 2
NeckwearB1_Outline	Contorno del accesorio de cuello B 2
HairClip3_Outline	Pinza para el cabello Contorno 3
Bill2	Billetes 2
Volume	Efecto de Volumen
FrameHair_A1_Color	Mechón frontal 1 
FrameHair_A2_Gradient	Mechón frontal 2 
Pigtail_C2_Color	Coleta de pelo 23
Pigtail_C2_Gradient	Coleta de pelo 24
WingF1_Lower_Outline	Ala Contorno 9 .2
Glasses_Frame3	Anteojos 3
WingA2_Outline	Ala Contorno 2
PalmarGlove1_Outline	Mano 2 .1
Eye1_Sparkling	Ojos chispeantes 1
SideHairB2_Color	Cabello de los lados trasero 19
SideHairB2_Gradient	Cabello de los lados trasero 20
SideHairA1_Outline	Contorno del cabello de los lados trasero 1 + 2
EarringA3_Color	Pendiente 3
EarringA4_Color	Pendiente 4
TailF_Outline	Contorno de la cola 15 + 16 + 17 + 18 + 24 + 25
Halo2_Outline	Contorno del halo 2
HairBang4_Side_Outline	Flequillo Contorno 7 + 8
TailD1_Outline	Contorno de la cola 11
Pigtail_A8_Outline	Coleta de pelo Contorno 15 + 16
HairBang4_Middle_Outline	Flequillo >< Contorno 4
SideHairB2_Outline	Contorno del cabello de los lados trasero 19 + 20
ShakeLine2	Asustado 2
EarringB2_Color	Pendiente 7
TailA2_Color	Cola 2
TailF_Color	Cola 15 + 16 + 17 + 18 + 24 + 25
SideHairB6_Color	Cabello de los lados trasero 27
Controller	Controlador
HairBang3_Middle_Gradient	Flequillo >< 6
HairBang3_Middle_Color	Flequillo >< 5
Horn4_Color	Cuerno 4
HatD1_Color	Sombrero 8
PonytailA1_Gradient	Cola de caballo de pelo 2
SideHairB4_Outline	Contorno del cabello de los lados trasero 23 + 24
SideHairB6_Gradient	Cabello de los lados trasero 28
EarringA4_Outline	Pendiente Contorno 4
PopperConfetti1	Confeti 1
Collar1_Outline	Contorno del cuello del Outfit 1
FacialHair_B5_Outline	Contorno del vello facial B 5
EarringA2_Outline	Pendiente Contorno 2
TailF4_Outline	Contorno de la cola 18
LightStickLight	Lightstick
HatA1_Outline	Contorno del sombrero 1 + 2
SideHairB1_Outline	Contorno del cabello de los lados trasero 17 + 18
HairClip3_Color	Pinza para el pelo 3
NeckwearA4_Color	Accesorios de cuello A 4
NeckwearA5_Color	Accesorios de cuello A 5
WingC1_Lower_Outline	Ala Contorno 5 .2
FrameHair_A2_Outline	Mechón frontal Contorno 3 + 4
HatB1_Outline	Contorno del sombrero 3
MagicWand	Magia
HairBang2_Middle_Color	Flequillo >< 3
HairBang2_Middle_Gradient	Flequillo >< 4
Hairband5_Color	Diadema B 3
TailE2_Outline	Contorno de la cola 13
Brow5	Ceja 5
Tie1_Color	Accesorios de cuello C 1
WingF1_Lower_Color	Ala 9 .2
FrameHair_A4_Outline	Mechón frontal Contorno 7 + 8
PryBar	Palanca
FacialHair_A2_Color	Vello facial A 2
Outer2_Color	Traje exterior 2
Tie3_Outline	Contorno del accesorio de cuello C 3
TailB4_Outline	Contorno de la cola 6
HairShine3_Outline	Contornodel brillo del cabello 6
AlertHeart_Color	Color de la alerta 1
WingD2_Lower_Outline	Ala Contorno 7 .2
SideHairA1_Color	Cabello de los lados trasero 1
HatA1_Color	Sombrero 1 + 2
SideHairB3_Color	Cabello de los lados trasero 21
FrameHair_A11_Gradient	Mechón frontal 22
FrameHair_A11_Color	Mechón frontal 21
SideHairB4_Gradient	Cabello de los lados trasero 24
SideHairA4_Outline	Contorno del cabello de los lados trasero 7 + 8
SideHairA1_Gradient	Cabello de los lados trasero 2
CapeFront2_Color	Frente del Cabo 2
CapeFront5_Color	Frente del Cabo 5
CapeFront2_Outline	Frente del Cabo | Esquema del cabo 2
SideHairB3_Outline	Contorno del cabello de los lados trasero 21 + 22
SideHairB4_Color	Cabello de los lados trasero 23
SideHairB5_Gradient	Cabello de los lados trasero 26
TailB5_Color	Cola 7
WingC1_Upper_Outline	Ala Contorno 5 .1
Mecha3_Outline	Contorno del mecha 3
HairHighlight1_Color	Mechas de cabello 1 << + 1 >> 
LoveLetter	carta de amor
Hairband6_Outline	Contorno de Diadema B 4
MusicalNote1	Nota musical 1
PiercingA2_Outline	Perforación Contorno 2
StrawLiquid_Outline	Vaso de bebida 2
Eyepatch2_Color	parche en el ojo 3 + 4
AnimalEar2_Front_Outline	Orejas de animal Contorno 2
AnimalEar1_Fur_Color	Orejas de animal Pelaje 1
EarringB3_Color	Pendiente 8
Pigtail_A7_Gradient	Coleta de pelo 14
AnimalEar5_Color	Orejas de animal 5
EarringB4_Color	Pendiente 4
HairClip2_Color	Pinza para el pelo 2
Glasses_Lens2	Anteojos Lens 2
HairBang6_Side_Gradient	Flequillo 12
HairBang3_Middle_Outline	Flequillo >< Contorno 5 + 6
AnimalEar9_Outline	Orejas de animal Contorno 9
HatB3_Color	Sombrero 5
PiercingA1_Outline	Perforación Contorno 1
Brow8	Ceja 8
HairClip1_Outline	Pinza para el cabello Contorno 1
Eyepatch1_Color	parche en el ojo 1 + 2
NeckwearA1_Color	Accesorios de cuello A 1
Eye1_Eyelash	Pestañas 1 + 2
ShakeLine3	Asustado 3
WingE1_Upper_Outline	Ala Contorno 8 .1
PopperConfetti3	Confeti 3
Star	Efecto Estrella
HairBang1_Middle_Outline	Flequillo >< Contorno 1 + 2
SideHairA4_Gradient	Cabello de los lados trasero 8
PiercingA3_Outline	Perforación Contorno 3
FaceFeatureB4	Característica de la cara B 4
EarringA3_Outline	Pendiente Contorno 3
TailF4_Color	Cola 18
AnimalEar2_Fur_Color	Orejas de animal Pelaje 2
AnimalEar3_Outline	Orejas de animal Contorno 3
Straw	Vaso de bebida 4
AnimalEar8_Outline	Orejas de animal Contorno 8
AnimalEar6_Color	Orejas de animal 6
TailF3_Color	Cola 17
EarringB5_Outline	Pendiente Contorno 10
HairClip12_Color	Pinza para el pelo 12
Collar6_Color	Interior del cuello del traje 6 + 7
AnimalEar6_Outline	Orejas de animal Contorno 6
AnimalEar3_Color	Orejas de animal 3
Brow3	Ceja 3
Glasses_Lens3	Anteojos Lens 3
EarringB5_Color	Pendiente 10
LaptopLight2	Luz de la computadora portátil 2
PhoneScreenPattern1	Pantalla del teléfono 1
TailF2_Color	Cola 16
LaptopLight1	Luz de la computadora portátil 1
AnimalEar7_Color	Orejas de animal 7
AnimalEar9_Color	Orejas de animal 9
HairBang7_Middle_Outline	Flequillo >< Contorno 13 + 14
Hairband6_Color	Diadema B 4
AnimalEar2_Back_Outline	Orejas de animal Contorno 2 .1
HairClip1_Color	Pinza para el pelo 1
EarringB2_Outline	Pendiente Contorno 7
Middle_Color	Mano 1 .7
AnimalEar5_Outline	Orejas de animal Contorno 5
Hairband2_Color	Diadema A 2
AnimalEar1_Front_Color	Orejas de animal 1
Chopstick	Palillos
AnimalEar2_Front_Color	Orejas de animal 2
EarringB3_Outline	Pendiente Contorno 8
TailF1_Color	Cola 15
AnimalEar4_Color	Orejas de animal 4
HairBang4_Side_Color	Flequillo 7
SideHairB7_Gradient	Cabello de los lados trasero 30
SideHairB1_Color	Cabello de los lados trasero 17
FacialHair_A7_Color	Vello facial A 7
HairClip4_Outline	Pinza para el cabello Contorno 4
EarringB1_Outline	Pendiente Contorno 6
Index_Color	Mano 1 .8
PiercingA5_Outline	Perforación Contorno 5
TailF1_Outline	Contorno de la cola 15
AnimalEar1_Fur_Outline	Orejas de animal Contorno del pelaje 1
TailE3_Color	Cola 14
AnimalEar1_Back_Color	Orejas de animal 1 .1
AnimalEar2_Fur_Outline	Orejas de animal Contorno del pelaje 2
CupSteam	Vapor de la taza
AnimalEar2_Back_Color	Orejas de animal 2 .1
AnimalEar8_Color	Orejas de animal 8
EarringB4_Outline	Pendiente Contorno 9
FacialHair_A8_Outline	Contorno del vello facial A 8
SideHairB7_Color	Cabello de los lados trasero 29
SideHairA4_Color	Cabello de los lados trasero 7
SideHairB1_Gradient	Cabello de los lados trasero 18
BackHair3_Color	Pelo trasero 5
Pigtail_A5_Color	Coleta de pelo 9
Pigtail_A5_Gradient	Coleta de pelo 10
Pigtail_A2_Outline	Coleta de pelo Contorno 3 + 4
HairShine6_Outline	Contornodel brillo del cabello 12
Antenna1_Outline	Antena Contorno 1
AlertLike_Outline	Contorno de la alerta 4
FacialHair_A5_Outline	Contorno del vello facial A 5
Horn5_Outline	Cuerno Contorno 5
FrameHair_A8_Color	Mechón frontal 15
FrameHair_A8_Gradient	Mechón frontal 16
FrameHair_Top_Color	Mechón frontal top
HairBang5_Middle_Color	Flequillo >< 9
HairShine1_Outline	Contornodel brillo del cabello 2
WingG1_Inner_Outline	Ala Contorno 10 .2
VideoCamera	Cámara de video
FrameHair_A7_Gradient	Mechón frontal 14
FrameHair_A7_Color	Mechón frontal 13
Index_Outline	Mano 1 .9
Mouth	Boca
TailC3_Outline	Contorno de la cola 10
Wing2_Outline	Ala de oreja Contorno 2
Wing1_Color	Ala de oreja Contorno 1
WingC1_Upper_Color	Ala Contorno 5 .1
Main7_Color	Outfit interior 7
HairHighlight3_Color	Mechas de cabello 3 << + 3 >>
HairHighlight4_Outline	Mechas de cabello >< Contorno 1 + 2
ErrorPopup	Deja de funcionar
TrashBinLid	Papelera 2
BackHair1_Outline	Contorno del pelo trasero 1 + 2
BackHair2_Outline	Contorno del pelo trasero 3 + 4
Horn6_Color	Cuerno 6
HairBang7_Middle_Color	Flequillo >< 13
little_Outline	Mano 1 .10
HornF1_Outline	Frente de bocina Contorno 1
TailC2_Outline	Contorno de la cola 9
Outer2_Outline	Contorno del traje exterior 2
BackHair3_Outline	Contorno del pelo trasero 5 + 6
Tongue_Shadow	Sombra de lengua
Blush	Rubor
FacialHair_B5_Color	Vello facial B 5 
Knife	Babeando (tenedor y cuchillo) 2
HairBang3_Side_Outline	Flequillo Contorno 5 + 6
HairBang5_Side_Outline	Flequillo Contorno 9 + 10
Horn7_Outline	Cuerno Contorno 7
PopcornBucket	Comer (palomitas de maíz) 1
Pigtail_A3_Outline	Coleta de pelo Contorno 5 + 6
Collar7_Color	Interior del cuello del traje 8
Hairband3_Color	Diadema B 1
Hammer	Martillo
TailE3_Outline	Contorno de la cola 14
HairBang6_Side_Outline	Flequillo Contorno 11 + 12
HairBang2_Side_Outline	Flequillo Contorno 3 + 4
HairShine7_Outline	Contornodel brillo del cabello 14
EyepatchBandage_Color	parche en el ojo 5 + 6
EyepatchBandage_Outline	Contorno del parche 5 + 6
HairbandBack1_Color	Diadema D 1
Hairband4_Outline	Contorno de Diadema B 2
KeyboardKeyA	Escribiendo normal 1
Thumb_Outline	Mano 1 .11
FacialHair_B3_Color	Vello facial B 3
Hairband2_Outline	Contorno de Diadema A 2
HairbandBack1_Outline	Contorno de Diadema D 1
TailB3_Color	Cola 5
FrameHair_A7_Outline	Mechón frontal Contorno 13 + 14
FrameHair_A10_Color	Mechón frontal 19
FrameHair_A10_Gradient	Mechón frontal 20
FrameHair_A11_Outline	Mechón frontal Contorno 21 + 22
FrameHair_A9_Color	Mechón frontal 17
FacialHair_A3_Color	Vello facial A 3
BackHair1_Color	Pelo trasero 1
Laptop	Computadora portátil
SignRound	Señal redonda
HairBang1_Side_Color	Flequillo 1
HairBang4_Side_Gradient	Flequillo 8
HairBang5_Side_Color	Flequillo 9
BackHair2_Color	Pelo trasero 3
Pigtail_A6_Outline	Coleta de pelo Contorno 11 + 12
Pigtail_A7_Outline	Coleta de pelo Contorno 13 + 14
Watermelon	Comer (sandía)
Cheek2	Mejilla 2
HairClip6_Color	Pinza para el pelo 6
Spoon	Arrive (with Spoon)
Tape	Cinta
HatB2_Outline	Contorno del sombrero 4
HairShine2_Outline	Contornodel brillo del cabello 4
HairBang1_Side_Gradient	Flequillo 2
HairBang2_Side_Color	Flequillo 3
HairBang5_Side_Gradient	Flequillo 10
BackHair2_Gradient	Pelo trasero 4
FrameHair_B3_Outline	Mechón frontal Contorno 28
FaceFeatureC1	Característica de la cara C 1
Pigtail_A8_Color	Coleta de pelo 15
NeckwearB4_Color	Accesorios de cuello B 4
WingE1_Lower_Color	Ala 8 .3
PhoneScreen	Pantalla del teléfono 3
AngrySteam	Efecto Vapor
Outer1_Color	Traje exterior 1
SideHair_Branch_C2_Outline	Rama lateral del cabello C Contorno 2
Hairband4_Color	Diadema B 2
Pigtail_A3_Color	Coleta de pelo 5
BackHair3_Gradient	Pelo trasero 6
HairBang2_Side_Gradient	Flequillo 4
PixelSunglasses	Gafas de sol de píxeles
HatB1_Color	Sombrero 3
FacialHair_B3_Outline	Contorno del vello facial B 3
CapeBack1_Color	Cabo trasero 1
HairShine1_Color	Brillo del cabello 1 + 2
Palmar_Color	Mano 1 .12
Ahoge_B1_Color	Ahoge 5
HatA2_Outline	Contorno del sombrero 2
Pigtail_A5_Outline	Coleta de pelo Contorno 9 + 10
Pigtail_A3_Gradient	Coleta de pelo 6
HairBang3_Side_Color	Flequillo 5
HairBang3_Side_Gradient	Flequillo 6
HairShine4_Outline	Contornodel brillo del cabello 8
BackHair1_Gradient	Pelo trasero 2
SignSquare	Señal cuadrada
Horn4_Outline	Cuerno 4
PonytailB1_Gradient	Cola de caballo de pelo 12
PonytailB1_Color	Cola de caballo de pelo 11
FrameHair_A1_Outline	Mechón frontal Contorno 1 + 2
Collar7_Outline	Contorno del cuello del Outfit 8
NeckwearA3_Outline	Contorno del accesorio de cuello A 3
NeckwearA2_Outline	Contorno del accesorio de cuello A 2
TailA1_Outline	Contorno de la cola 1
Horn3_Outline	Cuerno Contorno 3
Pigtail_A8_Gradient	Coleta de pelo 16
SunglassesReflection	Reflejo de gafas de sol
NeckwearA6_Color	Accesorios de cuello A 6
Tie2_Outline	Contorno del accesorio de cuello C 2
Halo4_Color	Halo 5 + 6
FrameHair_A6_Color	Mechón frontal 11
Middle_Outline	Mano 1 .13
RedPacketCoin2	Sobre rojo 3
NeckwearB5_Color	Accesorios de cuello B 5
Eye1_HighlightCry	Ojo 1 | Llorar
Collar3_Color	Interior del cuello del traje 3
TailC3_Color	Cola 10
ElfEar_Color	Oreja 1.1
Surprise	Efecto Sorpresa
Gill3_Outline	Contorno de la branquia 1 .3
Pigtail_A4_Gradient	Coleta de pelo 8
Pigtail_A1_Color	Coleta de pelo 1
Eye_U	Dormir (UU)
Cockroach	Cucaracha
Halo3_Outline	Contorno del halo 3
Wing3_Outline	Ala de oreja Contorno 3
Halo4_Outline	Contorno del halo 5 + 6
Wing3_Color	Ala de oreja 3
WingD1_Outline	Ala Contorno 6
FacialHair_A1_Color	Vello facial A 1
Ghost	Efecto Fantasma
Hairband7_Outline	Contorno de Diadema C 1
Horn6_Outline	Cuerno Contorno 6
HairHighlight3_Outline	Mechas de cabello Contorno 3 << + 3 >>
Glasses_Frame2	Anteojos 2
NeckwearA4_Outline	Contorno del accesorio de cuello A 4
Ear_Color	Oreja 1
HatB2_Color	Sombrero 4
FacialHair_A4_Outline	Contorno del vello facial A 4
PonytailB1_Outline	Contorno de cola de caballo de pelo 11 + 12
Collar1_Color	Interior del cuello del traje 1
CapeBack3_Outline	Cabo trasero | Esquema del cabo 3
Pigtail_A1_Outline	Coleta de pelo Contorno 1 + 2
Tie2_Color	Accesorios de cuello C 2
TailE1_Color	Cola 12
PatHand	Mano de la palmadita
Main6_Outline	Contorno del Outfit interior 6
Pigtail_A6_Color	Coleta de pelo 11
Card	Contrarrestar
FacialHair_A8_Color	Vello facial A 8
CapeBack2_Outline	Cabo trasero | Esquema del cabo 2
CapeFront6_Color	Frente del Cabo 6
PonytailB2_Gradient	Cola de caballo de pelo 14
Megaphone	Megáfono
Glasses_Frame1	Anteojos 1
Pigtail_B1_Outline	Coleta de pelo Contorno 17 + 18
Eye1_Dollar	Ojos de dinero 1 + 2
FaceFeatureA1	Característica de la cara A 1
Eye1_Heart	Ojos de corazón 1 + 2
Collar2_Color	Interior del cuello del traje 2
Pigtail_A6_Gradient	Coleta de pelo 12
FrameHair_B3_Gradient	Mechón frontal 28
FrameHair_B3_Color	Mechón frontal 27
FrameHair_TopBack_Outline	Mechón frontal top Contorno 2
Horn5_Color	Cuerno 5
Fork	Babeando (tenedor y cuchillo) 1
SteeringWheel	Volante
Hairband1_Color	Diadema A 1
HatB3_Outline	Contorno del sombrero 5
FrameHair_A4_Color	Mechón frontal 7
NeckwearB3_Color	Accesorios de cuello B 3
HammerEffect1	Martillo 1
HairHighlight6_Color	Mechas de cabello >< 5 + 6
Pigtail_B2_Outline	Coleta de pelo Contorno 19 + 20
WingF1_Upper_Outline	Ala Contorno 9 .1
Pigtail_A2_Gradient	Coleta de pelo 4
RedPacketCoin3	Sobre rojo 2
FrameHair_A9_Gradient	Mechón frontal 18
TrashBin	Papelera 1
FacialHair_A2_Outline	Contorno del vello facial A 2
Tongue1	Lamiendo | Lengua
HairShine4_Color	Brillo del cabello 7 + 8
Toilet	Baño
FrameHair_A5_Gradient	Mechón frontal 10
CapeFront6_Outline	Frente del Cabo | Esquema del cabo 6
FrameHair_A5_Color	Mechón frontal 9
CapeBack2_Color	Cabo trasero 2
SunGlasses_Lens	Gafas de sol Lens
FrameHair_A9_Outline	Mechón frontal Contorno 17 + 18
Main8_Outline	Contorno del Outfit interior 8
Pigtail_A4_Color	Coleta de pelo 7
KeyboardKeyB	Escribiendo normal 2
Tie3_Color	Accesorios de cuello C 3
Nose2	Nariz 2
FacialHair_A5_Color	Vello facial A 5
AlertCustom_Color	Color de la alerta 2
AlertCustom_Outline	Contorno de la alerta 2
SideHair_Branch_A2_Outline	Rama lateral del cabello A Contorno 2
Horn1_Color	Cuerno 1
Outer3_Outline	Contorno del traje exterior 3
SideHair_Branch_B1_Outline	Rama lateral del cabello B Contorno 1
ElfEar_Outline	Oreja Contorno 1.1
Outer4_Color	Traje exterior 4
Outer3_Color	Traje exterior 3
HairHighlight5_Outline	Mechas de cabello >< Contorno 3 +4
SideHair_Branch_C1_Outline	Rama lateral del cabello C Contorno 1
Stylus	Aguja
Tear2_Outline	Lágrima del ojo 3
Donut1	Rosquilla 1
Donut2	Rosquilla 2
SideHair_Branch_A1_Outline	Rama lateral del cabello A Contorno 1
Eye1_Light	Brillo del iris 1 + 2
Angry2	Efecto enojado 2
WingF1_Upper_Color	Ala 9 .1
NeckwearB2_Color	Accesorios de cuello B 1 + 2
SideHair_Branch_A1_Color	Rama lateral del cabello A 1
SignRoundText1	Texto de la señal redonda
Collar2_Outline	Contorno del cuello del Outfit 2
MusicalNote2	Nota musical 2
FacialHair_B4_Color	Vello facial B 4
Mecha2_Color	Mecha 2
Six	numero seis
PointHand	Punto de la mano
HairClip8_Color	Pinza para el pelo 8
FaceFeatureB1	Característica de la cara B 1
Pigtail_B2_Gradient	Coleta de pelo 20
Main8_Color	Outfit interior 8
Tear2_Color	Lágrima del ojo 2
Eye3_Dark	Iris Oscuro 3
Outer4_Outline	Contorno del traje exterior 4
Glasses_Lens1	Anteojos Lens 1
WingA3_Outline	Ala Contorno 3
Ahoge_B2_Color	Ahoge 6
CapeFront1_Outline	Frente del Cabo | Esquema del cabo 1
Cake	Pastel
WingD1_Color	Ala 6
Pigtail_B1_Gradient	Coleta de pelo 18
Outer7_Color	Traje exterior 7
Ahoge_B1_Outline	Contorno del Ahoge 5
HornM1_Outline	Frente de bocina >< Contorno 1
HornF2_Color	Frente de bocina 2
CapeFront4_Color	Frente del Cabo 4
FrameHair_Branch_A3_Color	Rama de cabello 3
Main2_Outline	Contorno del Outfit interior 2
Wing1_Outline	Ala de oreja Contorno 1
WingD2_Upper_Outline	Ala Contorno 7 .1
Mecha4_Color	Mecha 4
Horn1_Outline	Cuerno Contorno 1
WingA2_Color	Ala 2
EasterEggBasket	Pascua de Resurrección 4
Mecha4_Outline	Contorno del mecha 4
Antenna2_Color	Antena 2
Mecha1_Color	Mecha 1
Ahoge_A3_Outline	Contorno del Ahoge 3
Main1_Outline	Contorno del Outfit interior 1
Horn2_Color	Cuerno 2
HairBang4_Middle_Gradient	Flequillo >< 8
CapeFront3_Color	Frente del Cabo 3
Notepad	Bloc de notas
Outer5_Color	Traje exterior 5
WingA3_Color	Ala 3
WingB1_Color	Ala 4
Pistol	Pistola
Horn7_Color	Cuerno 7
Bottle	batido de coca cola
Outer6_Color	Traje exterior 6
Laugh2	Efecto Risa 2
FrameHair_B1_Gradient	Mechón frontal 24
Outer5_Outline	Contorno del traje exterior 5
FrameHair_Top_Outline	Mechón frontal top Contorno
WingG1_Inner_Color	Ala 10 .2
HairBang5_Middle_Outline	Flequillo >< Contorno 9 + 10
Beer	Salud
HairBang4_Middle_Color	Flequillo >< 7
TailE1_Outline	Contorno de la cola 12
TailC2_Color	Cola 9
HornF2_Outline	Cuerno Contorno 9
HairBang2_Middle_Outline	Flequillo >< Contorno 3 + 4
Ahoge_B2_Outline	Contorno del Ahoge 6
Bell	Campana 2
FrameHair_Branch_A3_Outline	Rama de cabello Contorno 3
FrameHair_A3_Color	Mechón frontal 5
FrameHair_A3_Gradient	Mechón frontal 6
Horn2_Outline	Cuerno Contorno 2
Outer6_Outline	Contorno del traje exterior 6
WingD2_Upper_Color	Ala 7 .1
Antenna2_Outline	Antena Contorno 2
TailB5_Outline	Contorno de la cola 7
HairBang5_Middle_Gradient	Flequillo >< 10
HairBang1_Middle_Color	Flequillo >< 1
QuestionMark	Signo de interrogación
Horn3_Color	Cuerno 3
SignSquareText1	Texto de la señal cuadrada
Antenna1_Color	Antena 1
FrameHair_A2_Gradient	Mechón frontal 4
HairHighlight1_Outline	Mechas de cabello Contorno 1 << + 1 >>
TailD1_Color	Cola 11
HairBang6_Middle_Outline	Flequillo >< Contorno 11 + 12
HairBang7_Middle_Gradient	Flequillo >< 14
HairBang6_Middle_Color	Flequillo >< 11
HairBang6_Middle_Gradient	Flequillo >< 12
CapeFront4_Outline	Frente del Cabo | Esquema del cabo 4
FrameHair_A2_Color	Mechón frontal 3
FacialHair_A1_Outline	Contorno del vello facial A 1
HairBang1_Middle_Gradient	Flequillo >< 2
HornM1_Color	Frente de bocina >< 1
TailB4_Color	Cola 6
TailB2_Color	Cola 4
Pigtail_B2_Color	Coleta de pelo 19
Fin1_Color	Aleta 1
TailB3_Outline	Contorno de la cola 5
Halo1_Color	Halo 1
TailB2_Outline	Contorno de la cola 4
FrameHair_A3_Outline	Mechón frontal Contorno 5 + 6
FrameHair_B1_Color	Mechón frontal 23
HairClip7_Color	Pinza para el pelo 7
FacialHair_A6_Color	Vello facial A 6
FacialHair_A3_Outline	Vello facial A 3
Halo1_Outline	Contorno del halo 1
Hairband7_Color	Diadema C 1
Keyboard	Escribiendo normal 3
FrameHair_A6_Outline	Mechón frontal Contorno 11 + 12
VolumeOff	Efecto de Volumen 2
PalmarGlove1_Color	Mano 2 .2
FacialHair_A6_Outline	Contorno del vello facial A 6
TailB1_Outline	Contorno de la cola 3
Pigtail_A1_Gradient	Coleta de pelo 2
FrameHair_A4_Gradient	Mechón frontal 8
KitchenKnife	Cuchillo de cocina
Halo2_Color	Halo 2
FrameHair_A6_Gradient	Mechón frontal 12
HairShine5_Color	Brillo del cabello 9 + 10
FrameHair_B2_Color	Mechón frontal 25
FacialHair_B1_Outline	Contorno del vello facial B 1
Main3_Outline	Contorno del Outfit interior 3
Main4_Outline	Contorno del Outfit interior 4
Main7_Outline	Contorno del Outfit interior 7
HatA2_Color	Sombrero 2
Pigtail_C2_Outline	Coleta de pelo Contorno 23 + 24
Main1_Color	Outfit interior 1
Eyepatch2_Outline	Contorno del parche 3 + 4
SideHair_Branch_C2_Color	Rama lateral del cabello C 2
HairHighlight6_Outline	Mechas de cabello >< Contorno 5 + 6
SideHair_Branch_C1_Color	Rama lateral del cabello C 1
Eyepatch1_Outline	Contorno del parche 1 + 2
AlertCoin_Outline	Contorno de la alerta 3
Eye_Dum_Outline	Contorno de ojo (tonto) 1 + 2
FrameHair_Branch_A2_Outline	Rama de cabello Contorno 2
Main5_Color	Outfit interior 5
Pompom	Pompón
HairClip10_Outline	Pinza para el cabello Contorno 10
WaveHand	Mano ondulada
HeartItem	Corazón
FrameHair_Branch_A2_Color	Rama de cabello 2
FrameHair_Branch_A1_Outline	Rama de cabello Contorno 1
Eye_Dum_Color	Ojo blanco
AlertCoin_Color	Color de la alerta 3
Button	Botón
SideHair_Branch_B2_Outline	Rama lateral del cabello B Contorno 2
Face_Shadow	Sombra de la cara
AlertStar_Outline	Contorno de la alerta 5
Pigtail_C1_Outline	Coleta de pelo Contorno 21 + 22
AlertHeart_Outline	Contorno de la alerta 1
AlertLike_Color	Color de la alerta 4
AlertStar_Color	Color de la alerta 5
Sleep	Efecto Dormir
Square	Puerta/Pared | Barrotes de la cárcel | Manta exterior
SideHair_Branch_A2_Color	Rama lateral del cabello A 2
Beverage	Vaso de bebida 3
HairClip8_Outline	Pinza para el cabello Contorno 8
HairClip9_Outline	Pinza para el cabello Contorno 9
GiftBox	Regalo 1
Mecha5_Outline	Contorno del mecha 5
WingC1_Lower_Color	Ala 5 .2
Gill3_Color	Branquia 1 .3
FacialHair_B6_Outline	Contorno del vello facial B 6
HairClip10_Color	Pinza para el pelo 10
SideHair_Branch_B2_Color	Rama lateral del cabello B 2
SideHair_Branch_B1_Color	Rama lateral del cabello B 1
Bowl	Bol
Pigtail_C1_Color	Coleta de pelo 21
Pigtail_C1_Gradient	Coleta de pelo 22
HairClip7_Outline	Pinza para el cabello Contorno 7
HairHighlight5_Color	Mechas de cabello >< 3 + 4
HairClip6_Outline	Pinza para el cabello Contorno 6
Bill1	Billetes 1
LubricantSpray	Pulverización
Ahoge_A1_Outline	Contorno del Ahoge 1
Gill1_Outline	Contorno de la branquia 1 .1
FacialHair_B6_Color	Vello facial B 6 
Heart	Efecto Corazón
Popper	Corchete
Pencil	Lápiz
Ahoge_A3_Color	Ahoge 3
BeverageCup	Vaso de bebida
Mouth_Popcat2	gato pop | Boca 2
HairClip9_Color	Pinza para el pelo 9
AlertBits_Color	Color de la alerta 6
Seven	numero siete
PhoneFront	Teléfono 1
Gill2_Outline	Contorno de la branquia 1 .2
FrameHair_B2_Outline	Mechón frontal Contorno 25 + 26
NeckwearB7_Outline	Contorno del accesorio de cuello B 7
Angry1	Efecto enojado 1
Cup	Taza
Phone	Teléfono 2
Palmar_Outline	Mano 1 .14
FrameHair_B1_Outline	Mechón frontal Contorno 23 + 24
WingD2_Lower_Color	Ala 7 .2
HairClip11_Outline	Pinza para el cabello Contorno 11
RedPacket	Sobre rojo 1
HairClip12_Outline	Pinza para el cabello Contorno 12
Gill1_Color	Branquia 1 .1
Eye1_Dark	Iris Oscuro 1 + 2
NeckwearB3_Outline	Contorno del accesorio de cuello B 3
LightBulb	Vinilo Bombilla
Mecha3_Color	Mecha 3
Mecha6_Outline	Contorno del mecha 6
Ahoge_A1_Color	Ahoge 1
WingA1_Outline	Ala Contorno 1
RedPacketCoin1	Sobre rojo 5
SweatBlue	Gota de Sudor Grande
HornF1_Color	Frente de bocina 1
Sparkle	Destello
Ahoge_A2_Outline	Contorno del Ahoge 
FaceFeatureC2	Característica de la cara C 2
Glove1_Outline	Guante Contorno
PalmGlove1_Color	Mano 2 .3
PalmGlove1_Outline	Mano 2 .4
FacialHair_B2_Outline	Vello facial B 2
Mecha6_Color	Mecha 6
CapeFront1_Color	Frente del Cabo 1
HairClip4_Color	Pinza para el pelo 4
NeckwearB1_Color	Accesorios de cuello B 2
Cheek1	Mejilla 1
Lubricant	Lubricante
Ahoge_A4_Outline	Contorno del Ahoge 4
Angry3	Efecto enojado 3
Microphone	Micrófono
NeckwearB4_Outline	Contorno del accesorio de cuello B 4
WingE1_Middle_Outline	Ala Contorno 8 .2
FacialHair_B2_Color	Vello facial B 2
Collar4_Outline	Contorno del cuello del Outfit 4
TailF3_Outline	Contorno de la cola 17
Donut4	Rosquilla 4
Laugh3	Efecto Risa 3
Tear1	Lágrima del ojo 1
NeckwearA6_Outline	Contorno del accesorio de cuello A 6
Confetti1	Confeti 4
Eye_Dum_Pupil	 Pupila (tonta)
NeckwearB2_Outline	Contorno del accesorio de cuello B 1 + 2
FrameHair_B4_Color	Mechón frontal 29
FrameHair_B4_Gradient	Mechón frontal 30
NeckwearB6_Outline	Contorno del accesorio de cuello B 6
Eye_Popcat_Dark	Tonto 3 | Ojo | Marco de gato pop 2
HairClip2_Outline	Pinza para el cabello Contorno 2
FrameHair_B2_Gradient	Mechón frontal 26
Hand_Outline	Mano 1 .15
Glove1_Color	Guante
NeckwearA1_Outline	Contorno del accesorio de cuello A 1
WingE1_Lower_Outline	Ala Contorno 8 .3
Mouse	Ratón
Collar5_Color	Interior del cuello del traje 5
Tie1_Outline	Contorno del accesorio de cuello C 1
Eyebag	Ojeras
WingG1_Outter_Outline	Ala Contorno 10 .1
Laugh1	Efecto Risa 1
Popcorn	Comer (palomitas de maíz) 2
NeckwearA5_Outline	Contorno del accesorio de cuello A 5
BeverageLiquid	Líquido del vaso
Eye3_HighlightCry	Ojo 3 | Llorar
Eye3_Sparkling	Ojos chispeantes 3
Confetti2	Confeti 5
Eye3_Spiral	Espiral en los ojos 3
FacialHair_B1_Color	Vello facial B 1
PhoneScreenPattern2	Pantalla del teléfono 2
VolumeOn	Efecto de Volumen 3
FacialHair_B4_Outline	Contorno del vello facial B 4
Collar5_Outline	Contorno del cuello del Outfit 5
WingEL_Lower_WeightTransfer	Ala >> 15 .3
NeckwearB1_WeightTransfer	Accesorios de cuello B 8
FloatingL_WeightTransfer	Mecha >> 7
HairBang_SideL_WeightTransfer	Flequillo >> 13
FloatingR_WeightTransfer	Mecha << 7
Glasses_WeightTransfer	Anteojos 4
AhogeA_WeightTransfer	Ahoge 7
BackHair_WeightTransfer	Pelo trasero 7
AnimalEarBL_WeightTransfer	Orejas de animal >> 11
EyepatchA_WeightTransfer	parche en el ojo 7
TailD_WeightTransfer	Cola 22
HairBang_Middle_WeightTransfer	Flequillo >< 15
Face_WeightTransfer	Característica de la cara C 3
NeckwearB2_WeightTransfer	Accesorios de cuello B 9
EarringBR_WeightTransfer	Pendiente << 12
EarringBL_WeightTransfer	Pendiente >> 12
NeckwearC_WeightTransfer	Accesorios de cuello C 4
HatC_WeightTransfer	Sombrero 11
TailFSoft_WeightTransfer	Cola 25
TailFHard_WeightTransfer	Cola 24
EarringAR_WeightTransfer	Pendiente << 11
EarringAL_WeightTransfer	Pendiente >> 11
HatA_WeightTransfer	Sombrero 9
LegR_WeightTransfer	Pierna << 2
LegL_WeightTransfer	Pierna >> 2
HatD_WeightTransfer	Sombrero 12
FrameHair_WeightTransfer	Mechón frontal >< 
TailE_WeightTransfer	Cola 23
TailA_WeightTransfer	Cola 19
SideHairB_WeightTransfer	Cabello de los lados trasero 34
SideHairA_WeightTransfer	Cabello de los lados trasero 33
PonytailA_WeightTransfer	Cola de caballo de pelo 15
WingER_Upper_WeightTransfer	Ala << 15 .1
WingER_Middle_WeightTransfer	Ala << 15 .2
OutfitOuter_WeightTransfer	Traje exterior 8
WingAL_WeightTransfer	Ala >> 11
PalmarL_WeightTransfer	Mano >> 3 .5
HeadWingAL_WeightTransfer	Ala de oreja >> 4
BrowL_WeightTransfer	Ceja >> 10
BrowR_WeightTransfer	Ceja << 10
MustacheA_WeightTransfer	Vello facial B 7
TailC_WeightTransfer	Cola 21
FrameHair_BranchL_WeightTransfer	Rama de cabello >> 4
HandL_Middle_WeightTransfer	Mano >> 3 .1
HandL_Thumb_WeightTransfer	Mano >> 3 .2
NeckwearA_WeightTransfer	Accesorios de cuello A 7
WingER_Lower_WeightTransfer	Ala << 15 .3
WingEL_Upper_WeightTransfer	Ala >> 15 .1
WingGL_Outter_WeightTransfer	Ala >> 17 .1
WingCL_Upper_WeightTransfer	Ala >> 13 .1
WingGR_Inner_WeightTransfer	Ala << 17 .2
WingCR_Upper_WeightTransfer	Ala << 13 .1
EarL_WeightTransfer	Oreja 2 >>
EarR_WeightTransfer	Oreja 2 <<
CapeBack_WeightTransfer	Cabo trasero 4
CapeFront_WeightTransfer	Frente del Cabo 7
WingEL_Middle_WeightTransfer	Ala >> 15 .2
WingFR_Upper_WeightTransfer	Ala << 16 .1
AntennaR_WeightTransfer	Antena << 3
AnimalEarAR_WeightTransfer	Orejas de animal << 10
WingDL_WeightTransfer	Ala >> 14
AnimalEarCL_WeightTransfer	Orejas de animal >> 12
WingGL_Inner_WeightTransfer	Ala >> 17 .2
Halo_WeightTransfer	Halo 7
FinR_WeightTransfer	Aleta << 2
HatB_WeightTransfer	Sombrero 10
AnimalEarAL_WeightTransfer	Orejas de animal >> 10
TailB_WeightTransfer	Cola 20
HandL_Little_WeightTransfer	Mano >> 3 .3
HandL_Index_WeightTransfer	Mano >> 3 .4
FinL_WeightTransfer	Aleta >> 2
AntennaL_WeightTransfer	Antena >> 3
PonytailAR_WeightTransfer	Coleta de pelo << 25
OutfitInner_WeightTransfer	Outfit interior 9
MustacheB_WeightTransfer	Vello facial B 8
PonytailB_WeightTransfer	Cola de caballo de pelo 16
HairBandA_WeightTransfer	Diadema A 3
HairBang_SideR_WeightTransfer	Flequillo << 13
EyepatchB_WeightTransfer	parche en el ojo 8
WingFL_Lower_WeightTransfer	Ala >> 16 .2
WingBL_WeightTransfer	Ala >> 12
PonytailCL_WeightTransfer	Coleta de pelo >> 26
HairbandB_WeightTransfer	Diadema B 5
BeardA_WeightTransfer	Vello facial A 9
PonytailAL_WeightTransfer	Coleta de pelo >> 25
AnimalEarBR_WeightTransfer	Orejas de animal << 11
EyelashR_WeightTransfer	Ojo 4 | Pestañas <<
GillR_WeightTransfer	Branquia << 2
PiercingAL_WeightTransfer	Perforación A >> 6
PiercingAR_WeightTransfer	Perforación A << 6
WingFR_Lower_WeightTransfer	Ala << 16 .2
WingFL_Upper_WeightTransfer	Ala >> 16 .1
HairBandC_WeightTransfer	Diadema D 3
HornL_WeightTransfer	Cuerno >> 8
HornR_WeightTransfer	Cuerno << 8
EyelashL_WeightTransfer	Ojo 4 | Pestañas >>
GillL_WeightTransfer	Branquia >> 2
HornFrontL_WeightTransfer	Frente de bocina >> 3
HornFrontR_WeightTransfer	Frente de bocina << 3
WingDR_WeightTransfer	Ala << 14
FrameHair_BranchR_WeightTransfer	Rama de cabello << 4
HeadWingAR_WeightTransfer	Ala de oreja << 4
HornFrontM_WeightTransfer	Frente de bocina >< 2
WingGR_Outter_WeightTransfer	Ala << 17 .1
EyeDollarR_WeightTransfer	Ojos de dinero << 4 + 5
EyeHeartL_WeightTransfer	Ojos de corazón >> 4 + 5
EyeHeartR_WeightTransfer	Ojos de corazón << 4 + 5
EyeHighlightCryL_WeightTransfer	Ojo 4 + 5 >> | Llorar
EyeHighlightCryR_WeightTransfer	Ojo 4 + 5 << | Llorar
EyeL_WeightTransfer	Ojo >> 4 + 5
EyeR_WeightTransfer	Ojo << 4 + 5
EyeSparklingL_WeightTransfer	Ojos chispeantes >> 4 + 5
EyeSparklingR_WeightTransfer	Ojos chispeantes << 4 + 5
EyeSpiralL_WeightTransfer	Espiral en los ojos >> 4 + 5
EyeSpiralR_WeightTransfer	Espiral en los ojos << 4 + 5
AnimalEarCR_WeightTransfer	Orejas de animal << 12
WingAR_WeightTransfer	Ala << 11
PonytailCR_WeightTransfer	Coleta de pelo << 26
PiercingBL_WeightTransfer	Perforación B >> 6
PiercingBR_WeightTransfer	Perforación B << 6
HandL_WeightTransfer	Mano >> 3
HandR_Index_WeightTransfer	Mano << 3 .4
HandR_Little_WeightTransfer	Mano << 3 .3
HandR_Middle_WeightTransfer	Mano << 3 .1
HandR_Thumb_WeightTransfer	Mano << 3 .2
HandR_WeightTransfer	Mano << 3
PalmarR_WeightTransfer	Mano << 3 .5
WingCL_Lower_WeightTransfer	Ala >> 13
WingCR_Lower_WeightTransfer	Ala << 13
WingBR_WeightTransfer	Ala << 12
EyeDollarL_WeightTransfer	Ojos de dinero >> 4 + 5
ClownWig	payaso 1
FireA1	Fuego
ElectricFan	Ventilador eléctrico
Cheese	Queso
ElectricFanBlades	Aspas de ventilador eléctrico
Guitar_Outline	Esquema de guitarra
Guitar_Color1	Color de guitarra 1
PaperFanSticks	Abanico plegable 2
PaperFanLeaf	Abanico plegable 1
Stool	Heces
Slipper	Zapatilla
Guitar_Color2	Color de guitarra 2
WinkStar	guiño estrella
ClownNose	payaso 2
Guitar_Color3	Color de guitarra 3
SideHairA7_Color	Cabello de los lados trasero 13
PonytailA3_Gradient	Cola de caballo de pelo 6
SideHairA2_Gradient	Cabello de los lados trasero 4
SideHairB5_Color	Cabello de los lados trasero 25
SideHairB3_Gradient	Cabello de los lados trasero 22
PonytailA2_Outline	Contorno de cola de caballo de pelo 3 + 4
PonytailB2_Outline	Contorno de cola de caballo de pelo 13 + 14
PonytailB2_Color	Cola de caballo de pelo 13
Outer7_Outline	Contorno del traje exterior 7
Outer1_Outline	Contorno del traje exterior 1
Hand_Color	Mano 1
LaptopLight3	Luz de la computadora portátil 3
Finger	Frotar 1
Scissor	Cortar (tijeras)
BoopHand	Boop
Trophy	Trofeo 1
ProgressBar	Contenedor de barra de progreso
Progress	Relleno de la barra de progreso
