SpriteName	Fr
FaceFeatureB5	Caractéristique Faciale B 5
PiercingA5_Color	Piercing 5
Loading	Chargement
Nose3	Nez 3
CapeFront3_Outline	Cape Avant | Contour Cape 3
CockroachLeg	Cafard 1
EarringA5_Color	Boucle d'Oreille 5
Eye2_Highlight	Œil Lumière 2
Angry4	Colère 4
AnimalEar1_Front_Outline	Oreille d'Animal Contour 1
Main5_Outline	Contour Tenue Intérieure 5
ExclamationMark	Point d'Exclamation
Mouth_Line	Tasse | Bouche
Eye3_Dollar	Yeux Dollars 3
HairShine7_Color	Lumière Cheveux 13 + 14
WingG1_Outter_Color	Aile 10 .1
Eye1_Upperlid	Cils 1 .1
WingE1_Middle_Color	Aile 8 .2
TailE2_Color	Queue 13
SweatWhite	Sueur
Collar6_String	Tenue Lacets Hoodie 7
PonytailA5_Color	Queue de cheval 9
FrameHair_A10_Outline	Contour Mèche Visage Côté 19
HairBang6_Side_Color	Frange Côté 11
SideHairA5_Outline	Contour Cheveux Côtés 9 + 10
SideHairA3_Color	Cheveux Côtés 5
FrameHair_A5_Outline	Contour Mèche Visage Côté 9 + 10
Pigtail_A2_Color	Couettes 3
SideHairB8_Outline	Contour Cheveux Côtés 31 + 32
SideHairA3_Outline	Contour Cheveux Côtés 5 + 6 
PonytailA1_Color	Queue de cheval 1
PonytailA5_Gradient	Queue de cheval 10
BellClapper	Cloche 1
EarringA5_Outline	Contour Boucle d'Oreille 5
HairShine5_Outline	Contour Lumière Cheveux 10
Nose1	Nez 1
HairClip5_Color	Pince à Cheveux 5
TailC1_Color	Queue 8
PonytailA5_Outline	Aperçu de la queue de cheval 9 + 10
WingB1_Outline	Contour Aile 4
AlertClick	Effet Alerte (Coeur, Pouce etc...)
HairClip13_Color	Pince à Cheveux 13
SideHairA7_Outline	Contour Cheveux Côtés 13 + 14
SideHairA6_Outline	Contour Cheveux Côtés 11 + 12
CreditCard	Glissement de carte
Hand_Line2	Main 1 .1
Eye1_Highlight	Œil Lumière 1
EarringA1_Color	Boucle d'Oreille 1
Brow1	Sourcil 1
FaceFeatureB2	Caractéristique Faciale B 2
CortisolMeter	Danse (Faible Taux de Cortisol) 2
HairBang1_Side_Outline	Contour Frange Côté >> 1 + 2
Hairline	Base des Cheveux 1
EarringB1_Color	Boucle d'Oreille 6
Palmar_Line2	Main 1 .2
StrawLiquid_Color	Boisson Liquide 2
Mecha5_Color	Mecha 5
HairClip13_Outline	Contour Pince à Cheveux 13
EasterEgg3	Pâques 3
Collar3_Outline	Contour Tenue Col 3
HairHighlight4_Color	Mèches Individuelle >< 1 + 2
Tongue2	Bouche/Langue | Lécher
FaceFeatureA3	Caractéristique Faciale A 3
AnimalEar4_Outline	Oreille d'Animal Contour 4
SideHairB8_Gradient	Cheveux Côtés 32
PonytailA4_Outline	Aperçu de la queue de cheval 7 + 8
HatD1_Outline	Contour Chapeau 8
GasBottle	Bouteille de Gaz
SideHairA2_Outline	Contour Cheveux Côtés 3 + 4
SideHairB5_Outline	Contour Cheveux Côtés 25 + 26
FacialHair_A4_Color	Barbe 4
EarringA2_Color	Boucle d'Oreille 2
Eye3_Light	Œil Clair 3
AnimalEar1_Back_Outline	Oreille d'Animal Contour 1 .1
CapeFront5_Outline	Cape Avant | Contour Cape 5
SideHairB8_Color	Cheveux Côtés 31
HairShine6_Color	Lumière Cheveux 11 + 12
Hairband5_Outline	Contour Bandeau B 3
CapeBack1_Outline	Cape Arrière | Contour Cape 1
Halo3_Color	Halo 3
Eye3_Eyelash	Cils 3
Leg	Jambe 1
Thumb_Color	Main 1 .3
HairShine2_Color	Lumière Cheveux 3 + 4
Hairband1_Outline	Contour Bandeau A 1
Brow7	Sourcil 7
Palmar_Line1	Main 1 .4
PiercingA3_Color	Piercing 3
Pigtail_A7_Color	Couettes 13
SideHairA3_Gradient	Cheveux Côtés 6
SideHairA8_Outline	Contour Cheveux Côtés 15 + 16
PonytailA3_Outline	Aperçu de la queue de cheval 5 + 6
TailF2_Outline	Contour Queue 16
Ear_Outline	Contour Oreilles 1
HairClip11_Color	Pince à Cheveux 11
TailC1_Outline	Contour Queue 8
Cheek3	Joues 3
Eye_Popcat_Light	Teuteu 3 | Œil | Popcat
CandleFire	Feu de Bougie
PiercingA4_Outline	Contour Piercing 4
NeckwearA2_Color	Cravate A 2
little_Color	Main 1 .5
PiercingA1_Color	Piercing 1
PhoneLight	Lumière du Téléphone
ShakeLine1	Peur 1
Eye2_Upperlid	Cils 2 .1
NeckwearA3_Color	Cravate A 3
Brow9	Sourcil 9
EarringA1_Outline	Contour Boucle d'Oreille 1
TailA2_Outline	Contour Queue 2
Drooling	Bave
PiercingA4_Color	Piercing 4
PonytailA3_Color	Queue de cheval 5
PonytailA2_Gradient	Queue de cheval 4
AnimalEar7_Outline	Oreille d'Animal Contour 7
Brow6	Sourcil 6
PopperConfetti2	Confetti 2
Swatter	Tapette à Mouche
Fin1_Outline	Contour Nageoires
HairShine3_Color	Lumière Cheveux 5 + 6
TailB1_Color	Queue 3
HammerEffect2	Marteau 2
Mecha1_Outline	Contour Mecha 1
Pigtail_A4_Outline	Contour Couettes 7 + 8
HatC1_Outline	Contour Chapeau 6 + 7
Pigtail_B1_Color	Couettes 17
Flash	Flash de Pistolet
Brow4	Sourcil 4
CortisolMeterPointer	Danse (Faible Taux de Cortisol) 1
Hand_Line1	Main 1 .6
RedPacketCoin4	Enveloppe Rouge 4
Cheek4	Joues 4
FaceFeatureB3	Caractéristique Faciale B 3
Brow2	Sourcil 2
StickyNote	Post-it
Loading_Outline	Chargement 2
Collar6_Outline	Contour Tenue Col 6 + 7
CapeBack3_Color	Cape Arrière 3
SideHairB6_Outline	Contour Cheveux Côtés 27 + 28
PonytailA1_Outline	Aperçu de la queue de cheval 1 + 2
PonytailA2_Color	Queue de cheval 3
SideHairA2_Color	Cheveux Côtés 3
GiftBoxLid	Cadeau 2
Collar4_Color	Tenue Col Intérieur 4
WingE1_Upper_Color	Aile 8 .1
WingA1_Color	Aile 1
FrameHair_B4_Outline	Contour Mèche Visage Côté 29 + 30
FrameHair_Branch_A1_Color	Épi 1
SideHairA7_Gradient	Cheveux Côtés 14
Wing2_Color	Aile d'Oreille 2
TailA1_Color	Queue 1
Eye3_Heart	Yeux Coeurs 3
FrameHair_A8_Outline	Contour Mèche Visage Côté 15 + 16
DrawingTablet	Tablette
FaceFeatureA2	Caractéristique Faciale A 2
PiercingA2_Color	Piercing 2
Eye_Popcat_Highlight	Popcat | Œil Lumière
Hairband3_Outline	Contour Bandeau B 1
NeckwearB6_Color	Cravate B 6
Mouth_Popcat1	Popcat | Bouche 1
Rose	Rose
HairbandBack2_Outline	Contour Bandeau D 2
Mecha2_Outline	Contour Mecha 2
SideHairA8_Gradient	Cheveux Côtés 16
NeckwearB7_Color	Cravate B 7
Donut3	Donut 3
NeckwearB5_Outline	Contour Cravate B 5
StickyNoteText	Texte Post-it
SideHairA6_Gradient	Cheveux Côtés 12
PonytailA4_Gradient	Queue de cheval 8
Ahoge_A4_Color	Ahoge 4
Gill2_Color	Branchies 1 .2
FacialHair_A7_Outline	Contour Barbe 7
HatC1_Color	Chapeau 6 + 7
SideHairA5_Color	Cheveux Côtés 9
LightStickHandle	Bâton Lumineux Poignée
Eye1_Spiral	Yeux en Spirales 1 + 2
EasterEgg2	Pâques 2
EasterEgg1	Pâques 1
HairClip5_Outline	Contour Pince à Cheveux 5
SideHairA8_Color	Cheveux Côtés 15
HairHighlight2_Outline	Contour Mèches Individuelle 2 << + 2 >>
Ahoge_A2_Color	Ahoge 2
SideHairB7_Outline	Contour Cheveux Côtés 29 + 30
AlertBits_Outline	Contour Alerte (Coeur, Pouce etc...) 6
SunGlasses_Frame	Lunettes de Soleil
PonytailA4_Color	Queue de cheval 7
HairHighlight2_Color	Mèches Individuelle 2 << + 2 >>
SideHairA5_Gradient	Cheveux Côtés 10
SideHairA6_Color	Cheveux Côtés 11
HairbandBack2_Color	Bandeau D 2
NeckwearB1_Outline	Contour Cravate B 2
HairClip3_Outline	Contour Pince à Cheveux 3
Bill2	Facture 2
Volume	Volume
FrameHair_A1_Color	Mèche Visage Côté 1 
FrameHair_A2_Gradient	Mèche Visage Côté 2 
Pigtail_C2_Color	Couettes 23
Pigtail_C2_Gradient	Couettes 24
WingF1_Lower_Outline	Contour Aile 9 .2
Glasses_Frame3	Lunettes 3
WingA2_Outline	Contour Aile 2
PalmarGlove1_Outline	Main 2 .1
Eye1_Sparkling	Yeux en Étoiles 1
SideHairB2_Color	Cheveux Côtés 19
SideHairB2_Gradient	Cheveux Côtés 20
SideHairA1_Outline	Contour Cheveux Côtés 1 + 2
EarringA3_Color	Boucle d'Oreille 3
EarringA4_Color	Boucle d'Oreille 4
TailF_Outline	Contour Queue 15 + 16 + 17 + 18 + 24 + 25
Halo2_Outline	Contour du Halo 2
HairBang4_Side_Outline	Contour Frange Côté >> 7 + 8
TailD1_Outline	Contour Queue 11
Pigtail_A8_Outline	Contour Couettes 15 + 16
HairBang4_Middle_Outline	Contour Frange >< 4
SideHairB2_Outline	Contour Cheveux Côtés 19 + 20
ShakeLine2	Peur 2
EarringB2_Color	Boucle d'Oreille 7
TailA2_Color	Queue 2
TailF_Color	Queue 15 + 16 + 17 + 18 + 24 + 25
SideHairB6_Color	Cheveux Côtés 27
Controller	Manette
HairBang3_Middle_Gradient	Frange Côté >< 6
HairBang3_Middle_Color	Frange Côté >< 5
Horn4_Color	Corne 4
HatD1_Color	Chapeau 8
PonytailA1_Gradient	Queue de cheval 2
SideHairB4_Outline	Contour Cheveux Côtés 23 + 24
SideHairB6_Gradient	Cheveux Côtés 28
EarringA4_Outline	Contour Boucle d'Oreille 4
PopperConfetti1	Confetti 1
Collar1_Outline	Contour Tenue Col 1
FacialHair_B5_Outline	Contour Moustache 5
EarringA2_Outline	Contour Boucle d'Oreille 2
TailF4_Outline	Contour Queue 18
LightStickLight	Bâton lumineux
HatA1_Outline	Contour Chapeau 1 + 2
SideHairB1_Outline	Contour Cheveux Côtés 17 + 18
HairClip3_Color	Pince à Cheveux 3
NeckwearA4_Color	Cravate A 4
NeckwearA5_Color	Cravate A 5
WingC1_Lower_Outline	Contour Aile 5 .2
FrameHair_A2_Outline	Contour Mèche Visage Côté 3 + 4
HatB1_Outline	Contour Chapeau 3
MagicWand	Magie
HairBang2_Middle_Color	Frange Côté >< 3
HairBang2_Middle_Gradient	Frange Côté >< 4
Hairband5_Color	Bandeau B 3
TailE2_Outline	Contour Queue 13
Brow5	Sourcil 5
Tie1_Color	Cravate C 1
WingF1_Lower_Color	Aile 9 .2
FrameHair_A4_Outline	Contour Mèche Visage Côté 7 + 8
PryBar	Pied de Biche
FacialHair_A2_Color	Barbe 2
Outer2_Color	Tenue Extérieure 2
Tie3_Outline	Contour Cravate C 3
TailB4_Outline	Contour Queue 6
HairShine3_Outline	Contour Lumière Cheveux 6
AlertHeart_Color	Alerte (Coeur, Pouce etc...) 1
WingD2_Lower_Outline	Contour Aile 7 .2
SideHairA1_Color	Cheveux Côtés 1
HatA1_Color	Chapeau 1 + 2
SideHairB3_Color	Cheveux Côtés 21
FrameHair_A11_Gradient	Mèche Visage Côté 22
FrameHair_A11_Color	Mèche Visage Côté 21
SideHairB4_Gradient	Cheveux Côtés 24
SideHairA4_Outline	Contour Cheveux Côtés 7 + 8
SideHairA1_Gradient	Cheveux Côtés 2
CapeFront2_Color	Cape Avant 2
CapeFront5_Color	Cape Avant 5
CapeFront2_Outline	Cape Avant | Contour Cape 2
SideHairB3_Outline	Contour Cheveux Côtés 21 + 22
SideHairB4_Color	Cheveux Côtés 23
SideHairB5_Gradient	Cheveux Côtés 26
TailB5_Color	Queue 7
WingC1_Upper_Outline	Contour Aile 5 .1
Mecha3_Outline	Contour Mecha 3
HairHighlight1_Color	Mèches Individuelle 1 << + 1 >> 
LoveLetter	Lettre d'Amour
Hairband6_Outline	Contour Bandeau B 4
MusicalNote1	Note de Musique 1
PiercingA2_Outline	Contour Piercing 2
StrawLiquid_Outline	Tasse 2
Eyepatch2_Color	Cache-œil 3 + 4
AnimalEar2_Front_Outline	Oreille d'Animal Contour 2
AnimalEar1_Fur_Color	Oreille d'Animal Fourrure 1
EarringB3_Color	Boucle d'Oreille 8
Pigtail_A7_Gradient	Couettes 14
AnimalEar5_Color	Oreille d'Animal 5
EarringB4_Color	Boucle d'Oreille 4
HairClip2_Color	Pince à Cheveux 2
Glasses_Lens2	Lunettes Lens 2
HairBang6_Side_Gradient	Frange Côté 12
HairBang3_Middle_Outline	Contour Frange >< 5 + 6
AnimalEar9_Outline	Oreille d'Animal Contour 9
HatB3_Color	Chapeau 5
PiercingA1_Outline	Contour Piercing 1
Brow8	Sourcil 8
HairClip1_Outline	Contour Pince à Cheveux 1
Eyepatch1_Color	Cache-œil 1 + 2
NeckwearA1_Color	Cravate A 1
Eye1_Eyelash	Cils 1 + 2
ShakeLine3	Peur 3
WingE1_Upper_Outline	Contour Aile 8 .1
PopperConfetti3	Confetti 3
Star	Étoile
HairBang1_Middle_Outline	Contour Frange >< 1 + 2
SideHairA4_Gradient	Cheveux Côtés 8
PiercingA3_Outline	Contour Piercing 3
FaceFeatureB4	Caractéristique Faciale B 4
EarringA3_Outline	Contour Boucle d'Oreille 3
TailF4_Color	Queue 18
AnimalEar2_Fur_Color	Oreille d'Animal Fourrure 2
AnimalEar3_Outline	Oreille d'Animal Contour 3
Straw	Tasse 4
AnimalEar8_Outline	Oreille d'Animal Contour 8
AnimalEar6_Color	Oreille d'Animal 6
TailF3_Color	Queue 17
EarringB5_Outline	Contour Boucle d'Oreille 10
HairClip12_Color	Pince à Cheveux 12
Collar6_Color	Tenue Col Intérieur 6 + 7
AnimalEar6_Outline	Oreille d'Animal Contour 6
AnimalEar3_Color	Oreille d'Animal 3
Brow3	Sourcil 3
Glasses_Lens3	Lunettes Lens 3
EarringB5_Color	Boucle d'Oreille 10
LaptopLight2	Lumière Ordinateur Portable 2
PhoneScreenPattern1	Écran de Téléphone 1
TailF2_Color	Queue 16
LaptopLight1	Lumière Ordinateur Portable 1
AnimalEar7_Color	Oreille d'Animal 7
AnimalEar9_Color	Oreille d'Animal 9
HairBang7_Middle_Outline	Contour Frange >< 13 + 14
Hairband6_Color	Bandeau B 4
AnimalEar2_Back_Outline	Oreille d'Animal Contour 2 .1
HairClip1_Color	Pince à Cheveux 1
EarringB2_Outline	Contour Boucle d'Oreille 7
Middle_Color	Main 1 .7
AnimalEar5_Outline	Oreille d'Animal Contour 5
Hairband2_Color	Bandeau A 2
AnimalEar1_Front_Color	Oreille d'Animal 1
Chopstick	Baguettes
AnimalEar2_Front_Color	Oreille d'Animal 2
EarringB3_Outline	Contour Boucle d'Oreille 8
TailF1_Color	Queue 15
AnimalEar4_Color	Oreille d'Animal 4
HairBang4_Side_Color	Frange Côté 7
SideHairB7_Gradient	Cheveux Côtés 30
SideHairB1_Color	Cheveux Côtés 17
FacialHair_A7_Color	Barbe 7
HairClip4_Outline	Contour Pince à Cheveux 4
EarringB1_Outline	Contour Boucle d'Oreille 6
Index_Color	Main 1 .8
PiercingA5_Outline	Contour Piercing 5
TailF1_Outline	Contour Queue 15
AnimalEar1_Fur_Outline	Oreille d'Animal Contour Fourrure 1
TailE3_Color	Queue 14
AnimalEar1_Back_Color	Oreille d'Animal 1 .1
AnimalEar2_Fur_Outline	Oreille d'Animal Contour Fourrure 2
CupSteam	Vapeur Tasse
AnimalEar2_Back_Color	Oreille d'Animal 2 .1
AnimalEar8_Color	Oreille d'Animal 8
EarringB4_Outline	Contour Boucle d'Oreille 9
FacialHair_A8_Outline	Contour Barbe 8
SideHairB7_Color	Cheveux Côtés 29
SideHairA4_Color	Cheveux Côtés 7
SideHairB1_Gradient	Cheveux Côtés 18
BackHair3_Color	Cheveux Arrières 5
Pigtail_A5_Color	Couettes 9
Pigtail_A5_Gradient	Couettes 10
Pigtail_A2_Outline	Contour Couettes 3 + 4
HairShine6_Outline	Contour Lumière Cheveux 12
Antenna1_Outline	Contour Antenne 1
AlertLike_Outline	Contour Alerte (Coeur, Pouce etc...) 4
FacialHair_A5_Outline	Contour Barbe 5
Horn5_Outline	Contour Corne 5
FrameHair_A8_Color	Mèche Visage Côté 15
FrameHair_A8_Gradient	Mèche Visage Côté 16
FrameHair_Top_Color	Mèche Visage Côté top
HairBang5_Middle_Color	Frange Côté >< 9
HairShine1_Outline	Contour Lumière Cheveux 2
WingG1_Inner_Outline	Contour Aile 10 .2
VideoCamera	Caméra
FrameHair_A7_Gradient	Mèche Visage Côté 14
FrameHair_A7_Color	Mèche Visage Côté 13
Index_Outline	Main 1 .9
Mouth	Bouche
TailC3_Outline	Contour Queue 10
Wing2_Outline	Contour Aile d'Oreille 2
Wing1_Color	Contour Aile d'Oreille 1
WingC1_Upper_Color	Contour Aile 5 .1
Main7_Color	Tenue Intérieure 7
HairHighlight3_Color	Mèches Individuelle 3 << + 3 >>
HairHighlight4_Outline	Contour Mèches Individuelle >< 1 + 2
ErrorPopup	Cesser de Fonctionner
TrashBinLid	Poubelle 2
BackHair1_Outline	Contour Cheveux Arrières 1 + 2
BackHair2_Outline	Contour Cheveux Arrières 3 + 4
Horn6_Color	Corne 6
HairBang7_Middle_Color	Frange Côté >< 13
little_Outline	Main 1 .10
HornF1_Outline	Corne avant Contour 1
TailC2_Outline	Contour Queue 9
Outer2_Outline	Contour Tenue Extérieure 2
BackHair3_Outline	Contour Cheveux Arrières 5 + 6
Tongue_Shadow	Ombre Langue
Blush	Fard à Joues
FacialHair_B5_Color	Moustache 5 
Knife	Bave (Fourchette & Couteau) 2
HairBang3_Side_Outline	Contour Frange Côté >> 5 + 6
HairBang5_Side_Outline	Contour Frange Côté >> 9 + 10
Horn7_Outline	Contour Corne 7
PopcornBucket	Manger (Pop-Corn) 1
Pigtail_A3_Outline	Contour Couettes 5 + 6
Collar7_Color	Tenue Col Intérieur 8
Hairband3_Color	Bandeau B 1
Hammer	Marteau
TailE3_Outline	Contour Queue 14
HairBang6_Side_Outline	Contour Frange Côté >> 11 + 12
HairBang2_Side_Outline	Contour Frange Côté >> 3 + 4
HairShine7_Outline	Contour Lumière Cheveux 14
EyepatchBandage_Color	Cache-œil 5 + 6
EyepatchBandage_Outline	Contour du cache-œil 5 + 6
HairbandBack1_Color	Bandeau D 1
Hairband4_Outline	Contour Bandeau B 2
KeyboardKeyA	Taper Normal 1
Thumb_Outline	Main 1 .11
FacialHair_B3_Color	Moustache 3
Hairband2_Outline	Contour Bandeau A 2
HairbandBack1_Outline	Contour Bandeau D 1
TailB3_Color	Queue 5
FrameHair_A7_Outline	Contour Mèche Visage Côté 13 + 14
FrameHair_A10_Color	Mèche Visage Côté 19
FrameHair_A10_Gradient	Mèche Visage Côté 20
FrameHair_A11_Outline	Contour Mèche Visage Côté 21 + 22
FrameHair_A9_Color	Mèche Visage Côté 17
FacialHair_A3_Color	Barbe 3
BackHair1_Color	Cheveux Arrières 1
Laptop	Ordinateur Portable
SignRound	Panneau Rond
HairBang1_Side_Color	Frange Côté 1
HairBang4_Side_Gradient	Frange Côté 8
HairBang5_Side_Color	Frange Côté 9
BackHair2_Color	Cheveux Arrières 3
Pigtail_A6_Outline	Contour Couettes 11 + 12
Pigtail_A7_Outline	Contour Couettes 13 + 14
Watermelon	Manger (Pastèque)
Cheek2	Joues 2
HairClip6_Color	Pince à Cheveux 6
Spoon	Arriver (avec une Cuillère)
Tape	Ruban Adhésif
HatB2_Outline	Contour Chapeau 4
HairShine2_Outline	Contour Lumière Cheveux 4
HairBang1_Side_Gradient	Frange Côté 2
HairBang2_Side_Color	Frange Côté 3
HairBang5_Side_Gradient	Frange Côté 10
BackHair2_Gradient	Cheveux Arrières 4
FrameHair_B3_Outline	Contour Mèche Visage Côté 28
FaceFeatureC1	Caractéristique Faciale C 1
Pigtail_A8_Color	Couettes 15
NeckwearB4_Color	Cravate B 4
WingE1_Lower_Color	Aile 8 .3
PhoneScreen	Écran de Téléphone 3
AngrySteam	Vapeur
Outer1_Color	Tenue Extérieure 1
SideHair_Branch_C2_Outline	Épi Cheveux Côté C Contour 2
Hairband4_Color	Bandeau B 2
Pigtail_A3_Color	Couettes 5
BackHair3_Gradient	Cheveux Arrières 6
HairBang2_Side_Gradient	Frange Côté 4
PixelSunglasses	Lunettes de Soleil Pixel
HatB1_Color	Chapeau 3
FacialHair_B3_Outline	Contour Moustache 3
CapeBack1_Color	Cape Arrière 1
HairShine1_Color	Lumière Cheveux 1 + 2
Palmar_Color	Main 1 .12
Ahoge_B1_Color	Ahoge 5
HatA2_Outline	Contour Chapeau 2
Pigtail_A5_Outline	Contour Couettes 9 + 10
Pigtail_A3_Gradient	Couettes 6
HairBang3_Side_Color	Frange Côté 5
HairBang3_Side_Gradient	Frange Côté 6
HairShine4_Outline	Contour Lumière Cheveux 8
BackHair1_Gradient	Cheveux Arrières 2
SignSquare	Panneau Carré
Horn4_Outline	Corne 4
PonytailB1_Gradient	Queue de cheval 12
PonytailB1_Color	Queue de cheval 11
FrameHair_A1_Outline	Contour Mèche Visage Côté 1 + 2
Collar7_Outline	Contour Tenue Col 8
NeckwearA3_Outline	Contour Cravate A 3
NeckwearA2_Outline	Contour Cravate A 2
TailA1_Outline	Contour Queue 1
Horn3_Outline	Contour Corne 3
Pigtail_A8_Gradient	Couettes 16
SunglassesReflection	Réflexion Lunettes de Soleil
NeckwearA6_Color	Cravate A 6
Tie2_Outline	Contour Cravate C 2
Halo4_Color	Halo 5 + 6
FrameHair_A6_Color	Mèche Visage Côté 11
Middle_Outline	Main 1 .13
RedPacketCoin2	Enveloppe Rouge 3
NeckwearB5_Color	Cravate B 5
Eye1_HighlightCry	Œil 1 | Pleurer
Collar3_Color	Tenue Col Intérieur 3
TailC3_Color	Queue 10
ElfEar_Color	Oreilles 1.1
Surprise	Surprise
Gill3_Outline	Contour Branchies 1 .3
Pigtail_A4_Gradient	Couettes 8
Pigtail_A1_Color	Couettes 1
Eye_U	Dodo (UU)
Cockroach	Cafard
Halo3_Outline	Contour du Halo 3
Wing3_Outline	Contour Aile d'Oreille 3
Halo4_Outline	Contour du Halo 5 + 6
Wing3_Color	Aile d'Oreille 3
WingD1_Outline	Contour Aile 6
FacialHair_A1_Color	Barbe 1
Ghost	Fantôme
Hairband7_Outline	Contour Bandeau C 1
Horn6_Outline	Contour Corne 6
HairHighlight3_Outline	Contour Mèches Individuelle 3 << + 3 >>
Glasses_Frame2	Lunettes 2
NeckwearA4_Outline	Contour Cravate A 4
Ear_Color	Oreilles 1
HatB2_Color	Chapeau 4
FacialHair_A4_Outline	Contour Barbe 4
PonytailB1_Outline	Aperçu de la queue de cheval 11 + 12
Collar1_Color	Tenue Col Intérieur 1
CapeBack3_Outline	Cape Arrière | Contour Cape 3
Pigtail_A1_Outline	Contour Couettes 1 + 2
Tie2_Color	Cravate C 2
TailE1_Color	Queue 12
PatHand	Main Pat
Main6_Outline	Contour Tenue Intérieure 6
Pigtail_A6_Color	Couettes 11
Card	Inverse
FacialHair_A8_Color	Barbe 8
CapeBack2_Outline	Cape Arrière | Contour Cape 2
CapeFront6_Color	Cape Avant 6
PonytailB2_Gradient	Queue de cheval 14
Megaphone	Mégaphone
Glasses_Frame1	Lunettes 1
Pigtail_B1_Outline	Contour Couettes 17 + 18
Eye1_Dollar	Yeux Dollars 1 + 2
FaceFeatureA1	Caractéristique Faciale A 1
Eye1_Heart	Yeux Coeurs 1 + 2
Collar2_Color	Tenue Col Intérieur 2
Pigtail_A6_Gradient	Couettes 12
FrameHair_B3_Gradient	Mèche Visage Côté 28
FrameHair_B3_Color	Mèche Visage Côté 27
FrameHair_TopBack_Outline	Contour Mèche Visage Côté top 2
Horn5_Color	Corne 5
Fork	Bave (Fourchette & Couteau) 1
SteeringWheel	Volant
Hairband1_Color	Bandeau A 1
HatB3_Outline	Contour Chapeau 5
FrameHair_A4_Color	Mèche Visage Côté 7
NeckwearB3_Color	Cravate B 3
HammerEffect1	Marteau 1
HairHighlight6_Color	Mèches Individuelle >< 5 + 6
Pigtail_B2_Outline	Contour Couettes 19 + 20
WingF1_Upper_Outline	Contour Aile 9 .1
Pigtail_A2_Gradient	Couettes 4
RedPacketCoin3	Enveloppe Rouge 2
FrameHair_A9_Gradient	Mèche Visage Côté 18
TrashBin	Poubelle 1
FacialHair_A2_Outline	Contour Barbe 2
Tongue1	Lécher | Langue
HairShine4_Color	Lumière Cheveux 7 + 8
Toilet	Toilettes
FrameHair_A5_Gradient	Mèche Visage Côté 10
CapeFront6_Outline	Cape Avant | Contour Cape 6
FrameHair_A5_Color	Mèche Visage Côté 9
CapeBack2_Color	Cape Arrière 2
SunGlasses_Lens	Lunettes de Soleil Lens
FrameHair_A9_Outline	Contour Mèche Visage Côté 17 + 18
Main8_Outline	Contour Tenue Intérieure 8
Pigtail_A4_Color	Couettes 7
KeyboardKeyB	Taper Normal 2
Tie3_Color	Cravate C 3
Nose2	Nez 2
FacialHair_A5_Color	Barbe 5
AlertCustom_Color	Alerte (Coeur, Pouce etc...) 2
AlertCustom_Outline	Contour Alerte (Coeur, Pouce etc...) 2
SideHair_Branch_A2_Outline	Épi Cheveux Côté A Contour 2
Horn1_Color	Corne 1
Outer3_Outline	Contour Tenue Extérieure 3
SideHair_Branch_B1_Outline	Épi Cheveux Côté B Contour 1
ElfEar_Outline	Oreilles Contour 1.1
Outer4_Color	Tenue Extérieure 4
Outer3_Color	Tenue Extérieure 3
HairHighlight5_Outline	Contour Mèches Individuelle >< 3 +4
SideHair_Branch_C1_Outline	Épi Cheveux Côté C Contour 1
Stylus	Stylet
Tear2_Outline	Larmes 3
Donut1	Donut 1
Donut2	Donut 2
SideHair_Branch_A1_Outline	Épi Cheveux Côté A Contour 1
Eye1_Light	Œil Clair 1 + 2
Angry2	Colère 2
WingF1_Upper_Color	Aile 9 .1
NeckwearB2_Color	Cravate B 1 + 2
SideHair_Branch_A1_Color	Épi Cheveux Côté A 1
SignRoundText1	Texte Panneau Rond
Collar2_Outline	Contour Tenue Col 2
MusicalNote2	Note de Musique 2
FacialHair_B4_Color	Moustache 4
Mecha2_Color	Mecha 2
Six	Numéro six
PointHand	Pointer de la main
HairClip8_Color	Pince à Cheveux 8
FaceFeatureB1	Caractéristique Faciale B 1
Pigtail_B2_Gradient	Couettes 20
Main8_Color	Tenue Intérieure 8
Tear2_Color	Larmes 2
Eye3_Dark	Œil Foncé 3
Outer4_Outline	Contour Tenue Extérieure 4
Glasses_Lens1	Lunettes Lens 1
WingA3_Outline	Contour Aile 3
Ahoge_B2_Color	Ahoge 6
CapeFront1_Outline	Cape Avant | Contour Cape 1
Cake	Gâteau
WingD1_Color	Aile 6
Pigtail_B1_Gradient	Couettes 18
Outer7_Color	Tenue Extérieure 7
Ahoge_B1_Outline	Contour Ahoge 5
HornM1_Outline	Contour Corne avant >< 1
HornF2_Color	Corne avant 2
CapeFront4_Color	Cape Avant 4
FrameHair_Branch_A3_Color	Épi 3
Main2_Outline	Contour Tenue Intérieure 2
Wing1_Outline	Contour Aile d'Oreille 1
WingD2_Upper_Outline	Contour Aile 7 .1
Mecha4_Color	Mecha 4
Horn1_Outline	Contour Corne 1
WingA2_Color	Aile 2
EasterEggBasket	Pâques 4
Mecha4_Outline	Contour Mecha 4
Antenna2_Color	Antenne 2
Mecha1_Color	Mecha 1
Ahoge_A3_Outline	Contour Ahoge 3
Main1_Outline	Contour Tenue Intérieure 1
Horn2_Color	Corne 2
HairBang4_Middle_Gradient	Frange Côté >< 8
CapeFront3_Color	Cape Avant 3
Notepad	Bloc-Notes
Outer5_Color	Tenue Extérieure 5
WingA3_Color	Aile 3
WingB1_Color	Aile 4
Pistol	Pistolet
Horn7_Color	Corne 7
Bottle	Coca-Shake
Outer6_Color	Tenue Extérieure 6
Laugh2	Rire 2
FrameHair_B1_Gradient	Mèche Visage Côté 24
Outer5_Outline	Contour Tenue Extérieure 5
FrameHair_Top_Outline	Contour Mèche Visage Côté top
WingG1_Inner_Color	Aile 10 .2
HairBang5_Middle_Outline	Contour Frange >< 9 + 10
Beer	Acclamations
HairBang4_Middle_Color	Frange Côté >< 7
TailE1_Outline	Contour Queue 12
TailC2_Color	Queue 9
HornF2_Outline	Contour Corne 9
HairBang2_Middle_Outline	Contour Frange >< 3 + 4
Ahoge_B2_Outline	Contour Ahoge 6
Bell	Cloche 2
FrameHair_Branch_A3_Outline	Contour Épi 3
FrameHair_A3_Color	Mèche Visage Côté 5
FrameHair_A3_Gradient	Mèche Visage Côté 6
Horn2_Outline	Contour Corne 2
Outer6_Outline	Contour Tenue Extérieure 6
WingD2_Upper_Color	Aile 7 .1
Antenna2_Outline	Contour Antenne 2
TailB5_Outline	Contour Queue 7
HairBang5_Middle_Gradient	Frange Côté >< 10
HairBang1_Middle_Color	Frange Côté >< 1
QuestionMark	Point d'Interrogation
Horn3_Color	Corne 3
SignSquareText1	Texte Panneau Carré
Antenna1_Color	Antenne 1
FrameHair_A2_Gradient	Mèche Visage Côté 4
HairHighlight1_Outline	Contour Mèches Individuelle 1 << + 1 >>
TailD1_Color	Queue 11
HairBang6_Middle_Outline	Contour Frange >< 11 + 12
HairBang7_Middle_Gradient	Frange Côté >< 14
HairBang6_Middle_Color	Frange Côté >< 11
HairBang6_Middle_Gradient	Frange Côté >< 12
CapeFront4_Outline	Cape Avant | Contour Cape 4
FrameHair_A2_Color	Mèche Visage Côté 3
FacialHair_A1_Outline	Contour Barbe 1
HairBang1_Middle_Gradient	Frange Côté >< 2
HornM1_Color	Corne avant >< 1
TailB4_Color	Queue 6
TailB2_Color	Queue 4
Pigtail_B2_Color	Couettes 19
Fin1_Color	Nageoires 1
TailB3_Outline	Contour Queue 5
Halo1_Color	Halo 1
TailB2_Outline	Contour Queue 4
FrameHair_A3_Outline	Contour Mèche Visage Côté 5 + 6
FrameHair_B1_Color	Mèche Visage Côté 23
HairClip7_Color	Pince à Cheveux 7
FacialHair_A6_Color	Barbe 6
FacialHair_A3_Outline	Barbe 3
Halo1_Outline	Contour du Halo 1
Hairband7_Color	Bandeau C 1
Keyboard	Taper Normal 3
FrameHair_A6_Outline	Contour Mèche Visage Côté 11 + 12
VolumeOff	Volume 2
PalmarGlove1_Color	Main 2 .2
FacialHair_A6_Outline	Contour Barbe 6
TailB1_Outline	Contour Queue 3
Pigtail_A1_Gradient	Couettes 2
FrameHair_A4_Gradient	Mèche Visage Côté 8
KitchenKnife	Couteau de Cuisine
Halo2_Color	Halo 2
FrameHair_A6_Gradient	Mèche Visage Côté 12
HairShine5_Color	Lumière Cheveux 9 + 10
FrameHair_B2_Color	Mèche Visage Côté 25
FacialHair_B1_Outline	Contour Moustache 1
Main3_Outline	Contour Tenue Intérieure 3
Main4_Outline	Contour Tenue Intérieure 4
Main7_Outline	Contour Tenue Intérieure 7
HatA2_Color	Chapeau 2
Pigtail_C2_Outline	Contour Couettes 23 + 24
Main1_Color	Tenue Intérieure 1
Eyepatch2_Outline	Contour du cache-œil 3 + 4
SideHair_Branch_C2_Color	Épi Cheveux Côté C 2
HairHighlight6_Outline	Contour Mèches Individuelle >< 5 + 6
SideHair_Branch_C1_Color	Épi Cheveux Côté C 1
Eyepatch1_Outline	Contour du cache-œil 1 + 2
AlertCoin_Outline	Contour Alerte (Coeur, Pouce etc...) 3
Eye_Dum_Outline	Contour de l'Œil (Teuteu) 1 + 2
FrameHair_Branch_A2_Outline	Contour Épi 2
Main5_Color	Tenue Intérieure 5
Pompom	Pompon
HairClip10_Outline	Contour Pince à Cheveux 10
WaveHand	Main Coucou
HeartItem	Cœur
FrameHair_Branch_A2_Color	Épi 2
FrameHair_Branch_A1_Outline	Contour Épi 1
Eye_Dum_Color	Blanc de l'Œil
AlertCoin_Color	Alerte (Coeur, Pouce etc...) 3
Button	Bouton
SideHair_Branch_B2_Outline	Épi Cheveux Côté B Contour 2
Face_Shadow	Ombre du Visage
AlertStar_Outline	Contour Alerte (Coeur, Pouce etc...) 5
Pigtail_C1_Outline	Contour Couettes 21 + 22
AlertHeart_Outline	Contour Alerte (Coeur, Pouce etc...) 1
AlertLike_Color	Alerte (Coeur, Pouce etc...) 4
AlertStar_Color	Alerte (Coeur, Pouce etc...) 5
Sleep	Sommeil
Square	Porte/Mur | Grille de Prison | Couverture Exterieur
SideHair_Branch_A2_Color	Épi Cheveux Côté A 2
Beverage	Tasse 3
HairClip8_Outline	Contour Pince à Cheveux 8
HairClip9_Outline	Contour Pince à Cheveux 9
GiftBox	Cadeau 1
Mecha5_Outline	Contour Mecha 5
WingC1_Lower_Color	Aile 5 .2
Gill3_Color	Branchies 1 .3
FacialHair_B6_Outline	Contour Moustache 6
HairClip10_Color	Pince à Cheveux 10
SideHair_Branch_B2_Color	Épi Cheveux Côté B 2
SideHair_Branch_B1_Color	Épi Cheveux Côté B 1
Bowl	Bol
Pigtail_C1_Color	Couettes 21
Pigtail_C1_Gradient	Couettes 22
HairClip7_Outline	Contour Pince à Cheveux 7
HairHighlight5_Color	Mèches Individuelle >< 3 + 4
HairClip6_Outline	Contour Pince à Cheveux 6
Bill1	Facture 1
LubricantSpray	Pulvérisateur
Ahoge_A1_Outline	Contour Ahoge 1
Gill1_Outline	Contour Branchies 1 .1
FacialHair_B6_Color	Moustache 6 
Heart	Coeur
Popper	Bouton
Pencil	Crayon
Ahoge_A3_Color	Ahoge 3
BeverageCup	Tasse
Mouth_Popcat2	Popcat | Bouche 2
HairClip9_Color	Pince à Cheveux 9
AlertBits_Color	Alerte (Coeur, Pouce etc...) 6
Seven	Numéro Sept
PhoneFront	Téléphone 1
Gill2_Outline	Contour Branchies 1 .2
FrameHair_B2_Outline	Contour Mèche Visage Côté 25 + 26
NeckwearB7_Outline	Contour Cravate B 7
Angry1	Colère 1
Cup	Gobelet
Phone	Téléphone 2
Palmar_Outline	Main 1 .14
FrameHair_B1_Outline	Contour Mèche Visage Côté 23 + 24
WingD2_Lower_Color	Aile 7 .2
HairClip11_Outline	Contour Pince à Cheveux 11
RedPacket	Enveloppe Rouge 1
HairClip12_Outline	Contour Pince à Cheveux 12
Gill1_Color	Branchies 1 .1
Eye1_Dark	Œil Foncé 1 + 2
NeckwearB3_Outline	Contour Cravate B 3
LightBulb	Ampoule
Mecha3_Color	Mecha 3
Mecha6_Outline	Contour Mecha 6
Ahoge_A1_Color	Ahoge 1
WingA1_Outline	Contour Aile 1
RedPacketCoin1	Enveloppe Rouge 5
SweatBlue	Sueur Grande
HornF1_Color	Corne avant 1
Sparkle	Lumière Lunettes de Soleil
Ahoge_A2_Outline	Contour Ahoge 
FaceFeatureC2	Caractéristique Faciale C 2
Glove1_Outline	Contour Gant Aperçu
PalmGlove1_Color	Main 2 .3
PalmGlove1_Outline	Main 2 .4
FacialHair_B2_Outline	Moustache 2
Mecha6_Color	Mecha 6
CapeFront1_Color	Cape Avant 1
HairClip4_Color	Pince à Cheveux 4
NeckwearB1_Color	Cravate B 2
Cheek1	Joues 1
Lubricant	Dégrippant
Ahoge_A4_Outline	Contour Ahoge 4
Angry3	Colère 3
Microphone	Micro
NeckwearB4_Outline	Contour Cravate B 4
WingE1_Middle_Outline	Contour Aile 8 .2
FacialHair_B2_Color	Moustache 2
Collar4_Outline	Contour Tenue Col 4
TailF3_Outline	Contour Queue 17
Donut4	Donut 4
Laugh3	Rire 3
Tear1	Larmes 1
NeckwearA6_Outline	Contour Cravate A 6
Confetti1	Confetti 4
Eye_Dum_Pupil	Oeil (Teuteu) Pupille
NeckwearB2_Outline	Contour Cravate B 1 + 2
FrameHair_B4_Color	Mèche Visage Côté 29
FrameHair_B4_Gradient	Mèche Visage Côté 30
NeckwearB6_Outline	Contour Cravate B 6
Eye_Popcat_Dark	Teuteu 3 | Œil | Popcat 2
HairClip2_Outline	Contour Pince à Cheveux 2
FrameHair_B2_Gradient	Mèche Visage Côté 26
Hand_Outline	Main 1 .15
Glove1_Color	Gant
NeckwearA1_Outline	Contour Cravate A 1
WingE1_Lower_Outline	Contour Aile 8 .3
Mouse	Souris
Collar5_Color	Tenue Col Intérieur 5
Tie1_Outline	Contour Cravate C 1
Eyebag	Cernes
WingG1_Outter_Outline	Contour Aile 10 .1
Laugh1	Rire 1
Popcorn	Manger (Pop-Corn) 2
NeckwearA5_Outline	Contour Cravate A 5
BeverageLiquid	Boisson Liquide
Eye3_HighlightCry	Œil 3 | Pleurer
Eye3_Sparkling	Yeux en Étoiles 3
Confetti2	Confetti 5
Eye3_Spiral	Yeux en Spirales 3
FacialHair_B1_Color	Moustache 1
PhoneScreenPattern2	Écran de Téléphone 2
VolumeOn	Volume 3
FacialHair_B4_Outline	Contour Moustache 4
Collar5_Outline	Contour Tenue Col 5
WingEL_Lower_WeightTransfer	Aile >> 15 .3
NeckwearB1_WeightTransfer	Cravate B 8
FloatingL_WeightTransfer	Mecha >> 7
HairBang_SideL_WeightTransfer	Frange Côté >> 13
FloatingR_WeightTransfer	Mecha << 7
Glasses_WeightTransfer	Lunettes 4
AhogeA_WeightTransfer	Ahoge 7
BackHair_WeightTransfer	Cheveux Arrières 7
AnimalEarBL_WeightTransfer	Oreille d'Animal >> 11
EyepatchA_WeightTransfer	Cache-œil 7
TailD_WeightTransfer	Queue 22
HairBang_Middle_WeightTransfer	Frange Côté >< 15
Face_WeightTransfer	Caractéristique Faciale C 3
NeckwearB2_WeightTransfer	Cravate B 9
EarringBR_WeightTransfer	Boucle d'Oreille << 12
EarringBL_WeightTransfer	Boucle d'Oreille >> 12
NeckwearC_WeightTransfer	Cravate C 4
HatC_WeightTransfer	Chapeau 11
TailFSoft_WeightTransfer	Queue 25
TailFHard_WeightTransfer	Queue 24
EarringAR_WeightTransfer	Boucle d'Oreille << 11
EarringAL_WeightTransfer	Boucle d'Oreille >> 11
HatA_WeightTransfer	Chapeau 9
LegR_WeightTransfer	Jambe << 2
LegL_WeightTransfer	Jambe >> 2
HatD_WeightTransfer	Chapeau 12
FrameHair_WeightTransfer	Mèche Visage Côté >< 
TailE_WeightTransfer	Queue 23
TailA_WeightTransfer	Queue 19
SideHairB_WeightTransfer	Cheveux Côtés 34
SideHairA_WeightTransfer	Cheveux Côtés 33
PonytailA_WeightTransfer	Queue de cheval 15
WingER_Upper_WeightTransfer	Aile << 15 .1
WingER_Middle_WeightTransfer	Aile << 15 .2
OutfitOuter_WeightTransfer	Tenue Extérieure 8
WingAL_WeightTransfer	Aile >> 11
PalmarL_WeightTransfer	Main >> 3 .5
HeadWingAL_WeightTransfer	Aile d'Oreille >> 4
BrowL_WeightTransfer	Sourcil >> 10
BrowR_WeightTransfer	Sourcil << 10
MustacheA_WeightTransfer	Moustache 7
TailC_WeightTransfer	Queue 21
FrameHair_BranchL_WeightTransfer	Épi >> 4
HandL_Middle_WeightTransfer	Main >> 3 .1
HandL_Thumb_WeightTransfer	Main >> 3 .2
NeckwearA_WeightTransfer	Cravate A 7
WingER_Lower_WeightTransfer	Aile << 15 .3
WingEL_Upper_WeightTransfer	Aile >> 15 .1
WingGL_Outter_WeightTransfer	Aile >> 17 .1
WingCL_Upper_WeightTransfer	Aile >> 13 .1
WingGR_Inner_WeightTransfer	Aile << 17 .2
WingCR_Upper_WeightTransfer	Aile << 13 .1
EarL_WeightTransfer	Oreilles 2 >>
EarR_WeightTransfer	Oreilles 2 <<
CapeBack_WeightTransfer	Cape Arrière 4
CapeFront_WeightTransfer	Cape Avant 7
WingEL_Middle_WeightTransfer	Aile >> 15 .2
WingFR_Upper_WeightTransfer	Aile << 16 .1
AntennaR_WeightTransfer	Antenne << 3
AnimalEarAR_WeightTransfer	Oreille d'Animal << 10
WingDL_WeightTransfer	Aile >> 14
AnimalEarCL_WeightTransfer	Oreille d'Animal >> 12
WingGL_Inner_WeightTransfer	Aile >> 17 .2
Halo_WeightTransfer	Halo 7
FinR_WeightTransfer	Nageoires << 2
HatB_WeightTransfer	Chapeau 10
AnimalEarAL_WeightTransfer	Oreille d'Animal >> 10
TailB_WeightTransfer	Queue 20
HandL_Little_WeightTransfer	Main >> 3 .3
HandL_Index_WeightTransfer	Main >> 3 .4
FinL_WeightTransfer	Nageoires >> 2
AntennaL_WeightTransfer	Antenne >> 3
PonytailAR_WeightTransfer	Couettes << 25
OutfitInner_WeightTransfer	Tenue Intérieure 9
MustacheB_WeightTransfer	Moustache 8
PonytailB_WeightTransfer	Queue de cheval 16
HairBandA_WeightTransfer	Bandeau A 3
HairBang_SideR_WeightTransfer	Frange Côté << 13
EyepatchB_WeightTransfer	Cache-œil 8
WingFL_Lower_WeightTransfer	Aile >> 16 .2
WingBL_WeightTransfer	Aile >> 12
PonytailCL_WeightTransfer	Couettes >> 26
HairbandB_WeightTransfer	Bandeau B 5
BeardA_WeightTransfer	Barbe 9
PonytailAL_WeightTransfer	Couettes >> 25
AnimalEarBR_WeightTransfer	Oreille d'Animal << 11
EyelashR_WeightTransfer	Œil 4 | Cils <<
GillR_WeightTransfer	Branchies << 2
PiercingAL_WeightTransfer	Piercing A >> 6
PiercingAR_WeightTransfer	Piercing A << 6
WingFR_Lower_WeightTransfer	Aile << 16 .2
WingFL_Upper_WeightTransfer	Aile >> 16 .1
HairBandC_WeightTransfer	Bandeau D 3
HornL_WeightTransfer	Corne >> 8
HornR_WeightTransfer	Corne << 8
EyelashL_WeightTransfer	Œil 4 | Cils >>
GillL_WeightTransfer	Branchies >> 2
HornFrontL_WeightTransfer	Corne avant >> 3
HornFrontR_WeightTransfer	Corne avant << 3
WingDR_WeightTransfer	Aile << 14
FrameHair_BranchR_WeightTransfer	Épi << 4
HeadWingAR_WeightTransfer	Aile d'Oreille << 4
HornFrontM_WeightTransfer	Corne avant >< 2
WingGR_Outter_WeightTransfer	Aile << 17 .1
EyeDollarR_WeightTransfer	Yeux Dollars << 4 + 5
EyeHeartL_WeightTransfer	Yeux Coeurs >> 4 + 5
EyeHeartR_WeightTransfer	Yeux Coeurs << 4 + 5
EyeHighlightCryL_WeightTransfer	Œil 4 + 5 >> | Pleurer
EyeHighlightCryR_WeightTransfer	Œil 4 + 5 << | Pleurer
EyeL_WeightTransfer	Œil >> 4 + 5
EyeR_WeightTransfer	Œil << 4 + 5
EyeSparklingL_WeightTransfer	Yeux en Étoiles >> 4 + 5
EyeSparklingR_WeightTransfer	Yeux en Étoiles << 4 + 5
EyeSpiralL_WeightTransfer	Yeux en Spirales >> 4 + 5
EyeSpiralR_WeightTransfer	Yeux en Spirales << 4 + 5
AnimalEarCR_WeightTransfer	Oreille d'Animal << 12
WingAR_WeightTransfer	Aile << 11
PonytailCR_WeightTransfer	Couettes << 26
PiercingBL_WeightTransfer	Piercing B >> 6
PiercingBR_WeightTransfer	Piercing B << 6
HandL_WeightTransfer	Main >> 3
HandR_Index_WeightTransfer	Main << 3 .4
HandR_Little_WeightTransfer	Main << 3 .3
HandR_Middle_WeightTransfer	Main << 3 .1
HandR_Thumb_WeightTransfer	Main << 3 .2
HandR_WeightTransfer	Main << 3
PalmarR_WeightTransfer	Main << 3 .5
WingCL_Lower_WeightTransfer	Aile >> 13
WingCR_Lower_WeightTransfer	Aile << 13
WingBR_WeightTransfer	Aile << 12
EyeDollarL_WeightTransfer	Yeux Dollars >> 4 + 5
ClownWig	Clown 1
FireA1	Feu
ElectricFan	Ventilateur électrique
Cheese	Fromage
ElectricFanBlades	Pales de ventilateur électrique
Guitar_Outline	Aperçu de la guitare
Guitar_Color1	Couleur de guitare 1
PaperFanSticks	Ventilateur pliant 2
PaperFanLeaf	Éventail pliant 1
Stool	Tabouret
Slipper	Pantoufle
Guitar_Color2	Couleur de guitare 2
WinkStar	Clin d'œil étoile
ClownNose	Clown 2
Guitar_Color3	Couleur de guitare 3
SideHairA7_Color	Cheveux Côtés 13
PonytailA3_Gradient	Queue de cheval 6
SideHairA2_Gradient	Cheveux Côtés 4
SideHairB5_Color	Cheveux Côtés 25
SideHairB3_Gradient	Cheveux Côtés 22
PonytailA2_Outline	Aperçu de la queue de cheval 3 + 4
PonytailB2_Outline	Aperçu de la queue de cheval 13 + 14
PonytailB2_Color	Queue de cheval 13
Outer7_Outline	Contour Tenue Extérieure 7
Outer1_Outline	Contour Tenue Extérieure 1
Hand_Color	Main 1
LaptopLight3	Lumière Ordinateur Portable 3
Finger	Frotter 1
Scissor	Couper (ciseaux)
BoopHand	Bouh
Trophy	Trophée 1
ProgressBar	Conteneur de barre de progression
Progress	Remplissage de la barre de progression
