SpriteName	Hu
FaceFeatureB5	Arcvonás B 5
PiercingA5_Color	Piercing 5
Loading	Matrica betöltése
Nose3	Orr 3
CapeFront3_Outline	(Köpeny eleje) Cape Front | (Köpeny) Cape körvonala 3
CockroachLeg	Csótány 1
EarringA5_Color	Fülbevaló 5
Eye2_Highlight	Szemkiemelés 2
Angry4	Dühös matrica 4
AnimalEar1_Front_Outline	Állati fül Vázlat 1
Main5_Outline	Outfit belső körvonala 5
ExclamationMark	Matrica felkiáltójel
Mouth_Line	Italpohár | Száj
Eye3_Dollar	Szem dollár 3
HairShine7_Color	Hajfény 13 + 14
WingG1_Outter_Color	Szárny 10 .1
Eye1_Upperlid	Szempilla 1 .1
WingE1_Middle_Color	Szárny 8 .2
TailE2_Color	Farok 13
SweatWhite	Matrica verejték
Collar6_String	Outfit nyakörv 7
PonytailA5_Color	Haj lófarok 9
FrameHair_A10_Outline	Hajkeretezés Vázlat 19
HairBang6_Side_Color	(Hajfrizura) Hair Bang 11
SideHairA5_Outline	Haj oldalsó körvonal 9 + 10
SideHairA3_Color	Hajoldal 5
FrameHair_A5_Outline	Hajkeretezés Vázlat 9 + 10
Pigtail_A2_Color	Haj Pigtail (Hajfarok) 3
SideHairB8_Outline	Haj oldalsó körvonal 31 + 32
SideHairA3_Outline	Haj oldalsó körvonal 5 + 6 
PonytailA1_Color	Haj lófarok 1
PonytailA5_Gradient	Haj lófarok 10
BellClapper	Harang 1
EarringA5_Outline	Fülbevaló Vázlat 5
HairShine5_Outline	Hajfény vázlat 10
Nose1	Orr 1
HairClip5_Color	Hajcsat 5
TailC1_Color	Farok 8
PonytailA5_Outline	Haj lófarok vázlat 9 + 10
WingB1_Outline	Szárny Vázlat 4
AlertClick	Matrica figyelmeztető hatás
HairClip13_Color	Hajcsat 13
SideHairA7_Outline	Haj oldalsó körvonal 13 + 14
SideHairA6_Outline	Haj oldalsó körvonal 11 + 12
CreditCard	Kártya ellop
Hand_Line2	Kéz 1 .1
Eye1_Highlight	Szemkiemelés 1
EarringA1_Color	Fülbevaló 1
Brow1	Szemöldök 1
FaceFeatureB2	Arcvonás B 2
CortisolMeter	Tánc (alacsony kortizolszint) 2
HairBang1_Side_Outline	(Hajfrizura) Hair Bang Vázlat 1 + 2
Hairline	Alaphaj 1
EarringB1_Color	Fülbevaló 6
Palmar_Line2	Kéz 1 .2
StrawLiquid_Color	Folyékony ital 2
Mecha5_Color	Mecha 5
HairClip13_Outline	Hajcsat Vázlat 13
EasterEgg3	húsvéti 3
Collar3_Outline	Outfit gallér vázlat 3
HairHighlight4_Color	Hajkiemelés >< 1 + 2
Tongue2	Száj/nyelv | Nyalás
FaceFeatureA3	Arcvonás A 3
AnimalEar4_Outline	Állati fül Vázlat 4
SideHairB8_Gradient	Hajoldal 32
PonytailA4_Outline	Haj lófarok vázlat 7 + 8
HatD1_Outline	Kalap vázlat 8
GasBottle	Gázpalack
SideHairA2_Outline	Haj oldalsó körvonal 3 + 4
SideHairB5_Outline	Haj oldalsó körvonal 25 + 26
FacialHair_A4_Color	Arcszőrzet A 4
EarringA2_Color	Fülbevaló 2
Eye3_Light	Szem írisz fénye 3
AnimalEar1_Back_Outline	Állati fül Vázlat 1 .1
CapeFront5_Outline	(Köpeny eleje) Cape Front | (Köpeny) Cape körvonala 5
SideHairB8_Color	Hajoldal 31
HairShine6_Color	Hajfény 11 + 12
Hairband5_Outline	Hajpánt B körvonal 3
CapeBack1_Outline	(Köpeny hátulja) Cape Back | (Köpeny) Cape körvonala 1
Halo3_Color	Halo (Glória) 3
Eye3_Eyelash	Szempilla 3
Leg	Láb 1
Thumb_Color	Kéz 1 .3
HairShine2_Color	Hajfény 3 + 4
Hairband1_Outline	Hajpánt A körvonal 1
Brow7	Szemöldök 7
Palmar_Line1	Kéz 1 .4
PiercingA3_Color	Piercing 3
Pigtail_A7_Color	Haj Pigtail (Hajfarok) 13
SideHairA3_Gradient	Hajoldal 6
SideHairA8_Outline	Haj oldalsó körvonal 15 + 16
PonytailA3_Outline	Haj lófarok vázlat 5 + 6
TailF2_Outline	Farok körvonala 16
Ear_Outline	Fül Vázlat 1
HairClip11_Color	Hajcsat 11
TailC1_Outline	Farok körvonala 8
Cheek3	(Orca) Pofa 3
Eye_Popcat_Light	Dum 3 | Szem | Popcat keret
CandleFire	Gyertya tűz
PiercingA4_Outline	Piercing Körvonal 4
NeckwearA2_Color	(Ruházat Nyakruha) Outfit Neckwear A 2
little_Color	Kéz 1 .5
PiercingA1_Color	Piercing 1
PhoneLight	Telefonfény
ShakeLine1	Félek 1
Eye2_Upperlid	Szempilla 2 .1
NeckwearA3_Color	(Ruházat Nyakruha) Outfit Neckwear A 3
Brow9	Szemöldök 9
EarringA1_Outline	Fülbevaló Vázlat 1
TailA2_Outline	Farok körvonala 2
Drooling	Nyálcsorgatás
PiercingA4_Color	Piercing 4
PonytailA3_Color	Haj lófarok 5
PonytailA2_Gradient	Haj lófarok 4
AnimalEar7_Outline	Állati fül Vázlat 7
Brow6	Szemöldök 6
PopperConfetti2	Konfetti 2
Swatter	Légycsapó
Fin1_Outline	Fin Vázlat
HairShine3_Color	Hajfény 5 + 6
TailB1_Color	Farok 3
HammerEffect2	Kalapács 2
Mecha1_Outline	Mecha körvonal 1
Pigtail_A4_Outline	Haj Pigtail (Hajfarok) Vázlat 7 + 8
HatC1_Outline	Kalap vázlat 6 + 7
Pigtail_B1_Color	Haj Pigtail (Hajfarok) 17
Flash	(Pisztolyvillanás) Gun Flash
Brow4	Szemöldök 4
CortisolMeterPointer	Tánc (alacsony kortizolszint) 1
Hand_Line1	Kéz 1 .6
RedPacketCoin4	(Piros csomag) RedPacket 4
Cheek4	(Orca) Pofa 4
FaceFeatureB3	Arcvonás B 3
Brow2	Szemöldök 2
StickyNote	(Öntapadó jegyzet) Sticky Note
Loading_Outline	Matrica betöltése 2
Collar6_Outline	Outfit gallér vázlat 6 + 7
CapeBack3_Color	(Köpeny hátulja) Cape Back 3
SideHairB6_Outline	Haj oldalsó körvonal 27 + 28
PonytailA1_Outline	Haj lófarok vázlat 1 + 2
PonytailA2_Color	Haj lófarok 3
SideHairA2_Color	Hajoldal 3
GiftBoxLid	Ajándék 2
Collar4_Color	Outfit gallér belső 4
WingE1_Upper_Color	Szárny 8 .1
WingA1_Color	Szárny 1
FrameHair_B4_Outline	Hajkeretezés Vázlat 29 + 30
FrameHair_Branch_A1_Color	Hajág 1
SideHairA7_Gradient	Hajoldal 14
Wing2_Color	Fülszárny 2
TailA1_Color	Farok 1
Eye3_Heart	Szem Szív 3
FrameHair_A8_Outline	Hajkeretezés Vázlat 15 + 16
DrawingTablet	Tabletta
FaceFeatureA2	Arcvonás A 2
PiercingA2_Color	Piercing 2
Eye_Popcat_Highlight	Popcat | Szemkiemelés
Hairband3_Outline	Hajpánt B körvonal 1
NeckwearB6_Color	(Ruházat Nyakruha) Outfit Neckwear B 6
Mouth_Popcat1	Popcat | Száj 1
Rose	Rózsa
HairbandBack2_Outline	Hajpánt D körvonal 2
Mecha2_Outline	Mecha körvonal 2
SideHairA8_Gradient	Hajoldal 16
NeckwearB7_Color	(Ruházat Nyakruha) Outfit Neckwear B 7
Donut3	Fánk 3
NeckwearB5_Outline	(Ruházat Nyakruha) Outfit Neckwear B körvonal 5
StickyNoteText	(Öntapadó jegyzet) Sticky Note szöveg
SideHairA6_Gradient	Hajoldal 12
PonytailA4_Gradient	Haj lófarok 8
Ahoge_A4_Color	Haj Ahoge 4
Gill2_Color	Kopoltyú 1 .2
FacialHair_A7_Outline	Arcszőrzet Vázlat A 7
HatC1_Color	Kalap 6 + 7
SideHairA5_Color	Hajoldal 9
LightStickHandle	(Fénypálca) Lightstick fogantyú
Eye1_Spiral	Szemspirál 1 + 2
EasterEgg2	húsvéti 2
EasterEgg1	húsvéti 1
HairClip5_Outline	Hajcsat Vázlat 5
SideHairA8_Color	Hajoldal 15
HairHighlight2_Outline	Hajkiemelés Vázlat 2 << + 2 >>
Ahoge_A2_Color	Haj Ahoge 2
SideHairB7_Outline	Haj oldalsó körvonal 29 + 30
AlertBits_Outline	Matrica figyelmeztetés vázlata 6
SunGlasses_Frame	Napszemüveg
PonytailA4_Color	Haj lófarok 7
HairHighlight2_Color	Hajkiemelés 2 << + 2 >>
SideHairA5_Gradient	Hajoldal 10
SideHairA6_Color	Hajoldal 11
HairbandBack2_Color	Hajpánt D 2
NeckwearB1_Outline	(Ruházat Nyakruha) Outfit Neckwear B körvonal 2
HairClip3_Outline	Hajcsat Vázlat 3
Bill2	Számla 2
Volume	Matrica kötet
FrameHair_A1_Color	Hajkeretezés 1 
FrameHair_A2_Gradient	Hajkeretezés 2 
Pigtail_C2_Color	Haj Pigtail (Hajfarok) 23
Pigtail_C2_Gradient	Haj Pigtail (Hajfarok) 24
WingF1_Lower_Outline	Szárny Vázlat 9 .2
Glasses_Frame3	Szemüveg 3
WingA2_Outline	Szárny Vázlat 2
PalmarGlove1_Outline	Kéz 2 .1
Eye1_Sparkling	Szem csillogó 1
SideHairB2_Color	Hajoldal 19
SideHairB2_Gradient	Hajoldal 20
SideHairA1_Outline	Haj oldalsó körvonal 1 + 2
EarringA3_Color	Fülbevaló 3
EarringA4_Color	Fülbevaló 4
TailF_Outline	Farok körvonala 15 + 16 + 17 + 18 + 24 + 25
Halo2_Outline	Halo Outline (Glória körvonal) 2
HairBang4_Side_Outline	(Hajfrizura) Hair Bang Vázlat 7 + 8
TailD1_Outline	Farok körvonala 11
Pigtail_A8_Outline	Haj Pigtail (Hajfarok) Vázlat 15 + 16
HairBang4_Middle_Outline	(Hajfrizura) Hair Bang >< Vázlat 4
SideHairB2_Outline	Haj oldalsó körvonal 19 + 20
ShakeLine2	Félek 2
EarringB2_Color	Fülbevaló 7
TailA2_Color	Farok 2
TailF_Color	Farok 15 + 16 + 17 + 18 + 24 + 25
SideHairB6_Color	Hajoldal 27
Controller	Vezérlő
HairBang3_Middle_Gradient	(Hajfrizura) Hair Bang >< 6
HairBang3_Middle_Color	(Hajfrizura) Hair Bang >< 5
Horn4_Color	Kürt 4
HatD1_Color	Kalap 8
PonytailA1_Gradient	Haj lófarok 2
SideHairB4_Outline	Haj oldalsó körvonal 23 + 24
SideHairB6_Gradient	Hajoldal 28
EarringA4_Outline	Fülbevaló Vázlat 4
PopperConfetti1	Konfetti 1
Collar1_Outline	Outfit gallér vázlat 1
FacialHair_B5_Outline	Arcszőrzet Vázlat B 5
EarringA2_Outline	Fülbevaló Vázlat 2
TailF4_Outline	Farok körvonala 18
LightStickLight	(Fénypálca) Light Stick
HatA1_Outline	Kalap vázlat 1 + 2
SideHairB1_Outline	Haj oldalsó körvonal 17 + 18
HairClip3_Color	Hajcsat 3
NeckwearA4_Color	(Ruházat Nyakruha) Outfit Neckwear A 4
NeckwearA5_Color	(Ruházat Nyakruha) Outfit Neckwear A 5
WingC1_Lower_Outline	Szárny Vázlat 5 .2
FrameHair_A2_Outline	Hajkeretezés Vázlat 3 + 4
HatB1_Outline	Kalap vázlat 3
MagicWand	Mágikus
HairBang2_Middle_Color	(Hajfrizura) Hair Bang >< 3
HairBang2_Middle_Gradient	(Hajfrizura) Hair Bang >< 4
Hairband5_Color	Hajpánt B 3
TailE2_Outline	Farok körvonala 13
Brow5	Szemöldök 5
Tie1_Color	(Ruházat Nyakruha) Outfit Neckwear C 1
WingF1_Lower_Color	Szárny 9 .2
FrameHair_A4_Outline	Hajkeretezés Vázlat 7 + 8
PryBar	Emelőrúd
FacialHair_A2_Color	Arcszőrzet A 2
Outer2_Color	(Külső ruházat) Outfit Outer 2
Tie3_Outline	(Ruházat Nyakruha) Outfit Neckwear C körvonal 3
TailB4_Outline	Farok körvonala 6
HairShine3_Outline	Hajfény vázlat 6
AlertHeart_Color	Matrica figyelmeztetés 1
WingD2_Lower_Outline	Szárny Vázlat 7 .2
SideHairA1_Color	Hajoldal 1
HatA1_Color	Kalap 1 + 2
SideHairB3_Color	Hajoldal 21
FrameHair_A11_Gradient	Hajkeretezés 22
FrameHair_A11_Color	Hajkeretezés 21
SideHairB4_Gradient	Hajoldal 24
SideHairA4_Outline	Haj oldalsó körvonal 7 + 8
SideHairA1_Gradient	Hajoldal 2
CapeFront2_Color	(Köpeny eleje) Cape Front 2
CapeFront5_Color	(Köpeny eleje) Cape Front 5
CapeFront2_Outline	(Köpeny eleje) Cape Front | (Köpeny) Cape körvonala 2
SideHairB3_Outline	Haj oldalsó körvonal 21 + 22
SideHairB4_Color	Hajoldal 23
SideHairB5_Gradient	Hajoldal 26
TailB5_Color	Farok 7
WingC1_Upper_Outline	Szárny Vázlat 5 .1
Mecha3_Outline	Mecha körvonal 3
HairHighlight1_Color	Hajkiemelés 1 << + 1 >> 
LoveLetter	Szerelmeslevél
Hairband6_Outline	Hajpánt B körvonal 4
MusicalNote1	Hangjegy 1
PiercingA2_Outline	Piercing Körvonal 2
StrawLiquid_Outline	Italpohár 2
Eyepatch2_Color	Szemtapasz 3 + 4
AnimalEar2_Front_Outline	Állati fül Vázlat 2
AnimalEar1_Fur_Color	Állati fül Szőrme 1
EarringB3_Color	Fülbevaló 8
Pigtail_A7_Gradient	Haj Pigtail (Hajfarok) 14
AnimalEar5_Color	Állati fül 5
EarringB4_Color	Fülbevaló 4
HairClip2_Color	Hajcsat 2
Glasses_Lens2	Szemüveg Lens 2
HairBang6_Side_Gradient	(Hajfrizura) Hair Bang 12
HairBang3_Middle_Outline	(Hajfrizura) Hair Bang >< Vázlat 5 + 6
AnimalEar9_Outline	Állati fül Vázlat 9
HatB3_Color	Kalap 5
PiercingA1_Outline	Piercing Körvonal 1
Brow8	Szemöldök 8
HairClip1_Outline	Hajcsat Vázlat 1
Eyepatch1_Color	Szemtapasz 1 + 2
NeckwearA1_Color	(Ruházat Nyakruha) Outfit Neckwear A 1
Eye1_Eyelash	Szempilla 1 + 2
ShakeLine3	Félek 3
WingE1_Upper_Outline	Szárny Vázlat 8 .1
PopperConfetti3	Konfetti 3
Star	Matrica csillag
HairBang1_Middle_Outline	(Hajfrizura) Hair Bang >< Vázlat 1 + 2
SideHairA4_Gradient	Hajoldal 8
PiercingA3_Outline	Piercing Körvonal 3
FaceFeatureB4	Arcvonás B 4
EarringA3_Outline	Fülbevaló Vázlat 3
TailF4_Color	Farok 18
AnimalEar2_Fur_Color	Állati fül Szőrme 2
AnimalEar3_Outline	Állati fül Vázlat 3
Straw	Italpohár 4
AnimalEar8_Outline	Állati fül Vázlat 8
AnimalEar6_Color	Állati fül 6
TailF3_Color	Farok 17
EarringB5_Outline	Fülbevaló Vázlat 10
HairClip12_Color	Hajcsat 12
Collar6_Color	Outfit gallér belső 6 + 7
AnimalEar6_Outline	Állati fül Vázlat 6
AnimalEar3_Color	Állati fül 3
Brow3	Szemöldök 3
Glasses_Lens3	Szemüveg Lens 3
EarringB5_Color	Fülbevaló 10
LaptopLight2	Laptop fény 2
PhoneScreenPattern1	Telefon képernyő 1
TailF2_Color	Farok 16
LaptopLight1	Laptop fény 1
AnimalEar7_Color	Állati fül 7
AnimalEar9_Color	Állati fül 9
HairBang7_Middle_Outline	(Hajfrizura) Hair Bang >< Vázlat 13 + 14
Hairband6_Color	Hajpánt B 4
AnimalEar2_Back_Outline	Állati fül Vázlat 2 .1
HairClip1_Color	Hajcsat 1
EarringB2_Outline	Fülbevaló Vázlat 7
Middle_Color	Kéz 1 .7
AnimalEar5_Outline	Állati fül Vázlat 5
Hairband2_Color	Hajpánt A 2
AnimalEar1_Front_Color	Állati fül 1
Chopstick	Pálcika
AnimalEar2_Front_Color	Állati fül 2
EarringB3_Outline	Fülbevaló Vázlat 8
TailF1_Color	Farok 15
AnimalEar4_Color	Állati fül 4
HairBang4_Side_Color	(Hajfrizura) Hair Bang 7
SideHairB7_Gradient	Hajoldal 30
SideHairB1_Color	Hajoldal 17
FacialHair_A7_Color	Arcszőrzet A 7
HairClip4_Outline	Hajcsat Vázlat 4
EarringB1_Outline	Fülbevaló Vázlat 6
Index_Color	Kéz 1 .8
PiercingA5_Outline	Piercing Körvonal 5
TailF1_Outline	Farok körvonala 15
AnimalEar1_Fur_Outline	Állati fül Szőrme körvonala 1
TailE3_Color	Farok 14
AnimalEar1_Back_Color	Állati fül 1 .1
AnimalEar2_Fur_Outline	Állati fül Szőrme körvonala 2
CupSteam	Kupa Steam (Csészegőz)
AnimalEar2_Back_Color	Állati fül 2 .1
AnimalEar8_Color	Állati fül 8
EarringB4_Outline	Fülbevaló Vázlat 9
FacialHair_A8_Outline	Arcszőrzet Vázlat A 8
SideHairB7_Color	Hajoldal 29
SideHairA4_Color	Hajoldal 7
SideHairB1_Gradient	Hajoldal 18
BackHair3_Color	Haj Hátsó 5
Pigtail_A5_Color	Haj Pigtail (Hajfarok) 9
Pigtail_A5_Gradient	Haj Pigtail (Hajfarok) 10
Pigtail_A2_Outline	Haj Pigtail (Hajfarok) Vázlat 3 + 4
HairShine6_Outline	Hajfény vázlat 12
Antenna1_Outline	Antenna Vázlat 1
AlertLike_Outline	Matrica figyelmeztetés vázlata 4
FacialHair_A5_Outline	Arcszőrzet Vázlat A 5
Horn5_Outline	Kürt Vázlat 5
FrameHair_A8_Color	Hajkeretezés 15
FrameHair_A8_Gradient	Hajkeretezés 16
FrameHair_Top_Color	Hair Framing Top
HairBang5_Middle_Color	(Hajfrizura) Hair Bang >< 9
HairShine1_Outline	Hajfény vázlat 2
WingG1_Inner_Outline	Szárny Vázlat 10 .2
VideoCamera	Videokamera
FrameHair_A7_Gradient	Hajkeretezés 14
FrameHair_A7_Color	Hajkeretezés 13
Index_Outline	Kéz 1 .9
Mouth	Száj
TailC3_Outline	Farok körvonala 10
Wing2_Outline	Fülszárny Vázlat 2
Wing1_Color	Fülszárny Vázlat 1
WingC1_Upper_Color	Szárny Vázlat 5 .1
Main7_Color	Outfit belső 7
HairHighlight3_Color	Hajkiemelés 3 << + 3 >>
HairHighlight4_Outline	Hajkiemelés >< Vázlat 1 + 2
ErrorPopup	Stops Working
TrashBinLid	Szemeteskosár 2
BackHair1_Outline	Haj hátsó körvonala 1 + 2
BackHair2_Outline	Haj hátsó körvonala 3 + 4
Horn6_Color	Kürt 6
HairBang7_Middle_Color	(Hajfrizura) Hair Bang >< 13
little_Outline	Kéz 1 .10
HornF1_Outline	Kürt Elöl Vázlat 1
TailC2_Outline	Farok körvonala 9
Outer2_Outline	(ruházat) Outfit külső körvonala 2
BackHair3_Outline	Haj hátsó körvonala 5 + 6
Tongue_Shadow	nyelv árnyék
Blush	Arcpirosító
FacialHair_B5_Color	Arcszőrzet B 5 
Knife	Nyálcsorgatás (villa és kés) 2
HairBang3_Side_Outline	(Hajfrizura) Hair Bang Vázlat 5 + 6
HairBang5_Side_Outline	(Hajfrizura) Hair Bang Vázlat 9 + 10
Horn7_Outline	Kürt Vázlat 7
PopcornBucket	Egyél (pattogatott kukorica) 1
Pigtail_A3_Outline	Haj Pigtail (Hajfarok) Vázlat 5 + 6
Collar7_Color	Outfit gallér belső 8
Hairband3_Color	Hajpánt B 1
Hammer	Kalapács
TailE3_Outline	Farok körvonala 14
HairBang6_Side_Outline	(Hajfrizura) Hair Bang Vázlat 11 + 12
HairBang2_Side_Outline	(Hajfrizura) Hair Bang Vázlat 3 + 4
HairShine7_Outline	Hajfény vázlat 14
EyepatchBandage_Color	Szemtapasz 5 + 6
EyepatchBandage_Outline	Szemtapasz körvonala 5 + 6
HairbandBack1_Color	Hajpánt D 1
Hairband4_Outline	Hajpánt B körvonal 2
KeyboardKeyA	Normál típus 1
Thumb_Outline	Kéz 1 .11
FacialHair_B3_Color	Arcszőrzet B 3
Hairband2_Outline	Hajpánt A körvonal 2
HairbandBack1_Outline	Hajpánt D körvonal 1
TailB3_Color	Farok 5
FrameHair_A7_Outline	Hajkeretezés Vázlat 13 + 14
FrameHair_A10_Color	Hajkeretezés 19
FrameHair_A10_Gradient	Hajkeretezés 20
FrameHair_A11_Outline	Hajkeretezés Vázlat 21 + 22
FrameHair_A9_Color	Hajkeretezés 17
FacialHair_A3_Color	Arcszőrzet A 3
BackHair1_Color	Haj Hátsó 1
Laptop	Laptop
SignRound	Kerek Jel
HairBang1_Side_Color	(Hajfrizura) Hair Bang 1
HairBang4_Side_Gradient	(Hajfrizura) Hair Bang 8
HairBang5_Side_Color	(Hajfrizura) Hair Bang 9
BackHair2_Color	Haj Hátsó 3
Pigtail_A6_Outline	Haj Pigtail (Hajfarok) Vázlat 11 + 12
Pigtail_A7_Outline	Haj Pigtail (Hajfarok) Vázlat 13 + 14
Watermelon	Egyél (görögdinnye)
Cheek2	(Orca) Pofa 2
HairClip6_Color	Hajcsat 6
Spoon	Érkezés (kanállal)
Tape	Szalag
HatB2_Outline	Kalap vázlat 4
HairShine2_Outline	Hajfény vázlat 4
HairBang1_Side_Gradient	(Hajfrizura) Hair Bang 2
HairBang2_Side_Color	(Hajfrizura) Hair Bang 3
HairBang5_Side_Gradient	(Hajfrizura) Hair Bang 10
BackHair2_Gradient	Haj Hátsó 4
FrameHair_B3_Outline	Hajkeretezés Vázlat 28
FaceFeatureC1	Arcvonás C 1
Pigtail_A8_Color	Haj Pigtail (Hajfarok) 15
NeckwearB4_Color	(Ruházat Nyakruha) Outfit Neckwear B 4
WingE1_Lower_Color	Szárny 8 .3
PhoneScreen	Telefon képernyő 3
AngrySteam	(Gőz) Steam matrica
Outer1_Color	(Külső ruházat) Outfit Outer 1
SideHair_Branch_C2_Outline	Haj oldalág körvonala C 2
Hairband4_Color	Hajpánt B 2
Pigtail_A3_Color	Haj Pigtail (Hajfarok) 5
BackHair3_Gradient	Haj Hátsó 6
HairBang2_Side_Gradient	(Hajfrizura) Hair Bang 4
PixelSunglasses	Pixel napszemüveg
HatB1_Color	Kalap 3
FacialHair_B3_Outline	Arcszőrzet Vázlat B 3
CapeBack1_Color	(Köpeny hátulja) Cape Back 1
HairShine1_Color	Hajfény 1 + 2
Palmar_Color	Kéz 1 .12
Ahoge_B1_Color	Haj Ahoge 5
HatA2_Outline	Kalap vázlat 2
Pigtail_A5_Outline	Haj Pigtail (Hajfarok) Vázlat 9 + 10
Pigtail_A3_Gradient	Haj Pigtail (Hajfarok) 6
HairBang3_Side_Color	(Hajfrizura) Hair Bang 5
HairBang3_Side_Gradient	(Hajfrizura) Hair Bang 6
HairShine4_Outline	Hajfény vázlat 8
BackHair1_Gradient	Haj Hátsó 2
SignSquare	Négyzet alakú jel
Horn4_Outline	Kürt 4
PonytailB1_Gradient	Haj lófarok 12
PonytailB1_Color	Haj lófarok 11
FrameHair_A1_Outline	Hajkeretezés Vázlat 1 + 2
Collar7_Outline	Outfit gallér vázlat 8
NeckwearA3_Outline	(Ruházat Nyakruha) Outfit Neckwear A körvonal 3
NeckwearA2_Outline	(Ruházat Nyakruha) Outfit Neckwear A körvonal 2
TailA1_Outline	Farok körvonala 1
Horn3_Outline	Kürt Vázlat 3
Pigtail_A8_Gradient	Haj Pigtail (Hajfarok) 16
SunglassesReflection	Napszemüveg Reflection (Napszemüveg tükörképe)
NeckwearA6_Color	(Ruházat Nyakruha) Outfit Neckwear A 6
Tie2_Outline	(Ruházat Nyakruha) Outfit Neckwear C körvonal 2
Halo4_Color	Halo (Glória) 5 + 6
FrameHair_A6_Color	Hajkeretezés 11
Middle_Outline	Kéz 1 .13
RedPacketCoin2	(Piros csomag) RedPacket 3
NeckwearB5_Color	(Ruházat Nyakruha) Outfit Neckwear B 5
Eye1_HighlightCry	Szem 1 | Sírás
Collar3_Color	Outfit gallér belső 3
TailC3_Color	Farok 10
ElfEar_Color	Fül 1.1
Surprise	Matrica Meglepetés
Gill3_Outline	Gill vázlat (Kopoltyúvázlat) 1 .3
Pigtail_A4_Gradient	Haj Pigtail (Hajfarok) 8
Pigtail_A1_Color	Haj Pigtail (Hajfarok) 1
Eye_U	Alvás (UU)
Cockroach	Csótány
Halo3_Outline	Halo Outline (Glória körvonal) 3
Wing3_Outline	Fülszárny Vázlat 3
Halo4_Outline	Halo Outline (Glória körvonal) 5 + 6
Wing3_Color	Fülszárny 3
WingD1_Outline	Szárny Vázlat 6
FacialHair_A1_Color	Arcszőrzet A 1
Ghost	Matrica Ghost (szellem)
Hairband7_Outline	Hajpánt C körvonal 1
Horn6_Outline	Kürt Vázlat 6
HairHighlight3_Outline	Hajkiemelés Vázlat 3 << + 3 >>
Glasses_Frame2	Szemüveg 2
NeckwearA4_Outline	(Ruházat Nyakruha) Outfit Neckwear A körvonal 4
Ear_Color	Fül 1
HatB2_Color	Kalap 4
FacialHair_A4_Outline	Arcszőrzet Vázlat A 4
PonytailB1_Outline	Haj lófarok vázlat 11 + 12
Collar1_Color	Outfit gallér belső 1
CapeBack3_Outline	(Köpeny hátulja) Cape Back | (Köpeny) Cape körvonala 3
Pigtail_A1_Outline	Haj Pigtail (Hajfarok) Vázlat 1 + 2
Tie2_Color	(Ruházat Nyakruha) Outfit Neckwear C 2
TailE1_Color	Farok 12
PatHand	(Simogató kéz) Pat Hand
Main6_Outline	Outfit belső körvonala 6
Pigtail_A6_Color	Haj Pigtail (Hajfarok) 11
Card	Reverse
FacialHair_A8_Color	Arcszőrzet A 8
CapeBack2_Outline	(Köpeny hátulja) Cape Back | (Köpeny) Cape körvonala 2
CapeFront6_Color	(Köpeny eleje) Cape Front 6
PonytailB2_Gradient	Haj lófarok 14
Megaphone	Megafon
Glasses_Frame1	Szemüveg 1
Pigtail_B1_Outline	Haj Pigtail (Hajfarok) Vázlat 17 + 18
Eye1_Dollar	Szem dollár 1 + 2
FaceFeatureA1	Arcvonás A 1
Eye1_Heart	Szem Szív 1 + 2
Collar2_Color	Outfit gallér belső 2
Pigtail_A6_Gradient	Haj Pigtail (Hajfarok) 12
FrameHair_B3_Gradient	Hajkeretezés 28
FrameHair_B3_Color	Hajkeretezés 27
FrameHair_TopBack_Outline	Hajkeretezés top Vázlat 2
Horn5_Color	Kürt 5
Fork	Nyálcsorgatás (villa és kés) 1
SteeringWheel	Kormánykerék
Hairband1_Color	Hajpánt A 1
HatB3_Outline	Kalap vázlat 5
FrameHair_A4_Color	Hajkeretezés 7
NeckwearB3_Color	(Ruházat Nyakruha) Outfit Neckwear B 3
HammerEffect1	Kalapács 1
HairHighlight6_Color	Hajkiemelés >< 5 + 6
Pigtail_B2_Outline	Haj Pigtail (Hajfarok) Vázlat 19 + 20
WingF1_Upper_Outline	Szárny Vázlat 9 .1
Pigtail_A2_Gradient	Haj Pigtail (Hajfarok) 4
RedPacketCoin3	(Piros csomag) RedPacket 2
FrameHair_A9_Gradient	Hajkeretezés 18
TrashBin	Szemeteskosár 1
FacialHair_A2_Outline	Arcszőrzet Vázlat A 2
Tongue1	Nyalás | nyelv
HairShine4_Color	Hajfény 7 + 8
Toilet	WC
FrameHair_A5_Gradient	Hajkeretezés 10
CapeFront6_Outline	(Köpeny eleje) Cape Front | (Köpeny) Cape körvonala 6
FrameHair_A5_Color	Hajkeretezés 9
CapeBack2_Color	(Köpeny hátulja) Cape Back 2
SunGlasses_Lens	Napszemüveg Lens
FrameHair_A9_Outline	Hajkeretezés Vázlat 17 + 18
Main8_Outline	Outfit belső körvonala 8
Pigtail_A4_Color	Haj Pigtail (Hajfarok) 7
KeyboardKeyB	Normál típus 2
Tie3_Color	(Ruházat Nyakruha) Outfit Neckwear C 3
Nose2	Orr 2
FacialHair_A5_Color	Arcszőrzet A 5
AlertCustom_Color	Matrica figyelmeztetés 2
AlertCustom_Outline	Matrica figyelmeztetés vázlata 2
SideHair_Branch_A2_Outline	Haj oldalág körvonala A 2
Horn1_Color	Kürt 1
Outer3_Outline	(ruházat) Outfit külső körvonala 3
SideHair_Branch_B1_Outline	Haj oldalág körvonala B 1
ElfEar_Outline	Fül Vázlat 1.1
Outer4_Color	(Külső ruházat) Outfit Outer 4
Outer3_Color	(Külső ruházat) Outfit Outer 3
HairHighlight5_Outline	Hajkiemelés >< Vázlat 3 +4
SideHair_Branch_C1_Outline	Haj oldalág körvonala C 1
Stylus	(Érintőceruza) Stylus
Tear2_Outline	(Szem könny) Eye Tear 3
Donut1	Fánk 1
Donut2	Fánk 2
SideHair_Branch_A1_Outline	Haj oldalág körvonala A 1
Eye1_Light	Szem írisz fénye 1 + 2
Angry2	Dühös matrica 2
WingF1_Upper_Color	Szárny 9 .1
NeckwearB2_Color	(Ruházat Nyakruha) Outfit Neckwear B 1 + 2
SideHair_Branch_A1_Color	Haj oldalág A 1
SignRoundText1	Kerek jel szöveg
Collar2_Outline	Outfit gallér vázlat 2
MusicalNote2	Hangjegy 2
FacialHair_B4_Color	Arcszőrzet B 4
Mecha2_Color	Mecha 2
Six	Hat szám
PointHand	Pontos kéz
HairClip8_Color	Hajcsat 8
FaceFeatureB1	Arcvonás B 1
Pigtail_B2_Gradient	Haj Pigtail (Hajfarok) 20
Main8_Color	Outfit belső 8
Tear2_Color	(Szem könny) Eye Tear 2
Eye3_Dark	Szem Iris Sötét 3
Outer4_Outline	(ruházat) Outfit külső körvonala 4
Glasses_Lens1	Szemüveg Lens 1
WingA3_Outline	Szárny Vázlat 3
Ahoge_B2_Color	Haj Ahoge 6
CapeFront1_Outline	(Köpeny eleje) Cape Front | (Köpeny) Cape körvonala 1
Cake	Torta
WingD1_Color	Szárny 6
Pigtail_B1_Gradient	Haj Pigtail (Hajfarok) 18
Outer7_Color	(Külső ruházat) Outfit Outer 7
Ahoge_B1_Outline	Haj Ahoge vázlat 5
HornM1_Outline	Kürt Elöl >< Vázlat 1
HornF2_Color	Kürt Elöl 2
CapeFront4_Color	(Köpeny eleje) Cape Front 4
FrameHair_Branch_A3_Color	Hajág 3
Main2_Outline	Outfit belső körvonala 2
Wing1_Outline	Fülszárny Vázlat 1
WingD2_Upper_Outline	Szárny Vázlat 7 .1
Mecha4_Color	Mecha 4
Horn1_Outline	Kürt Vázlat 1
WingA2_Color	Szárny 2
EasterEggBasket	húsvéti 4
Mecha4_Outline	Mecha körvonal 4
Antenna2_Color	Antenna 2
Mecha1_Color	Mecha 1
Ahoge_A3_Outline	Haj Ahoge vázlat 3
Main1_Outline	Outfit belső körvonala 1
Horn2_Color	Kürt 2
HairBang4_Middle_Gradient	(Hajfrizura) Hair Bang >< 8
CapeFront3_Color	(Köpeny eleje) Cape Front 3
Notepad	Jegyzettömb
Outer5_Color	(Külső ruházat) Outfit Outer 5
WingA3_Color	Szárny 3
WingB1_Color	Szárny 4
Pistol	Pisztoly
Horn7_Color	Kürt 7
Bottle	Coke Shake
Outer6_Color	(Külső ruházat) Outfit Outer 6
Laugh2	Nevetés matrica 2
FrameHair_B1_Gradient	Hajkeretezés 24
Outer5_Outline	(ruházat) Outfit külső körvonala 5
FrameHair_Top_Outline	Hajkeretezés top Vázlat
WingG1_Inner_Color	Szárny 10 .2
HairBang5_Middle_Outline	(Hajfrizura) Hair Bang >< Vázlat 9 + 10
Beer	Egészségére
HairBang4_Middle_Color	(Hajfrizura) Hair Bang >< 7
TailE1_Outline	Farok körvonala 12
TailC2_Color	Farok 9
HornF2_Outline	Kürt Vázlat 9
HairBang2_Middle_Outline	(Hajfrizura) Hair Bang >< Vázlat 3 + 4
Ahoge_B2_Outline	Haj Ahoge vázlat 6
Bell	Harang 2
FrameHair_Branch_A3_Outline	Hajág körvonala 3
FrameHair_A3_Color	Hajkeretezés 5
FrameHair_A3_Gradient	Hajkeretezés 6
Horn2_Outline	Kürt Vázlat 2
Outer6_Outline	(ruházat) Outfit külső körvonala 6
WingD2_Upper_Color	Szárny 7 .1
Antenna2_Outline	Antenna Vázlat 2
TailB5_Outline	Farok körvonala 7
HairBang5_Middle_Gradient	(Hajfrizura) Hair Bang >< 10
HairBang1_Middle_Color	(Hajfrizura) Hair Bang >< 1
QuestionMark	Matrica kérdőjel
Horn3_Color	Kürt 3
SignSquareText1	Négyzet alakú jel szöveg
Antenna1_Color	Antenna 1
FrameHair_A2_Gradient	Hajkeretezés 4
HairHighlight1_Outline	Hajkiemelés Vázlat 1 << + 1 >>
TailD1_Color	Farok 11
HairBang6_Middle_Outline	(Hajfrizura) Hair Bang >< Vázlat 11 + 12
HairBang7_Middle_Gradient	(Hajfrizura) Hair Bang >< 14
HairBang6_Middle_Color	(Hajfrizura) Hair Bang >< 11
HairBang6_Middle_Gradient	(Hajfrizura) Hair Bang >< 12
CapeFront4_Outline	(Köpeny eleje) Cape Front | (Köpeny) Cape körvonala 4
FrameHair_A2_Color	Hajkeretezés 3
FacialHair_A1_Outline	Arcszőrzet Vázlat A 1
HairBang1_Middle_Gradient	(Hajfrizura) Hair Bang >< 2
HornM1_Color	Kürt Elöl >< 1
TailB4_Color	Farok 6
TailB2_Color	Farok 4
Pigtail_B2_Color	Haj Pigtail (Hajfarok) 19
Fin1_Color	Fin 1
TailB3_Outline	Farok körvonala 5
Halo1_Color	Halo (Glória) 1
TailB2_Outline	Farok körvonala 4
FrameHair_A3_Outline	Hajkeretezés Vázlat 5 + 6
FrameHair_B1_Color	Hajkeretezés 23
HairClip7_Color	Hajcsat 7
FacialHair_A6_Color	Arcszőrzet A 6
FacialHair_A3_Outline	Arcszőrzet A 3
Halo1_Outline	Halo Outline (Glória körvonal) 1
Hairband7_Color	Hajpánt C 1
Keyboard	Normál típus 3
FrameHair_A6_Outline	Hajkeretezés Vázlat 11 + 12
VolumeOff	Matrica kötet 2
PalmarGlove1_Color	Kéz 2 .2
FacialHair_A6_Outline	Arcszőrzet Vázlat A 6
TailB1_Outline	Farok körvonala 3
Pigtail_A1_Gradient	Haj Pigtail (Hajfarok) 2
FrameHair_A4_Gradient	Hajkeretezés 8
KitchenKnife	Konyhai kés
Halo2_Color	Halo (Glória) 2
FrameHair_A6_Gradient	Hajkeretezés 12
HairShine5_Color	Hajfény 9 + 10
FrameHair_B2_Color	Hajkeretezés 25
FacialHair_B1_Outline	Arcszőrzet Vázlat B 1
Main3_Outline	Outfit belső körvonala 3
Main4_Outline	Outfit belső körvonala 4
Main7_Outline	Outfit belső körvonala 7
HatA2_Color	Kalap 2
Pigtail_C2_Outline	Haj Pigtail (Hajfarok) Vázlat 23 + 24
Main1_Color	Outfit belső 1
Eyepatch2_Outline	Szemtapasz körvonala 3 + 4
SideHair_Branch_C2_Color	Haj oldalág C 2
HairHighlight6_Outline	Hajkiemelés >< Vázlat 5 + 6
SideHair_Branch_C1_Color	Haj oldalág C 1
Eyepatch1_Outline	Szemtapasz körvonala 1 + 2
AlertCoin_Outline	Matrica figyelmeztetés vázlata 3
Eye_Dum_Outline	Szem(Dum) körvonal 1 + 2
FrameHair_Branch_A2_Outline	Hajág körvonala 2
Main5_Color	Outfit belső 5
Pompom	Pompon
HairClip10_Outline	Hajcsat Vázlat 10
WaveHand	Hullám kéz
HeartItem	Szív
FrameHair_Branch_A2_Color	Hajág 2
FrameHair_Branch_A1_Outline	Hajág körvonala 1
Eye_Dum_Color	Szem fehér
AlertCoin_Color	Matrica figyelmeztetés 3
Button	Gomb
SideHair_Branch_B2_Outline	Haj oldalág körvonala B 2
Face_Shadow	Arcárnyék
AlertStar_Outline	Matrica figyelmeztetés vázlata 5
Pigtail_C1_Outline	Haj Pigtail (Hajfarok) Vázlat 21 + 22
AlertHeart_Outline	Matrica figyelmeztetés vázlata 1
AlertLike_Color	Matrica figyelmeztetés 4
AlertStar_Color	Matrica figyelmeztetés 5
Sleep	Alvó matrica
Square	Ajtó/fal | Jail Grill (Börtönrácsok) | Külső takaró
SideHair_Branch_A2_Color	Haj oldalág A 2
Beverage	Italpohár 3
HairClip8_Outline	Hajcsat Vázlat 8
HairClip9_Outline	Hajcsat Vázlat 9
GiftBox	Ajándék 1
Mecha5_Outline	Mecha körvonal 5
WingC1_Lower_Color	Szárny 5 .2
Gill3_Color	Kopoltyú 1 .3
FacialHair_B6_Outline	Arcszőrzet Vázlat B 6
HairClip10_Color	Hajcsat 10
SideHair_Branch_B2_Color	Haj oldalág B 2
SideHair_Branch_B1_Color	Haj oldalág B 1
Bowl	Tál
Pigtail_C1_Color	Haj Pigtail (Hajfarok) 21
Pigtail_C1_Gradient	Haj Pigtail (Hajfarok) 22
HairClip7_Outline	Hajcsat Vázlat 7
HairHighlight5_Color	Hajkiemelés >< 3 + 4
HairClip6_Outline	Hajcsat Vázlat 6
Bill1	Számla 1
LubricantSpray	Permet
Ahoge_A1_Outline	Haj Ahoge vázlat 1
Gill1_Outline	Gill vázlat (Kopoltyúvázlat) 1 .1
FacialHair_B6_Color	Arcszőrzet B 6 
Heart	Matrica szív
Popper	(konfetti kánon) Popper
Pencil	Ceruza
Ahoge_A3_Color	Haj Ahoge 3
BeverageCup	Italpohár
Mouth_Popcat2	Popcat | Száj 2
HairClip9_Color	Hajcsat 9
AlertBits_Color	Matrica figyelmeztetés 6
Seven	Number Seven
PhoneFront	Telefon 1
Gill2_Outline	Gill vázlat (Kopoltyúvázlat) 1 .2
FrameHair_B2_Outline	Hajkeretezés Vázlat 25 + 26
NeckwearB7_Outline	(Ruházat Nyakruha) Outfit Neckwear B körvonal 7
Angry1	Dühös matrica 1
Cup	Csésze
Phone	Telefon 2
Palmar_Outline	Kéz 1 .14
FrameHair_B1_Outline	Hajkeretezés Vázlat 23 + 24
WingD2_Lower_Color	Szárny 7 .2
HairClip11_Outline	Hajcsat Vázlat 11
RedPacket	(Piros csomag) RedPacket 1
HairClip12_Outline	Hajcsat Vázlat 12
Gill1_Color	Kopoltyú 1 .1
Eye1_Dark	Szem Iris Sötét 1 + 2
NeckwearB3_Outline	(Ruházat Nyakruha) Outfit Neckwear B körvonal 3
LightBulb	Matrica villanykörte
Mecha3_Color	Mecha 3
Mecha6_Outline	Mecha körvonal 6
Ahoge_A1_Color	Haj Ahoge 1
WingA1_Outline	Szárny Vázlat 1
RedPacketCoin1	(Piros csomag) RedPacket 5
SweatBlue	Izzadt matrica nagy
HornF1_Color	Kürt Elöl 1
Sparkle	Csillog
Ahoge_A2_Outline	Haj Ahoge vázlat 
FaceFeatureC2	Arcvonás C 2
Glove1_Outline	Kesztyű Vázlat
PalmGlove1_Color	Kéz 2 .3
PalmGlove1_Outline	Kéz 2 .4
FacialHair_B2_Outline	Arcszőrzet B 2
Mecha6_Color	Mecha 6
CapeFront1_Color	(Köpeny eleje) Cape Front 1
HairClip4_Color	Hajcsat 4
NeckwearB1_Color	(Ruházat Nyakruha) Outfit Neckwear B 2
Cheek1	(Orca) Pofa 1
Lubricant	Kenőanyag
Ahoge_A4_Outline	Haj Ahoge vázlat 4
Angry3	Dühös matrica 3
Microphone	Mikrofon
NeckwearB4_Outline	(Ruházat Nyakruha) Outfit Neckwear B körvonal 4
WingE1_Middle_Outline	Szárny Vázlat 8 .2
FacialHair_B2_Color	Arcszőrzet B 2
Collar4_Outline	Outfit gallér vázlat 4
TailF3_Outline	Farok körvonala 17
Donut4	Fánk 4
Laugh3	Nevetés matrica 3
Tear1	(Szem könny) Eye Tear 1
NeckwearA6_Outline	(Ruházat Nyakruha) Outfit Neckwear A körvonal 6
Confetti1	Konfetti 4
Eye_Dum_Pupil	Szem(Dum) Pupilla
NeckwearB2_Outline	(Ruházat Nyakruha) Outfit Neckwear B körvonal 1 + 2
FrameHair_B4_Color	Hajkeretezés 29
FrameHair_B4_Gradient	Hajkeretezés 30
NeckwearB6_Outline	(Ruházat Nyakruha) Outfit Neckwear B körvonal 6
Eye_Popcat_Dark	Dum 3 | Szem | Popcat keret 2
HairClip2_Outline	Hajcsat Vázlat 2
FrameHair_B2_Gradient	Hajkeretezés 26
Hand_Outline	Kéz 1 .15
Glove1_Color	Kesztyű
NeckwearA1_Outline	(Ruházat Nyakruha) Outfit Neckwear A körvonal 1
WingE1_Lower_Outline	Szárny Vázlat 8 .3
Mouse	Egér
Collar5_Color	Outfit gallér belső 5
Tie1_Outline	(Ruházat Nyakruha) Outfit Neckwear C körvonal 1
Eyebag	Szemtáska
WingG1_Outter_Outline	Szárny Vázlat 10 .1
Laugh1	Nevetés matrica 1
Popcorn	Egyél (pattogatott kukorica) 2
NeckwearA5_Outline	(Ruházat Nyakruha) Outfit Neckwear A körvonal 5
BeverageLiquid	Folyékony ital
Eye3_HighlightCry	Szem 3 | Sírás
Eye3_Sparkling	Szem csillogó 3
Confetti2	Konfetti 5
Eye3_Spiral	Szemspirál 3
FacialHair_B1_Color	Arcszőrzet B 1
PhoneScreenPattern2	Telefon képernyő 2
VolumeOn	Matrica kötet 3
FacialHair_B4_Outline	Arcszőrzet Vázlat B 4
Collar5_Outline	Outfit gallér vázlat 5
WingEL_Lower_WeightTransfer	Szárny >> 15 .3
NeckwearB1_WeightTransfer	(Ruházat Nyakruha) Outfit Neckwear B 8
FloatingL_WeightTransfer	Mecha >> 7
HairBang_SideL_WeightTransfer	(Hajfrizura) Hair Bang >> 13
FloatingR_WeightTransfer	Mecha << 7
Glasses_WeightTransfer	Szemüveg 4
AhogeA_WeightTransfer	Haj Ahoge 7
BackHair_WeightTransfer	Haj Hátsó 7
AnimalEarBL_WeightTransfer	Állati fül >> 11
EyepatchA_WeightTransfer	Szemtapasz 7
TailD_WeightTransfer	Farok 22
HairBang_Middle_WeightTransfer	(Hajfrizura) Hair Bang >< 15
Face_WeightTransfer	Arcvonás C 3
NeckwearB2_WeightTransfer	(Ruházat Nyakruha) Outfit Neckwear B 9
EarringBR_WeightTransfer	Fülbevaló << 12
EarringBL_WeightTransfer	Fülbevaló >> 12
NeckwearC_WeightTransfer	(Ruházat Nyakruha) Outfit Neckwear C 4
HatC_WeightTransfer	Kalap 11
TailFSoft_WeightTransfer	Farok 25
TailFHard_WeightTransfer	Farok 24
EarringAR_WeightTransfer	Fülbevaló << 11
EarringAL_WeightTransfer	Fülbevaló >> 11
HatA_WeightTransfer	Kalap 9
LegR_WeightTransfer	Láb << 2
LegL_WeightTransfer	Láb >> 2
HatD_WeightTransfer	Kalap 12
FrameHair_WeightTransfer	Hajkeretezés >< 
TailE_WeightTransfer	Farok 23
TailA_WeightTransfer	Farok 19
SideHairB_WeightTransfer	Hajoldal 34
SideHairA_WeightTransfer	Hajoldal 33
PonytailA_WeightTransfer	Haj lófarok 15
WingER_Upper_WeightTransfer	Szárny << 15 .1
WingER_Middle_WeightTransfer	Szárny << 15 .2
OutfitOuter_WeightTransfer	(Külső ruházat) Outfit Outer 8
WingAL_WeightTransfer	Szárny >> 11
PalmarL_WeightTransfer	Kéz >> 3 .5
HeadWingAL_WeightTransfer	Fülszárny >> 4
BrowL_WeightTransfer	Szemöldök >> 10
BrowR_WeightTransfer	Szemöldök << 10
MustacheA_WeightTransfer	Arcszőrzet B 7
TailC_WeightTransfer	Farok 21
FrameHair_BranchL_WeightTransfer	Hajág >> 4
HandL_Middle_WeightTransfer	Kéz >> 3 .1
HandL_Thumb_WeightTransfer	Kéz >> 3 .2
NeckwearA_WeightTransfer	(Ruházat Nyakruha) Outfit Neckwear A 7
WingER_Lower_WeightTransfer	Szárny << 15 .3
WingEL_Upper_WeightTransfer	Szárny >> 15 .1
WingGL_Outter_WeightTransfer	Szárny >> 17 .1
WingCL_Upper_WeightTransfer	Szárny >> 13 .1
WingGR_Inner_WeightTransfer	Szárny << 17 .2
WingCR_Upper_WeightTransfer	Szárny << 13 .1
EarL_WeightTransfer	Fül 2 >>
EarR_WeightTransfer	Fül 2 <<
CapeBack_WeightTransfer	(Köpeny hátulja) Cape Back 4
CapeFront_WeightTransfer	(Köpeny eleje) Cape Front 7
WingEL_Middle_WeightTransfer	Szárny >> 15 .2
WingFR_Upper_WeightTransfer	Szárny << 16 .1
AntennaR_WeightTransfer	Antenna << 3
AnimalEarAR_WeightTransfer	Állati fül << 10
WingDL_WeightTransfer	Szárny >> 14
AnimalEarCL_WeightTransfer	Állati fül >> 12
WingGL_Inner_WeightTransfer	Szárny >> 17 .2
Halo_WeightTransfer	Halo (Glória) 7
FinR_WeightTransfer	Fin << 2
HatB_WeightTransfer	Kalap 10
AnimalEarAL_WeightTransfer	Állati fül >> 10
TailB_WeightTransfer	Farok 20
HandL_Little_WeightTransfer	Kéz >> 3 .3
HandL_Index_WeightTransfer	Kéz >> 3 .4
FinL_WeightTransfer	Fin >> 2
AntennaL_WeightTransfer	Antenna >> 3
PonytailAR_WeightTransfer	Haj Pigtail (Hajfarok) << 25
OutfitInner_WeightTransfer	Outfit belső 9
MustacheB_WeightTransfer	Arcszőrzet B 8
PonytailB_WeightTransfer	Haj lófarok 16
HairBandA_WeightTransfer	Hajpánt A 3
HairBang_SideR_WeightTransfer	(Hajfrizura) Hair Bang << 13
EyepatchB_WeightTransfer	Szemtapasz 8
WingFL_Lower_WeightTransfer	Szárny >> 16 .2
WingBL_WeightTransfer	Szárny >> 12
PonytailCL_WeightTransfer	Haj Pigtail (Hajfarok) >> 26
HairbandB_WeightTransfer	Hajpánt B 5
BeardA_WeightTransfer	Arcszőrzet A 9
PonytailAL_WeightTransfer	Haj Pigtail (Hajfarok) >> 25
AnimalEarBR_WeightTransfer	Állati fül << 11
EyelashR_WeightTransfer	Szem 4 | Szempilla <<
GillR_WeightTransfer	Kopoltyú << 2
PiercingAL_WeightTransfer	Piercing A >> 6
PiercingAR_WeightTransfer	Piercing A << 6
WingFR_Lower_WeightTransfer	Szárny << 16 .2
WingFL_Upper_WeightTransfer	Szárny >> 16 .1
HairBandC_WeightTransfer	Hajpánt D 3
HornL_WeightTransfer	Kürt >> 8
HornR_WeightTransfer	Kürt << 8
EyelashL_WeightTransfer	Szem 4 | Szempilla >>
GillL_WeightTransfer	Kopoltyú >> 2
HornFrontL_WeightTransfer	Kürt Elöl >> 3
HornFrontR_WeightTransfer	Kürt Elöl << 3
WingDR_WeightTransfer	Szárny << 14
FrameHair_BranchR_WeightTransfer	Hajág << 4
HeadWingAR_WeightTransfer	Fülszárny << 4
HornFrontM_WeightTransfer	Kürt Elöl >< 2
WingGR_Outter_WeightTransfer	Szárny << 17 .1
EyeDollarR_WeightTransfer	Szem dollár << 4 + 5
EyeHeartL_WeightTransfer	Szem Szív >> 4 + 5
EyeHeartR_WeightTransfer	Szem Szív << 4 + 5
EyeHighlightCryL_WeightTransfer	Szem 4 + 5 >> | Sírás
EyeHighlightCryR_WeightTransfer	Szem 4 + 5 << | Sírás
EyeL_WeightTransfer	Szem >> 4 + 5
EyeR_WeightTransfer	Szem << 4 + 5
EyeSparklingL_WeightTransfer	Szem csillogó >> 4 + 5
EyeSparklingR_WeightTransfer	Szem csillogó << 4 + 5
EyeSpiralL_WeightTransfer	Szemspirál >> 4 + 5
EyeSpiralR_WeightTransfer	Szemspirál << 4 + 5
AnimalEarCR_WeightTransfer	Állati fül << 12
WingAR_WeightTransfer	Szárny << 11
PonytailCR_WeightTransfer	Haj Pigtail (Hajfarok) << 26
PiercingBL_WeightTransfer	Piercing B >> 6
PiercingBR_WeightTransfer	Piercing B << 6
HandL_WeightTransfer	Kéz >> 3
HandR_Index_WeightTransfer	Kéz << 3 .4
HandR_Little_WeightTransfer	Kéz << 3 .3
HandR_Middle_WeightTransfer	Kéz << 3 .1
HandR_Thumb_WeightTransfer	Kéz << 3 .2
HandR_WeightTransfer	Kéz << 3
PalmarR_WeightTransfer	Kéz << 3 .5
WingCL_Lower_WeightTransfer	Szárny >> 13
WingCR_Lower_WeightTransfer	Szárny << 13
WingBR_WeightTransfer	Szárny << 12
EyeDollarL_WeightTransfer	Szem dollár >> 4 + 5
ClownWig	Bohóc 1
FireA1	Ütés
ElectricFan	Elektromos ventilátor
Cheese	Sajt
ElectricFanBlades	Elektromos ventilátorlapátok
Guitar_Outline	Gitár vázlat
Guitar_Color1	Gitár színe 1
PaperFanSticks	Összecsukható ventilátor 2
PaperFanLeaf	Összecsukható ventilátor 1
Stool	Széklet
Slipper	Papucs
Guitar_Color2	Gitár színe 2
WinkStar	(Kacsintás Csillag) Wink Star
ClownNose	Bohóc 2
Guitar_Color3	Gitár színe 3
SideHairA7_Color	Hajoldal 13
PonytailA3_Gradient	Haj lófarok 6
SideHairA2_Gradient	Hajoldal 4
SideHairB5_Color	Hajoldal 25
SideHairB3_Gradient	Hajoldal 22
PonytailA2_Outline	Haj lófarok vázlat 3 + 4
PonytailB2_Outline	Haj lófarok vázlat 13 + 14
PonytailB2_Color	Haj lófarok 13
Outer7_Outline	(ruházat) Outfit külső körvonala 7
Outer1_Outline	(ruházat) Outfit külső körvonala 1
Hand_Color	Kéz 1
LaptopLight3	Laptop fény 3
Finger	Dörzsölje 1
Scissor	Vágás (olló)
BoopHand	Boop
Trophy	trófea 1
ProgressBar	(Folyamatjelző tároló) Progress Bar Container
Progress	Folyamat sáv kitöltése
