SpriteName	It
FaceFeatureB5	Caratteristica del viso B 5
PiercingA5_Color	Perforazione 5
Loading	Caricamento adesivo
Nose3	Naso 3
CapeFront3_Outline	Capo anteriore | Profilo del Capo 3
CockroachLeg	Scarafaggio 1
EarringA5_Color	Orecchino 5
Eye2_Highlight	Evidenziazione degli occhi 2
Angry4	Adesivo Arrabbiato 4
AnimalEar1_Front_Outline	Orecchio di animale Contorno 1
Main5_Outline	Contorno interno del vestito 5
ExclamationMark	Punto esclamativo adesivo
Mouth_Line	Tazza per bevande | Bocca
Eye3_Dollar	Dollaro degli occhi 3
HairShine7_Color	Lucentezza dei capelli 13 + 14
WingG1_Outter_Color	Ala 10 .1
Eye1_Upperlid	Ciglia 1 .1
WingE1_Middle_Color	Ala 8 .2
TailE2_Color	Coda 13
SweatWhite	Adesivo Sudore
Collar6_String	Corda per colletto dell'outfit 7
PonytailA5_Color	Coda di cavallo dei capelli 9
FrameHair_A10_Outline	Inquadratura dei capelli Contorno 19
HairBang6_Side_Color	Frangia ai capelli 11
SideHairA5_Outline	Contorno laterale dei capelli 9 + 10
SideHairA3_Color	Lato dei capelli 5
FrameHair_A5_Outline	Inquadratura dei capelli Contorno 9 + 10
Pigtail_A2_Color	Codino di capelli 3
SideHairB8_Outline	Contorno laterale dei capelli 31 + 32
SideHairA3_Outline	Contorno laterale dei capelli 5 + 6 
PonytailA1_Color	Coda di cavallo dei capelli 1
PonytailA5_Gradient	Coda di cavallo dei capelli 10
BellClapper	Campana 1
EarringA5_Outline	Orecchino Contorno 5
HairShine5_Outline	Contorno di lucentezza dei capelli 10
Nose1	Naso 1
HairClip5_Color	Fermaglio per capelli 5
TailC1_Color	Coda 8
PonytailA5_Outline	Contorno di coda di cavallo per capelli 9 + 10
WingB1_Outline	Ala Contorno 4
AlertClick	Effetto avviso adesivo
HairClip13_Color	Fermaglio per capelli 13
SideHairA7_Outline	Contorno laterale dei capelli 13 + 14
SideHairA6_Outline	Contorno laterale dei capelli 11 + 12
CreditCard	Scorrimento della carta
Hand_Line2	Mano 1 .1
Eye1_Highlight	Evidenziazione degli occhi 1
EarringA1_Color	Orecchino 1
Brow1	Sopracciglia 1
FaceFeatureB2	Caratteristica del viso B 2
CortisolMeter	Danza (cortisolo basso) 2
HairBang1_Side_Outline	Frangia capelli Contorno 1 + 2
Hairline	Capelli di base 1
EarringB1_Color	Orecchino 6
Palmar_Line2	Mano 1 .2
StrawLiquid_Color	Bevanda liquida 2
Mecha5_Color	(Mecha) Mecca 5
HairClip13_Outline	Fermaglio per capelli Contorno 13
EasterEgg3	Pasqua 3
Collar3_Outline	Contorno del colletto dell'abito 3
HairHighlight4_Color	Capelli evidenziati >< 1 + 2
Tongue2	Bocca/Lingua | Leccata
FaceFeatureA3	Caratteristica del viso A 3
AnimalEar4_Outline	Orecchio di animale Contorno 4
SideHairB8_Gradient	Lato dei capelli 32
PonytailA4_Outline	Contorno di coda di cavallo per capelli 7 + 8
HatD1_Outline	Profilo del cappello 8
GasBottle	Bombola del gas
SideHairA2_Outline	Contorno laterale dei capelli 3 + 4
SideHairB5_Outline	Contorno laterale dei capelli 25 + 26
FacialHair_A4_Color	Peli sul viso A 4
EarringA2_Color	Orecchino 2
Eye3_Light	Luce dell'iride dell'occhio 3
AnimalEar1_Back_Outline	Orecchio di animale Contorno 1 .1
CapeFront5_Outline	Capo anteriore | Profilo del Capo 5
SideHairB8_Color	Lato dei capelli 31
HairShine6_Color	Lucentezza dei capelli 11 + 12
Hairband5_Outline	(Fascia per capelli) Cerchietto B Contorno 3
CapeBack1_Outline	Capo Indietro | Profilo del Capo 1
Halo3_Color	Alone 3
Eye3_Eyelash	Ciglia 3
Leg	Gamba 1
Thumb_Color	Mano 1 .3
HairShine2_Color	Lucentezza dei capelli 3 + 4
Hairband1_Outline	(Fascia per capelli) Cerchietto A Contorno 1
Brow7	Sopracciglia 7
Palmar_Line1	Mano 1 .4
PiercingA3_Color	Perforazione 3
Pigtail_A7_Color	Codino di capelli 13
SideHairA3_Gradient	Lato dei capelli 6
SideHairA8_Outline	Contorno laterale dei capelli 15 + 16
PonytailA3_Outline	Contorno di coda di cavallo per capelli 5 + 6
TailF2_Outline	Contorno della coda 16
Ear_Outline	Orecchio Contorno 1
HairClip11_Color	Fermaglio per capelli 11
TailC1_Outline	Contorno della coda 8
Cheek3	Guancia 3
Eye_Popcat_Light	Dimmi 3 | Occhio | Cornice Popcat
CandleFire	Fuoco di candela
PiercingA4_Outline	Perforazione Contorno 4
NeckwearA2_Color	Completo cravatta A 2
little_Color	Mano 1 .5
PiercingA1_Color	Perforazione 1
PhoneLight	Luce del telefono
ShakeLine1	Spaventato 1
Eye2_Upperlid	Ciglia 2 .1
NeckwearA3_Color	Completo cravatta A 3
Brow9	Sopracciglia 9
EarringA1_Outline	Orecchino Contorno 1
TailA2_Outline	Contorno della coda 2
Drooling	Sbavando
PiercingA4_Color	Perforazione 4
PonytailA3_Color	Coda di cavallo dei capelli 5
PonytailA2_Gradient	Coda di cavallo dei capelli 4
AnimalEar7_Outline	Orecchio di animale Contorno 7
Brow6	Sopracciglia 6
PopperConfetti2	Coriandoli 2
Swatter	Schiacciamento
Fin1_Outline	Pinna Contorno
HairShine3_Color	Lucentezza dei capelli 5 + 6
TailB1_Color	Coda 3
HammerEffect2	Martello 2
Mecha1_Outline	Mecha Contorno 1
Pigtail_A4_Outline	Codino di capelli Contorno 7 + 8
HatC1_Outline	Profilo del cappello 6 + 7
Pigtail_B1_Color	Codino di capelli 17
Flash	Lampo di pistola
Brow4	Sopracciglia 4
CortisolMeterPointer	Danza (cortisolo basso) 1
Hand_Line1	Mano 1 .6
RedPacketCoin4	Pacchetto Rosso 4
Cheek4	Guancia 4
FaceFeatureB3	Caratteristica del viso B 3
Brow2	Sopracciglia 2
StickyNote	Nota adesiva
Loading_Outline	Caricamento adesivo 2
Collar6_Outline	Contorno del colletto dell'abito 6 + 7
CapeBack3_Color	Capo Indietro 3
SideHairB6_Outline	Contorno laterale dei capelli 27 + 28
PonytailA1_Outline	Contorno di coda di cavallo per capelli 1 + 2
PonytailA2_Color	Coda di cavallo dei capelli 3
SideHairA2_Color	Lato dei capelli 3
GiftBoxLid	Regalo 2
Collar4_Color	Colletto interno per outfit 4
WingE1_Upper_Color	Ala 8 .1
WingA1_Color	Ala 1
FrameHair_B4_Outline	Inquadratura dei capelli Contorno 29 + 30
FrameHair_Branch_A1_Color	Ramo di capelli 1
SideHairA7_Gradient	Lato dei capelli 14
Wing2_Color	Ala dell'orecchio 2
TailA1_Color	Coda 1
Eye3_Heart	Occhio Cuore 3
FrameHair_A8_Outline	Inquadratura dei capelli Contorno 15 + 16
DrawingTablet	Tavoletta
FaceFeatureA2	Caratteristica del viso A 2
PiercingA2_Color	Perforazione 2
Eye_Popcat_Highlight	Popcat | Evidenziazione degli occhi
Hairband3_Outline	(Fascia per capelli) Cerchietto B Contorno 1
NeckwearB6_Color	Completo cravatta B 6
Mouth_Popcat1	Popcat | Bocca 1
Rose	Rosa
HairbandBack2_Outline	(Fascia per capelli) Cerchietto D Contorno 2
Mecha2_Outline	Mecha Contorno 2
SideHairA8_Gradient	Lato dei capelli 16
NeckwearB7_Color	Completo cravatta B 7
Donut3	Ciambella 3
NeckwearB5_Outline	Completo cravatta B Contorno 5
StickyNoteText	Testo di una nota adesiva
SideHairA6_Gradient	Lato dei capelli 12
PonytailA4_Gradient	Coda di cavallo dei capelli 8
Ahoge_A4_Color	Capelli Ahoge (ciuffo) 4
Gill2_Color	Branchie 1 .2
FacialHair_A7_Outline	Peli sul viso A Contorno 7
HatC1_Color	Cappello 6 + 7
SideHairA5_Color	Lato dei capelli 9
LightStickHandle	Maniglia del bastone luminoso
Eye1_Spiral	Spirale dell'occhio 1 + 2
EasterEgg2	Pasqua 2
EasterEgg1	Pasqua 1
HairClip5_Outline	Fermaglio per capelli Contorno 5
SideHairA8_Color	Lato dei capelli 15
HairHighlight2_Outline	Capelli evidenziati Contorno 2 << + 2 >>
Ahoge_A2_Color	Capelli Ahoge (ciuffo) 2
SideHairB7_Outline	Contorno laterale dei capelli 29 + 30
AlertBits_Outline	Contorno avviso adesivo 6
SunGlasses_Frame	Occhiali da sole
PonytailA4_Color	Coda di cavallo dei capelli 7
HairHighlight2_Color	Capelli evidenziati 2 << + 2 >>
SideHairA5_Gradient	Lato dei capelli 10
SideHairA6_Color	Lato dei capelli 11
HairbandBack2_Color	Fascia per capelli D 2
NeckwearB1_Outline	Completo cravatta B Contorno 2
HairClip3_Outline	Fermaglio per capelli Contorno 3
Bill2	Conto 2
Volume	Volume dell'autoadesivo
FrameHair_A1_Color	Inquadratura dei capelli 1 
FrameHair_A2_Gradient	Inquadratura dei capelli 2 
Pigtail_C2_Color	Codino di capelli 23
Pigtail_C2_Gradient	Codino di capelli 24
WingF1_Lower_Outline	Ala Contorno 9 .2
Glasses_Frame3	Occhiali 3
WingA2_Outline	Ala Contorno 2
PalmarGlove1_Outline	Mano 2 .1
Eye1_Sparkling	Occhio scintillante 1
SideHairB2_Color	Lato dei capelli 19
SideHairB2_Gradient	Lato dei capelli 20
SideHairA1_Outline	Contorno laterale dei capelli 1 + 2
EarringA3_Color	Orecchino 3
EarringA4_Color	Orecchino 4
TailF_Outline	Contorno della coda 15 + 16 + 17 + 18 + 24 + 25
Halo2_Outline	Contorno dell'alone 2
HairBang4_Side_Outline	Frangia capelli Contorno 7 + 8
TailD1_Outline	Contorno della coda 11
Pigtail_A8_Outline	Codino di capelli Contorno 15 + 16
HairBang4_Middle_Outline	(Fascia per capelli) Cerchietto >< Contorno 4
SideHairB2_Outline	Contorno laterale dei capelli 19 + 20
ShakeLine2	Spaventato 2
EarringB2_Color	Orecchino 7
TailA2_Color	Coda 2
TailF_Color	Coda 15 + 16 + 17 + 18 + 24 + 25
SideHairB6_Color	Lato dei capelli 27
Controller	Controllore
HairBang3_Middle_Gradient	Frangia ai capelli >< 6
HairBang3_Middle_Color	Frangia ai capelli >< 5
Horn4_Color	Corno 4
HatD1_Color	Cappello 8
PonytailA1_Gradient	Coda di cavallo dei capelli 2
SideHairB4_Outline	Contorno laterale dei capelli 23 + 24
SideHairB6_Gradient	Lato dei capelli 28
EarringA4_Outline	Orecchino Contorno 4
PopperConfetti1	Coriandoli 1
Collar1_Outline	Contorno del colletto dell'abito 1
FacialHair_B5_Outline	Peli sul viso B Contorno 5
EarringA2_Outline	Orecchino Contorno 2
TailF4_Outline	Contorno della coda 18
LightStickLight	Bastone luminoso
HatA1_Outline	Profilo del cappello 1 + 2
SideHairB1_Outline	Contorno laterale dei capelli 17 + 18
HairClip3_Color	Fermaglio per capelli 3
NeckwearA4_Color	Completo cravatta A 4
NeckwearA5_Color	Completo cravatta A 5
WingC1_Lower_Outline	Ala Contorno 5 .2
FrameHair_A2_Outline	Inquadratura dei capelli Contorno 3 + 4
HatB1_Outline	Profilo del cappello 3
MagicWand	Magia
HairBang2_Middle_Color	Frangia ai capelli >< 3
HairBang2_Middle_Gradient	Frangia ai capelli >< 4
Hairband5_Color	Fascia per capelli B 3
TailE2_Outline	Contorno della coda 13
Brow5	Sopracciglia 5
Tie1_Color	Completo cravatta C 1
WingF1_Lower_Color	Ala 9 .2
FrameHair_A4_Outline	Inquadratura dei capelli Contorno 7 + 8
PryBar	Piede di porco
FacialHair_A2_Color	Peli sul viso A 2
Outer2_Color	Vestito esterno 2
Tie3_Outline	Completo cravatta C Contorno 3
TailB4_Outline	Contorno della coda 6
HairShine3_Outline	Contorno di lucentezza dei capelli 6
AlertHeart_Color	Avviso adesivo 1
WingD2_Lower_Outline	Ala Contorno 7 .2
SideHairA1_Color	Lato dei capelli 1
HatA1_Color	Cappello 1 + 2
SideHairB3_Color	Lato dei capelli 21
FrameHair_A11_Gradient	Inquadratura dei capelli 22
FrameHair_A11_Color	Inquadratura dei capelli 21
SideHairB4_Gradient	Lato dei capelli 24
SideHairA4_Outline	Contorno laterale dei capelli 7 + 8
SideHairA1_Gradient	Lato dei capelli 2
CapeFront2_Color	Capo anteriore 2
CapeFront5_Color	Capo anteriore 5
CapeFront2_Outline	Capo anteriore | Profilo del Capo 2
SideHairB3_Outline	Contorno laterale dei capelli 21 + 22
SideHairB4_Color	Lato dei capelli 23
SideHairB5_Gradient	Lato dei capelli 26
TailB5_Color	Coda 7
WingC1_Upper_Outline	Ala Contorno 5 .1
Mecha3_Outline	Mecha Contorno 3
HairHighlight1_Color	Capelli evidenziati 1 << + 1 >> 
LoveLetter	Lettera d'amore
Hairband6_Outline	(Fascia per capelli) Cerchietto B Contorno 4
MusicalNote1	Nota musicale 1
PiercingA2_Outline	Perforazione Contorno 2
StrawLiquid_Outline	Tazza per bevande 2
Eyepatch2_Color	Benda sull'occhio 3 + 4
AnimalEar2_Front_Outline	Orecchio di animale Contorno 2
AnimalEar1_Fur_Color	Orecchio di animale Pelliccia 1
EarringB3_Color	Orecchino 8
Pigtail_A7_Gradient	Codino di capelli 14
AnimalEar5_Color	Orecchio di animale 5
EarringB4_Color	Orecchino 4
HairClip2_Color	Fermaglio per capelli 2
Glasses_Lens2	Occhiali Lens 2
HairBang6_Side_Gradient	Frangia ai capelli 12
HairBang3_Middle_Outline	(Fascia per capelli) Cerchietto >< Contorno 5 + 6
AnimalEar9_Outline	Orecchio di animale Contorno 9
HatB3_Color	Cappello 5
PiercingA1_Outline	Perforazione Contorno 1
Brow8	Sopracciglia 8
HairClip1_Outline	Fermaglio per capelli Contorno 1
Eyepatch1_Color	Benda sull'occhio 1 + 2
NeckwearA1_Color	Completo cravatta A 1
Eye1_Eyelash	Ciglia 1 + 2
ShakeLine3	Spaventato 3
WingE1_Upper_Outline	Ala Contorno 8 .1
PopperConfetti3	Coriandoli 3
Star	Stella adesiva
HairBang1_Middle_Outline	(Fascia per capelli) Cerchietto >< Contorno 1 + 2
SideHairA4_Gradient	Lato dei capelli 8
PiercingA3_Outline	Perforazione Contorno 3
FaceFeatureB4	Caratteristica del viso B 4
EarringA3_Outline	Orecchino Contorno 3
TailF4_Color	Coda 18
AnimalEar2_Fur_Color	Orecchio di animale Pelliccia 2
AnimalEar3_Outline	Orecchio di animale Contorno 3
Straw	Tazza per bevande 4
AnimalEar8_Outline	Orecchio di animale Contorno 8
AnimalEar6_Color	Orecchio di animale 6
TailF3_Color	Coda 17
EarringB5_Outline	Orecchino Contorno 10
HairClip12_Color	Fermaglio per capelli 12
Collar6_Color	Colletto interno per outfit 6 + 7
AnimalEar6_Outline	Orecchio di animale Contorno 6
AnimalEar3_Color	Orecchio di animale 3
Brow3	Sopracciglia 3
Glasses_Lens3	Occhiali Lens 3
EarringB5_Color	Orecchino 10
LaptopLight2	Luce per laptop (Computer portatile) 2
PhoneScreenPattern1	Schermo del telefono 1
TailF2_Color	Coda 16
LaptopLight1	Luce per laptop (Computer portatile) 1
AnimalEar7_Color	Orecchio di animale 7
AnimalEar9_Color	Orecchio di animale 9
HairBang7_Middle_Outline	(Fascia per capelli) Cerchietto >< Contorno 13 + 14
Hairband6_Color	Fascia per capelli B 4
AnimalEar2_Back_Outline	Orecchio di animale Contorno 2 .1
HairClip1_Color	Fermaglio per capelli 1
EarringB2_Outline	Orecchino Contorno 7
Middle_Color	Mano 1 .7
AnimalEar5_Outline	Orecchio di animale Contorno 5
Hairband2_Color	Fascia per capelli A 2
AnimalEar1_Front_Color	Orecchio di animale 1
Chopstick	Bacchette
AnimalEar2_Front_Color	Orecchio di animale 2
EarringB3_Outline	Orecchino Contorno 8
TailF1_Color	Coda 15
AnimalEar4_Color	Orecchio di animale 4
HairBang4_Side_Color	Frangia ai capelli 7
SideHairB7_Gradient	Lato dei capelli 30
SideHairB1_Color	Lato dei capelli 17
FacialHair_A7_Color	Peli sul viso A 7
HairClip4_Outline	Fermaglio per capelli Contorno 4
EarringB1_Outline	Orecchino Contorno 6
Index_Color	Mano 1 .8
PiercingA5_Outline	Perforazione Contorno 5
TailF1_Outline	Contorno della coda 15
AnimalEar1_Fur_Outline	Orecchio di animale Contorno di pelliccia 1
TailE3_Color	Coda 14
AnimalEar1_Back_Color	Orecchio di animale 1 .1
AnimalEar2_Fur_Outline	Orecchio di animale Contorno di pelliccia 2
CupSteam	Vapore in tazza
AnimalEar2_Back_Color	Orecchio di animale 2 .1
AnimalEar8_Color	Orecchio di animale 8
EarringB4_Outline	Orecchino Contorno 9
FacialHair_A8_Outline	Peli sul viso A Contorno 8
SideHairB7_Color	Lato dei capelli 29
SideHairA4_Color	Lato dei capelli 7
SideHairB1_Gradient	Lato dei capelli 18
BackHair3_Color	Capelli posteriori 5
Pigtail_A5_Color	Codino di capelli 9
Pigtail_A5_Gradient	Codino di capelli 10
Pigtail_A2_Outline	Codino di capelli Contorno 3 + 4
HairShine6_Outline	Contorno di lucentezza dei capelli 12
Antenna1_Outline	Antenna Contorno 1
AlertLike_Outline	Contorno avviso adesivo 4
FacialHair_A5_Outline	Peli sul viso A Contorno 5
Horn5_Outline	Corno Contorno 5
FrameHair_A8_Color	Inquadratura dei capelli 15
FrameHair_A8_Gradient	Inquadratura dei capelli 16
FrameHair_Top_Color	Inquadratura dei capelli top
HairBang5_Middle_Color	Frangia ai capelli >< 9
HairShine1_Outline	Contorno di lucentezza dei capelli 2
WingG1_Inner_Outline	Ala Contorno 10 .2
VideoCamera	Videocamera
FrameHair_A7_Gradient	Inquadratura dei capelli 14
FrameHair_A7_Color	Inquadratura dei capelli 13
Index_Outline	Mano 1 .9
Mouth	Bocca
TailC3_Outline	Contorno della coda 10
Wing2_Outline	Ala dell'orecchio Contorno 2
Wing1_Color	Ala dell'orecchio Contorno 1
WingC1_Upper_Color	Ala Contorno 5 .1
Main7_Color	Abito interno 7
HairHighlight3_Color	Capelli evidenziati 3 << + 3 >>
HairHighlight4_Outline	Capelli evidenziati >< Contorno 1 + 2
ErrorPopup	Smette di funzionare
TrashBinLid	Cestino 2
BackHair1_Outline	Contorno posteriore dei capelli 1 + 2
BackHair2_Outline	Contorno posteriore dei capelli 3 + 4
Horn6_Color	Corno 6
HairBang7_Middle_Color	Frangia ai capelli >< 13
little_Outline	Mano 1 .10
HornF1_Outline	Corno anteriore Contorno 1
TailC2_Outline	Contorno della coda 9
Outer2_Outline	Contorno esterno del vestito 2
BackHair3_Outline	Contorno posteriore dei capelli 5 + 6
Tongue_Shadow	Ombra della lingua
Blush	Fard per il viso
FacialHair_B5_Color	Peli sul viso B 5 
Knife	Sbavando (forchetta e coltello) 2
HairBang3_Side_Outline	Frangia capelli Contorno 5 + 6
HairBang5_Side_Outline	Frangia capelli Contorno 9 + 10
Horn7_Outline	Corno Contorno 7
PopcornBucket	Mangiare (Popcorn) 1
Pigtail_A3_Outline	Codino di capelli Contorno 5 + 6
Collar7_Color	Colletto interno per outfit 8
Hairband3_Color	Fascia per capelli B 1
Hammer	Martello
TailE3_Outline	Contorno della coda 14
HairBang6_Side_Outline	Frangia capelli Contorno 11 + 12
HairBang2_Side_Outline	Frangia capelli Contorno 3 + 4
HairShine7_Outline	Contorno di lucentezza dei capelli 14
EyepatchBandage_Color	Benda sull'occhio 5 + 6
EyepatchBandage_Outline	Contorno della benda sull'occhio 5 + 6
HairbandBack1_Color	Fascia per capelli D 1
Hairband4_Outline	(Fascia per capelli) Cerchietto B Contorno 2
KeyboardKeyA	Digitare Normale 1
Thumb_Outline	Mano 1 .11
FacialHair_B3_Color	Peli sul viso B 3
Hairband2_Outline	(Fascia per capelli) Cerchietto A Contorno 2
HairbandBack1_Outline	(Fascia per capelli) Cerchietto D Contorno 1
TailB3_Color	Coda 5
FrameHair_A7_Outline	Inquadratura dei capelli Contorno 13 + 14
FrameHair_A10_Color	Inquadratura dei capelli 19
FrameHair_A10_Gradient	Inquadratura dei capelli 20
FrameHair_A11_Outline	Inquadratura dei capelli Contorno 21 + 22
FrameHair_A9_Color	Inquadratura dei capelli 17
FacialHair_A3_Color	Peli sul viso A 3
BackHair1_Color	Capelli posteriori 1
Laptop	Computer portatile
SignRound	Segno rotondo
HairBang1_Side_Color	Frangia ai capelli 1
HairBang4_Side_Gradient	Frangia ai capelli 8
HairBang5_Side_Color	Frangia ai capelli 9
BackHair2_Color	Capelli posteriori 3
Pigtail_A6_Outline	Codino di capelli Contorno 11 + 12
Pigtail_A7_Outline	Codino di capelli Contorno 13 + 14
Watermelon	Mangia (anguria)
Cheek2	Guancia 2
HairClip6_Color	Fermaglio per capelli 6
Spoon	Arrivo (con cucchiaio)
Tape	Nastro
HatB2_Outline	Profilo del cappello 4
HairShine2_Outline	Contorno di lucentezza dei capelli 4
HairBang1_Side_Gradient	Frangia ai capelli 2
HairBang2_Side_Color	Frangia ai capelli 3
HairBang5_Side_Gradient	Frangia ai capelli 10
BackHair2_Gradient	Capelli posteriori 4
FrameHair_B3_Outline	Inquadratura dei capelli Contorno 28
FaceFeatureC1	Caratteristica del viso C 1
Pigtail_A8_Color	Codino di capelli 15
NeckwearB4_Color	Completo cravatta B 4
WingE1_Lower_Color	Ala 8 .3
PhoneScreen	Schermo del telefono 3
AngrySteam	Adesivo vapore
Outer1_Color	Vestito esterno 1
SideHair_Branch_C2_Outline	Ramo laterale dei capelli C Contorno 2
Hairband4_Color	Fascia per capelli B 2
Pigtail_A3_Color	Codino di capelli 5
BackHair3_Gradient	Capelli posteriori 6
HairBang2_Side_Gradient	Frangia ai capelli 4
PixelSunglasses	Occhiali da sole Pixel
HatB1_Color	Cappello 3
FacialHair_B3_Outline	Peli sul viso B Contorno 3
CapeBack1_Color	Capo Indietro 1
HairShine1_Color	Lucentezza dei capelli 1 + 2
Palmar_Color	Mano 1 .12
Ahoge_B1_Color	Capelli Ahoge (ciuffo) 5
HatA2_Outline	Profilo del cappello 2
Pigtail_A5_Outline	Codino di capelli Contorno 9 + 10
Pigtail_A3_Gradient	Codino di capelli 6
HairBang3_Side_Color	Frangia ai capelli 5
HairBang3_Side_Gradient	Frangia ai capelli 6
HairShine4_Outline	Contorno di lucentezza dei capelli 8
BackHair1_Gradient	Capelli posteriori 2
SignSquare	Segno quadrato
Horn4_Outline	Corno 4
PonytailB1_Gradient	Coda di cavallo dei capelli 12
PonytailB1_Color	Coda di cavallo dei capelli 11
FrameHair_A1_Outline	Inquadratura dei capelli Contorno 1 + 2
Collar7_Outline	Contorno del colletto dell'abito 8
NeckwearA3_Outline	Completo cravatta A Contorno 3
NeckwearA2_Outline	Completo cravatta A Contorno 2
TailA1_Outline	Contorno della coda 1
Horn3_Outline	Corno Contorno 3
Pigtail_A8_Gradient	Codino di capelli 16
SunglassesReflection	Riflessione sugli occhiali da sole
NeckwearA6_Color	Completo cravatta A 6
Tie2_Outline	Completo cravatta C Contorno 2
Halo4_Color	Alone 5 + 6
FrameHair_A6_Color	Inquadratura dei capelli 11
Middle_Outline	Mano 1 .13
RedPacketCoin2	Pacchetto Rosso 3
NeckwearB5_Color	Completo cravatta B 5
Eye1_HighlightCry	Occhio 1 | Piangere
Collar3_Color	Colletto interno per outfit 3
TailC3_Color	Coda 10
ElfEar_Color	Orecchio 1.1
Surprise	Adesivo Sorpresa
Gill3_Outline	Contorno delle branchie 1 .3
Pigtail_A4_Gradient	Codino di capelli 8
Pigtail_A1_Color	Codino di capelli 1
Eye_U	Sonno (UU)
Cockroach	Scarafaggio
Halo3_Outline	Contorno dell'alone 3
Wing3_Outline	Ala dell'orecchio Contorno 3
Halo4_Outline	Contorno dell'alone 5 + 6
Wing3_Color	Ala dell'orecchio 3
WingD1_Outline	Ala Contorno 6
FacialHair_A1_Color	Peli sul viso A 1
Ghost	Adesivo fantasma
Hairband7_Outline	(Fascia per capelli) Cerchietto C Contorno 1
Horn6_Outline	Corno Contorno 6
HairHighlight3_Outline	Capelli evidenziati Contorno 3 << + 3 >>
Glasses_Frame2	Occhiali 2
NeckwearA4_Outline	Completo cravatta A Contorno 4
Ear_Color	Orecchio 1
HatB2_Color	Cappello 4
FacialHair_A4_Outline	Peli sul viso A Contorno 4
PonytailB1_Outline	Contorno di coda di cavallo per capelli 11 + 12
Collar1_Color	Colletto interno per outfit 1
CapeBack3_Outline	Capo Indietro | Profilo del Capo 3
Pigtail_A1_Outline	Codino di capelli Contorno 1 + 2
Tie2_Color	Completo cravatta C 2
TailE1_Color	Coda 12
PatHand	Pat Mano
Main6_Outline	Contorno interno del vestito 6
Pigtail_A6_Color	Codino di capelli 11
Card	Inversione
FacialHair_A8_Color	Peli sul viso A 8
CapeBack2_Outline	Capo Indietro | Profilo del Capo 2
CapeFront6_Color	Capo anteriore 6
PonytailB2_Gradient	Coda di cavallo dei capelli 14
Megaphone	Megafono
Glasses_Frame1	Occhiali 1
Pigtail_B1_Outline	Codino di capelli Contorno 17 + 18
Eye1_Dollar	Dollaro degli occhi 1 + 2
FaceFeatureA1	Caratteristica del viso A 1
Eye1_Heart	Occhio Cuore 1 + 2
Collar2_Color	Colletto interno per outfit 2
Pigtail_A6_Gradient	Codino di capelli 12
FrameHair_B3_Gradient	Inquadratura dei capelli 28
FrameHair_B3_Color	Inquadratura dei capelli 27
FrameHair_TopBack_Outline	Inquadratura dei capelli top Contorno 2
Horn5_Color	Corno 5
Fork	Sbavando (forchetta e coltello) 1
SteeringWheel	Volante
Hairband1_Color	Fascia per capelli A 1
HatB3_Outline	Profilo del cappello 5
FrameHair_A4_Color	Inquadratura dei capelli 7
NeckwearB3_Color	Completo cravatta B 3
HammerEffect1	Martello 1
HairHighlight6_Color	Capelli evidenziati >< 5 + 6
Pigtail_B2_Outline	Codino di capelli Contorno 19 + 20
WingF1_Upper_Outline	Ala Contorno 9 .1
Pigtail_A2_Gradient	Codino di capelli 4
RedPacketCoin3	Pacchetto Rosso 2
FrameHair_A9_Gradient	Inquadratura dei capelli 18
TrashBin	Cestino 1
FacialHair_A2_Outline	Peli sul viso A Contorno 2
Tongue1	Leccata | Lingua
HairShine4_Color	Lucentezza dei capelli 7 + 8
Toilet	Toilette
FrameHair_A5_Gradient	Inquadratura dei capelli 10
CapeFront6_Outline	Capo anteriore | Profilo del Capo 6
FrameHair_A5_Color	Inquadratura dei capelli 9
CapeBack2_Color	Capo Indietro 2
SunGlasses_Lens	Occhiali da sole Lens
FrameHair_A9_Outline	Inquadratura dei capelli Contorno 17 + 18
Main8_Outline	Contorno interno del vestito 8
Pigtail_A4_Color	Codino di capelli 7
KeyboardKeyB	Digitare Normale 2
Tie3_Color	Completo cravatta C 3
Nose2	Naso 2
FacialHair_A5_Color	Peli sul viso A 5
AlertCustom_Color	Avviso adesivo 2
AlertCustom_Outline	Contorno avviso adesivo 2
SideHair_Branch_A2_Outline	Ramo laterale dei capelli A Contorno 2
Horn1_Color	Corno 1
Outer3_Outline	Contorno esterno del vestito 3
SideHair_Branch_B1_Outline	Ramo laterale dei capelli B Contorno 1
ElfEar_Outline	Orecchio Contorno 1.1
Outer4_Color	Vestito esterno 4
Outer3_Color	Vestito esterno 3
HairHighlight5_Outline	Capelli evidenziati >< Contorno 3 +4
SideHair_Branch_C1_Outline	Ramo laterale dei capelli C Contorno 1
Stylus	Stilo
Tear2_Outline	Lacrima degli occhi 3
Donut1	Ciambella 1
Donut2	Ciambella 2
SideHair_Branch_A1_Outline	Ramo laterale dei capelli A Contorno 1
Eye1_Light	Luce dell'iride dell'occhio 1 + 2
Angry2	Adesivo Arrabbiato 2
WingF1_Upper_Color	Ala 9 .1
NeckwearB2_Color	Completo cravatta B 1 + 2
SideHair_Branch_A1_Color	Ramo laterale dei capelli A 1
SignRoundText1	Testo del segno rotondo
Collar2_Outline	Contorno del colletto dell'abito 2
MusicalNote2	Nota musicale 2
FacialHair_B4_Color	Peli sul viso B 4
Mecha2_Color	(Mecha) Mecca 2
Six	Numero Sei
PointHand	Puntare la mano
HairClip8_Color	Fermaglio per capelli 8
FaceFeatureB1	Caratteristica del viso B 1
Pigtail_B2_Gradient	Codino di capelli 20
Main8_Color	Abito interno 8
Tear2_Color	Lacrima degli occhi 2
Eye3_Dark	Occhio Iride scura 3
Outer4_Outline	Contorno esterno del vestito 4
Glasses_Lens1	Occhiali Lens 1
WingA3_Outline	Ala Contorno 3
Ahoge_B2_Color	Capelli Ahoge (ciuffo) 6
CapeFront1_Outline	Capo anteriore | Profilo del Capo 1
Cake	Torta
WingD1_Color	Ala 6
Pigtail_B1_Gradient	Codino di capelli 18
Outer7_Color	Vestito esterno 7
Ahoge_B1_Outline	 Contorno dei Capelli Ahoge (ciuffo) 5
HornM1_Outline	Corno anteriore >< Contorno 1
HornF2_Color	Corno anteriore 2
CapeFront4_Color	Capo anteriore 4
FrameHair_Branch_A3_Color	Ramo di capelli 3
Main2_Outline	Contorno interno del vestito 2
Wing1_Outline	Ala dell'orecchio Contorno 1
WingD2_Upper_Outline	Ala Contorno 7 .1
Mecha4_Color	(Mecha) Mecca 4
Horn1_Outline	Corno Contorno 1
WingA2_Color	Ala 2
EasterEggBasket	Pasqua 4
Mecha4_Outline	Mecha Contorno 4
Antenna2_Color	Antenna 2
Mecha1_Color	(Mecha) Mecca 1
Ahoge_A3_Outline	 Contorno dei Capelli Ahoge (ciuffo) 3
Main1_Outline	Contorno interno del vestito 1
Horn2_Color	Corno 2
HairBang4_Middle_Gradient	Frangia ai capelli >< 8
CapeFront3_Color	Capo anteriore 3
Notepad	Blocco note
Outer5_Color	Vestito esterno 5
WingA3_Color	Ala 3
WingB1_Color	Ala 4
Pistol	Pistola
Horn7_Color	Corno 7
Bottle	Coca-Cola Shake (agitata)
Outer6_Color	Vestito esterno 6
Laugh2	Adesivo Ridere 2
FrameHair_B1_Gradient	Inquadratura dei capelli 24
Outer5_Outline	Contorno esterno del vestito 5
FrameHair_Top_Outline	Inquadratura dei capelli top Contorno
WingG1_Inner_Color	Ala 10 .2
HairBang5_Middle_Outline	(Fascia per capelli) Cerchietto >< Contorno 9 + 10
Beer	Saluti
HairBang4_Middle_Color	Frangia ai capelli >< 7
TailE1_Outline	Contorno della coda 12
TailC2_Color	Coda 9
HornF2_Outline	Corno Contorno 9
HairBang2_Middle_Outline	(Fascia per capelli) Cerchietto >< Contorno 3 + 4
Ahoge_B2_Outline	 Contorno dei Capelli Ahoge (ciuffo) 6
Bell	Campana 2
FrameHair_Branch_A3_Outline	Ramo di capelli Contorno 3
FrameHair_A3_Color	Inquadratura dei capelli 5
FrameHair_A3_Gradient	Inquadratura dei capelli 6
Horn2_Outline	Corno Contorno 2
Outer6_Outline	Contorno esterno del vestito 6
WingD2_Upper_Color	Ala 7 .1
Antenna2_Outline	Antenna Contorno 2
TailB5_Outline	Contorno della coda 7
HairBang5_Middle_Gradient	Frangia ai capelli >< 10
HairBang1_Middle_Color	Frangia ai capelli >< 1
QuestionMark	Punto interrogativo adesivo
Horn3_Color	Corno 3
SignSquareText1	Testo del segno quadrato
Antenna1_Color	Antenna 1
FrameHair_A2_Gradient	Inquadratura dei capelli 4
HairHighlight1_Outline	Capelli evidenziati Contorno 1 << + 1 >>
TailD1_Color	Coda 11
HairBang6_Middle_Outline	(Fascia per capelli) Cerchietto >< Contorno 11 + 12
HairBang7_Middle_Gradient	Frangia ai capelli >< 14
HairBang6_Middle_Color	Frangia ai capelli >< 11
HairBang6_Middle_Gradient	Frangia ai capelli >< 12
CapeFront4_Outline	Capo anteriore | Profilo del Capo 4
FrameHair_A2_Color	Inquadratura dei capelli 3
FacialHair_A1_Outline	Peli sul viso A Contorno 1
HairBang1_Middle_Gradient	Frangia ai capelli >< 2
HornM1_Color	Corno anteriore >< 1
TailB4_Color	Coda 6
TailB2_Color	Coda 4
Pigtail_B2_Color	Codino di capelli 19
Fin1_Color	Pinna 1
TailB3_Outline	Contorno della coda 5
Halo1_Color	Alone 1
TailB2_Outline	Contorno della coda 4
FrameHair_A3_Outline	Inquadratura dei capelli Contorno 5 + 6
FrameHair_B1_Color	Inquadratura dei capelli 23
HairClip7_Color	Fermaglio per capelli 7
FacialHair_A6_Color	Peli sul viso A 6
FacialHair_A3_Outline	Peli sul viso A 3
Halo1_Outline	Contorno dell'alone 1
Hairband7_Color	Fascia per capelli C 1
Keyboard	Digitare Normale 3
FrameHair_A6_Outline	Inquadratura dei capelli Contorno 11 + 12
VolumeOff	Volume dell'autoadesivo 2
PalmarGlove1_Color	Mano 2 .2
FacialHair_A6_Outline	Peli sul viso A Contorno 6
TailB1_Outline	Contorno della coda 3
Pigtail_A1_Gradient	Codino di capelli 2
FrameHair_A4_Gradient	Inquadratura dei capelli 8
KitchenKnife	Coltello da cucina
Halo2_Color	Alone 2
FrameHair_A6_Gradient	Inquadratura dei capelli 12
HairShine5_Color	Lucentezza dei capelli 9 + 10
FrameHair_B2_Color	Inquadratura dei capelli 25
FacialHair_B1_Outline	Peli sul viso B Contorno 1
Main3_Outline	Contorno interno del vestito 3
Main4_Outline	Contorno interno del vestito 4
Main7_Outline	Contorno interno del vestito 7
HatA2_Color	Cappello 2
Pigtail_C2_Outline	Codino di capelli Contorno 23 + 24
Main1_Color	Abito interno 1
Eyepatch2_Outline	Contorno della benda sull'occhio 3 + 4
SideHair_Branch_C2_Color	Ramo laterale dei capelli C 2
HairHighlight6_Outline	Capelli evidenziati >< Contorno 5 + 6
SideHair_Branch_C1_Color	Ramo laterale dei capelli C 1
Eyepatch1_Outline	Contorno della benda sull'occhio 1 + 2
AlertCoin_Outline	Contorno avviso adesivo 3
Eye_Dum_Outline	Contorno dell'occhio (dum) 1 + 2
FrameHair_Branch_A2_Outline	Ramo di capelli Contorno 2
Main5_Color	Abito interno 5
Pompom	Pompon
HairClip10_Outline	Fermaglio per capelli Contorno 10
WaveHand	Onda la mano
HeartItem	Cuore
FrameHair_Branch_A2_Color	Ramo di capelli 2
FrameHair_Branch_A1_Outline	Ramo di capelli Contorno 1
Eye_Dum_Color	Occhio bianco
AlertCoin_Color	Avviso adesivo 3
Button	Pulsante
SideHair_Branch_B2_Outline	Ramo laterale dei capelli B Contorno 2
Face_Shadow	Ombra del viso
AlertStar_Outline	Contorno avviso adesivo 5
Pigtail_C1_Outline	Codino di capelli Contorno 21 + 22
AlertHeart_Outline	Contorno avviso adesivo 1
AlertLike_Color	Avviso adesivo 4
AlertStar_Color	Avviso adesivo 5
Sleep	Adesivo Sonno
Square	Porta/muro | Griglia della prigione | Coperta esterna
SideHair_Branch_A2_Color	Ramo laterale dei capelli A 2
Beverage	Tazza per bevande 3
HairClip8_Outline	Fermaglio per capelli Contorno 8
HairClip9_Outline	Fermaglio per capelli Contorno 9
GiftBox	Regalo 1
Mecha5_Outline	Mecha Contorno 5
WingC1_Lower_Color	Ala 5 .2
Gill3_Color	Branchie 1 .3
FacialHair_B6_Outline	Peli sul viso B Contorno 6
HairClip10_Color	Fermaglio per capelli 10
SideHair_Branch_B2_Color	Ramo laterale dei capelli B 2
SideHair_Branch_B1_Color	Ramo laterale dei capelli B 1
Bowl	Ciotola
Pigtail_C1_Color	Codino di capelli 21
Pigtail_C1_Gradient	Codino di capelli 22
HairClip7_Outline	Fermaglio per capelli Contorno 7
HairHighlight5_Color	Capelli evidenziati >< 3 + 4
HairClip6_Outline	Fermaglio per capelli Contorno 6
Bill1	Conto 1
LubricantSpray	Spray
Ahoge_A1_Outline	 Contorno dei Capelli Ahoge (ciuffo) 1
Gill1_Outline	Contorno delle branchie 1 .1
FacialHair_B6_Color	Peli sul viso B 6 
Heart	Adesivo Cuore
Popper	Popper
Pencil	Matita
Ahoge_A3_Color	Capelli Ahoge (ciuffo) 3
BeverageCup	Tazza per bevande
Mouth_Popcat2	Popcat | Bocca 2
HairClip9_Color	Fermaglio per capelli 9
AlertBits_Color	Avviso adesivo 6
Seven	Numero sette
PhoneFront	Telefono 1
Gill2_Outline	Contorno delle branchie 1 .2
FrameHair_B2_Outline	Inquadratura dei capelli Contorno 25 + 26
NeckwearB7_Outline	Completo cravatta B Contorno 7
Angry1	Adesivo Arrabbiato 1
Cup	Tazza
Phone	Telefono 2
Palmar_Outline	Mano 1 .14
FrameHair_B1_Outline	Inquadratura dei capelli Contorno 23 + 24
WingD2_Lower_Color	Ala 7 .2
HairClip11_Outline	Fermaglio per capelli Contorno 11
RedPacket	Pacchetto Rosso 1
HairClip12_Outline	Fermaglio per capelli Contorno 12
Gill1_Color	Branchie 1 .1
Eye1_Dark	Occhio Iride scura 1 + 2
NeckwearB3_Outline	Completo cravatta B Contorno 3
LightBulb	Lampadina adesiva
Mecha3_Color	(Mecha) Mecca 3
Mecha6_Outline	Mecha Contorno 6
Ahoge_A1_Color	Capelli Ahoge (ciuffo) 1
WingA1_Outline	Ala Contorno 1
RedPacketCoin1	Pacchetto Rosso 5
SweatBlue	Adesivo Sudore grande
HornF1_Color	Corno anteriore 1
Sparkle	Brillare
Ahoge_A2_Outline	 Contorno dei Capelli Ahoge (ciuffo) 
FaceFeatureC2	Caratteristica del viso C 2
Glove1_Outline	Guanto Contorno
PalmGlove1_Color	Mano 2 .3
PalmGlove1_Outline	Mano 2 .4
FacialHair_B2_Outline	Peli sul viso B 2
Mecha6_Color	(Mecha) Mecca 6
CapeFront1_Color	Capo anteriore 1
HairClip4_Color	Fermaglio per capelli 4
NeckwearB1_Color	Completo cravatta B 2
Cheek1	Guancia 1
Lubricant	Lubrificante
Ahoge_A4_Outline	 Contorno dei Capelli Ahoge (ciuffo) 4
Angry3	Adesivo Arrabbiato 3
Microphone	Microfono
NeckwearB4_Outline	Completo cravatta B Contorno 4
WingE1_Middle_Outline	Ala Contorno 8 .2
FacialHair_B2_Color	Peli sul viso B 2
Collar4_Outline	Contorno del colletto dell'abito 4
TailF3_Outline	Contorno della coda 17
Donut4	Ciambella 4
Laugh3	Adesivo Ridere 3
Tear1	Lacrima degli occhi 1
NeckwearA6_Outline	Completo cravatta A Contorno 6
Confetti1	Coriandoli 4
Eye_Dum_Pupil	Pupilla dell'occhio (idiota)
NeckwearB2_Outline	Completo cravatta B Contorno 1 + 2
FrameHair_B4_Color	Inquadratura dei capelli 29
FrameHair_B4_Gradient	Inquadratura dei capelli 30
NeckwearB6_Outline	Completo cravatta B Contorno 6
Eye_Popcat_Dark	Dimmi 3 | Occhio | Cornice Popcat 2
HairClip2_Outline	Fermaglio per capelli Contorno 2
FrameHair_B2_Gradient	Inquadratura dei capelli 26
Hand_Outline	Mano 1 .15
Glove1_Color	Guanto
NeckwearA1_Outline	Completo cravatta A Contorno 1
WingE1_Lower_Outline	Ala Contorno 8 .3
Mouse	Topo
Collar5_Color	Colletto interno per outfit 5
Tie1_Outline	Completo cravatta C Contorno 1
Eyebag	Borsa per gli occhi
WingG1_Outter_Outline	Ala Contorno 10 .1
Laugh1	Adesivo Ridere 1
Popcorn	Mangiare (Popcorn) 2
NeckwearA5_Outline	Completo cravatta A Contorno 5
BeverageLiquid	Bevanda liquida
Eye3_HighlightCry	Occhio 3 | Piangere
Eye3_Sparkling	Occhio scintillante 3
Confetti2	Coriandoli 5
Eye3_Spiral	Spirale dell'occhio 3
FacialHair_B1_Color	Peli sul viso B 1
PhoneScreenPattern2	Schermo del telefono 2
VolumeOn	Volume dell'autoadesivo 3
FacialHair_B4_Outline	Peli sul viso B Contorno 4
Collar5_Outline	Contorno del colletto dell'abito 5
WingEL_Lower_WeightTransfer	Ala >> 15 .3
NeckwearB1_WeightTransfer	Completo cravatta B 8
FloatingL_WeightTransfer	(Mecha) Mecca >> 7
HairBang_SideL_WeightTransfer	Frangia ai capelli >> 13
FloatingR_WeightTransfer	(Mecha) Mecca << 7
Glasses_WeightTransfer	Occhiali 4
AhogeA_WeightTransfer	Capelli Ahoge (ciuffo) 7
BackHair_WeightTransfer	Capelli posteriori 7
AnimalEarBL_WeightTransfer	Orecchio di animale >> 11
EyepatchA_WeightTransfer	Benda sull'occhio 7
TailD_WeightTransfer	Coda 22
HairBang_Middle_WeightTransfer	Frangia ai capelli >< 15
Face_WeightTransfer	Caratteristica del viso C 3
NeckwearB2_WeightTransfer	Completo cravatta B 9
EarringBR_WeightTransfer	Orecchino << 12
EarringBL_WeightTransfer	Orecchino >> 12
NeckwearC_WeightTransfer	Completo cravatta C 4
HatC_WeightTransfer	Cappello 11
TailFSoft_WeightTransfer	Coda 25
TailFHard_WeightTransfer	Coda 24
EarringAR_WeightTransfer	Orecchino << 11
EarringAL_WeightTransfer	Orecchino >> 11
HatA_WeightTransfer	Cappello 9
LegR_WeightTransfer	Gamba << 2
LegL_WeightTransfer	Gamba >> 2
HatD_WeightTransfer	Cappello 12
FrameHair_WeightTransfer	Inquadratura dei capelli >< 
TailE_WeightTransfer	Coda 23
TailA_WeightTransfer	Coda 19
SideHairB_WeightTransfer	Lato dei capelli 34
SideHairA_WeightTransfer	Lato dei capelli 33
PonytailA_WeightTransfer	Coda di cavallo dei capelli 15
WingER_Upper_WeightTransfer	Ala << 15 .1
WingER_Middle_WeightTransfer	Ala << 15 .2
OutfitOuter_WeightTransfer	Vestito esterno 8
WingAL_WeightTransfer	Ala >> 11
PalmarL_WeightTransfer	Mano >> 3 .5
HeadWingAL_WeightTransfer	Ala dell'orecchio >> 4
BrowL_WeightTransfer	Sopracciglia >> 10
BrowR_WeightTransfer	Sopracciglia << 10
MustacheA_WeightTransfer	Peli sul viso B 7
TailC_WeightTransfer	Coda 21
FrameHair_BranchL_WeightTransfer	Ramo di capelli >> 4
HandL_Middle_WeightTransfer	Mano >> 3 .1
HandL_Thumb_WeightTransfer	Mano >> 3 .2
NeckwearA_WeightTransfer	Completo cravatta A 7
WingER_Lower_WeightTransfer	Ala << 15 .3
WingEL_Upper_WeightTransfer	Ala >> 15 .1
WingGL_Outter_WeightTransfer	Ala >> 17 .1
WingCL_Upper_WeightTransfer	Ala >> 13 .1
WingGR_Inner_WeightTransfer	Ala << 17 .2
WingCR_Upper_WeightTransfer	Ala << 13 .1
EarL_WeightTransfer	Orecchio 2 >>
EarR_WeightTransfer	Orecchio 2 <<
CapeBack_WeightTransfer	Capo Indietro 4
CapeFront_WeightTransfer	Capo anteriore 7
WingEL_Middle_WeightTransfer	Ala >> 15 .2
WingFR_Upper_WeightTransfer	Ala << 16 .1
AntennaR_WeightTransfer	Antenna << 3
AnimalEarAR_WeightTransfer	Orecchio di animale << 10
WingDL_WeightTransfer	Ala >> 14
AnimalEarCL_WeightTransfer	Orecchio di animale >> 12
WingGL_Inner_WeightTransfer	Ala >> 17 .2
Halo_WeightTransfer	Alone 7
FinR_WeightTransfer	Pinna << 2
HatB_WeightTransfer	Cappello 10
AnimalEarAL_WeightTransfer	Orecchio di animale >> 10
TailB_WeightTransfer	Coda 20
HandL_Little_WeightTransfer	Mano >> 3 .3
HandL_Index_WeightTransfer	Mano >> 3 .4
FinL_WeightTransfer	Pinna >> 2
AntennaL_WeightTransfer	Antenna >> 3
PonytailAR_WeightTransfer	Codino di capelli << 25
OutfitInner_WeightTransfer	Abito interno 9
MustacheB_WeightTransfer	Peli sul viso B 8
PonytailB_WeightTransfer	Coda di cavallo dei capelli 16
HairBandA_WeightTransfer	Fascia per capelli A 3
HairBang_SideR_WeightTransfer	Frangia ai capelli << 13
EyepatchB_WeightTransfer	Benda sull'occhio 8
WingFL_Lower_WeightTransfer	Ala >> 16 .2
WingBL_WeightTransfer	Ala >> 12
PonytailCL_WeightTransfer	Codino di capelli >> 26
HairbandB_WeightTransfer	Fascia per capelli B 5
BeardA_WeightTransfer	Peli sul viso A 9
PonytailAL_WeightTransfer	Codino di capelli >> 25
AnimalEarBR_WeightTransfer	Orecchio di animale << 11
EyelashR_WeightTransfer	Occhio 4 | Ciglia <<
GillR_WeightTransfer	Branchie << 2
PiercingAL_WeightTransfer	Perforazione A >> 6
PiercingAR_WeightTransfer	Perforazione A << 6
WingFR_Lower_WeightTransfer	Ala << 16 .2
WingFL_Upper_WeightTransfer	Ala >> 16 .1
HairBandC_WeightTransfer	Fascia per capelli D 3
HornL_WeightTransfer	Corno >> 8
HornR_WeightTransfer	Corno << 8
EyelashL_WeightTransfer	Occhio 4 | Ciglia >>
GillL_WeightTransfer	Branchie >> 2
HornFrontL_WeightTransfer	Corno anteriore >> 3
HornFrontR_WeightTransfer	Corno anteriore << 3
WingDR_WeightTransfer	Ala << 14
FrameHair_BranchR_WeightTransfer	Ramo di capelli << 4
HeadWingAR_WeightTransfer	Ala dell'orecchio << 4
HornFrontM_WeightTransfer	Corno anteriore >< 2
WingGR_Outter_WeightTransfer	Ala << 17 .1
EyeDollarR_WeightTransfer	Dollaro degli occhi << 4 + 5
EyeHeartL_WeightTransfer	Occhio Cuore >> 4 + 5
EyeHeartR_WeightTransfer	Occhio Cuore << 4 + 5
EyeHighlightCryL_WeightTransfer	Occhio 4 + 5 >> | Piangere
EyeHighlightCryR_WeightTransfer	Occhio 4 + 5 << | Piangere
EyeL_WeightTransfer	Occhio >> 4 + 5
EyeR_WeightTransfer	Occhio << 4 + 5
EyeSparklingL_WeightTransfer	Occhio scintillante >> 4 + 5
EyeSparklingR_WeightTransfer	Occhio scintillante << 4 + 5
EyeSpiralL_WeightTransfer	Spirale dell'occhio >> 4 + 5
EyeSpiralR_WeightTransfer	Spirale dell'occhio << 4 + 5
AnimalEarCR_WeightTransfer	Orecchio di animale << 12
WingAR_WeightTransfer	Ala << 11
PonytailCR_WeightTransfer	Codino di capelli << 26
PiercingBL_WeightTransfer	Perforazione B >> 6
PiercingBR_WeightTransfer	Perforazione B << 6
HandL_WeightTransfer	Mano >> 3
HandR_Index_WeightTransfer	Mano << 3 .4
HandR_Little_WeightTransfer	Mano << 3 .3
HandR_Middle_WeightTransfer	Mano << 3 .1
HandR_Thumb_WeightTransfer	Mano << 3 .2
HandR_WeightTransfer	Mano << 3
PalmarR_WeightTransfer	Mano << 3 .5
WingCL_Lower_WeightTransfer	Ala >> 13
WingCR_Lower_WeightTransfer	Ala << 13
WingBR_WeightTransfer	Ala << 12
EyeDollarL_WeightTransfer	Dollaro degli occhi >> 4 + 5
ClownWig	Pagliaccio 1
FireA1	Fuoco
ElectricFan	Ventilatore elettrico
Cheese	Formaggio
ElectricFanBlades	Pale del ventilatore elettrico
Guitar_Outline	Profilo di chitarra
Guitar_Color1	Colore della chitarra 1
PaperFanSticks	Ventaglio pieghevole 2
PaperFanLeaf	Ventaglio pieghevole 1
Stool	Sgabello
Slipper	Pantofola
Guitar_Color2	Colore della chitarra 2
WinkStar	Occhiolino Stella
ClownNose	Pagliaccio 2
Guitar_Color3	Colore della chitarra 3
SideHairA7_Color	Lato dei capelli 13
PonytailA3_Gradient	Coda di cavallo dei capelli 6
SideHairA2_Gradient	Lato dei capelli 4
SideHairB5_Color	Lato dei capelli 25
SideHairB3_Gradient	Lato dei capelli 22
PonytailA2_Outline	Contorno di coda di cavallo per capelli 3 + 4
PonytailB2_Outline	Contorno di coda di cavallo per capelli 13 + 14
PonytailB2_Color	Coda di cavallo dei capelli 13
Outer7_Outline	Contorno esterno del vestito 7
Outer1_Outline	Contorno esterno del vestito 1
Hand_Color	Mano 1
LaptopLight3	Luce per laptop (Computer portatile) 3
Finger	Strofinare 1
Scissor	Taglio (Forbici)
BoopHand	Boop
Trophy	Trofeo 1
ProgressBar	Contenitore della barra di avanzamento
Progress	Riempimento della barra di avanzamento
