SpriteName	Ja
FaceFeatureB5	顔パーツ B 5
PiercingA5_Color	ピアス 5
Loading	ローディング
Nose3	鼻 3
CapeFront3_Outline	ケープ 前 | ケープ 輪郭 3
CockroachLeg	虫 1
EarringA5_Color	イヤリング 5
Eye2_Highlight	目ハイライト 2
Angry4	怒り エフェクト 4
AnimalEar1_Front_Outline	ケモ耳 輪郭 1
Main5_Outline	服 内側 輪郭 5
ExclamationMark	びっくりマーク エフェクト
Mouth_Line	飲み物のカップ | 口
Eye3_Dollar	お金の目 3
HairShine7_Color	髪ツヤ 13 + 14
WingG1_Outter_Color	翼 10 .1
Eye1_Upperlid	まつげ 1 .1
WingE1_Middle_Color	翼 8 .2
TailE2_Color	しっぽ 13
SweatWhite	汗 エフェクト
Collar6_String	襟ひも 7
PonytailA5_Color	ヘアポニーテール 9
FrameHair_A10_Outline	 顔まわり髪 輪郭 19
HairBang6_Side_Color	前髪 11
SideHairA5_Outline	横髪 輪郭 9 + 10
SideHairA3_Color	横髪 5
FrameHair_A5_Outline	 顔まわり髪 輪郭 9 + 10
Pigtail_A2_Color	おさげ 3
SideHairB8_Outline	横髪 輪郭 31 + 32
SideHairA3_Outline	横髪 輪郭 5 + 6 
PonytailA1_Color	ヘアポニーテール 1
PonytailA5_Gradient	ヘアポニーテール 10
BellClapper	ベル 1
EarringA5_Outline	イヤリング 輪郭 5
HairShine5_Outline	髪ツヤ 輪郭 10
Nose1	鼻 1
HairClip5_Color	ヘアピン 5
TailC1_Color	しっぽ 8
PonytailA5_Outline	髪ポニーテールの概要 9 + 10
WingB1_Outline	翼 輪郭 4
AlertClick	アラート エフェクト
HairClip13_Color	ヘアピン 13
SideHairA7_Outline	横髪 輪郭 13 + 14
SideHairA6_Outline	横髪 輪郭 11 + 12
CreditCard	カードスワイプ
Hand_Line2	手 1 .1
Eye1_Highlight	目ハイライト 1
EarringA1_Color	イヤリング 1
Brow1	眉 1
FaceFeatureB2	顔パーツ B 2
CortisolMeter	ダンス（低コルチゾール） 2
HairBang1_Side_Outline	前髪 輪郭 1 + 2
Hairline	髪ベース 1
EarringB1_Color	イヤリング 6
Palmar_Line2	手 1 .2
StrawLiquid_Color	飲み物 2
Mecha5_Color	メカ 5
HairClip13_Outline	ヘアピン 輪郭 13
EasterEgg3	イースター 3
Collar3_Outline	襟 輪郭 3
HairHighlight4_Color	髪ハイライト >< 1 + 2
Tongue2	口／舌 | ぺろり
FaceFeatureA3	顔パーツ A 3
AnimalEar4_Outline	ケモ耳 輪郭 4
SideHairB8_Gradient	横髪 32
PonytailA4_Outline	髪ポニーテールの概要 7 + 8
HatD1_Outline	帽子 輪郭 8
GasBottle	ガスボンベ
SideHairA2_Outline	横髪 輪郭 3 + 4
SideHairB5_Outline	横髪 輪郭 25 + 26
FacialHair_A4_Color	ひげ A 4
EarringA2_Color	イヤリング 2
Eye3_Light	 虹彩 淡 3
AnimalEar1_Back_Outline	ケモ耳 輪郭 1 .1
CapeFront5_Outline	ケープ 前 | ケープ 輪郭 5
SideHairB8_Color	横髪 31
HairShine6_Color	髪ツヤ 11 + 12
Hairband5_Outline	ヘアバンド B 輪郭 3
CapeBack1_Outline	ケープ 後ろ | ケープ 輪郭 1
Halo3_Color	天使の輪 3
Eye3_Eyelash	まつげ 3
Leg	脚 1
Thumb_Color	手 1 .3
HairShine2_Color	髪ツヤ 3 + 4
Hairband1_Outline	ヘアバンド A 輪郭 1
Brow7	眉 7
Palmar_Line1	手 1 .4
PiercingA3_Color	ピアス 3
Pigtail_A7_Color	おさげ 13
SideHairA3_Gradient	横髪 6
SideHairA8_Outline	横髪 輪郭 15 + 16
PonytailA3_Outline	髪ポニーテールの概要 5 + 6
TailF2_Outline	しっぽ 輪郭 16
Ear_Outline	耳 輪郭 1
HairClip11_Color	ヘアピン 11
TailC1_Outline	しっぽ 輪郭 8
Cheek3	頬 3
Eye_Popcat_Light	ほげ 3 | 目 | パクパク猫（コマ送り）
CandleFire	ろうそくの火
PiercingA4_Outline	 ピアス 輪郭 4
NeckwearA2_Color	首アクセ A 2
little_Color	手 1 .5
PiercingA1_Color	ピアス 1
PhoneLight	スマホライト
ShakeLine1	怖い 1
Eye2_Upperlid	まつげ 2 .1
NeckwearA3_Color	首アクセ A 3
Brow9	眉 9
EarringA1_Outline	イヤリング 輪郭 1
TailA2_Outline	しっぽ 輪郭 2
Drooling	 よだれ
PiercingA4_Color	ピアス 4
PonytailA3_Color	ヘアポニーテール 5
PonytailA2_Gradient	ヘアポニーテール 4
AnimalEar7_Outline	ケモ耳 輪郭 7
Brow6	眉 6
PopperConfetti2	紙吹雪 2
Swatter	ハエたたき
Fin1_Outline	ヒレ 輪郭
HairShine3_Color	髪ツヤ 5 + 6
TailB1_Color	しっぽ 3
HammerEffect2	ハンマー 2
Mecha1_Outline	メカ 輪郭 1
Pigtail_A4_Outline	おさげ 輪郭 7 + 8
HatC1_Outline	帽子 輪郭 6 + 7
Pigtail_B1_Color	おさげ 17
Flash	銃口フラッシュ
Brow4	眉 4
CortisolMeterPointer	ダンス（低コルチゾール） 1
Hand_Line1	手 1 .6
RedPacketCoin4	お年玉 4
Cheek4	頬 4
FaceFeatureB3	顔パーツ B 3
Brow2	眉 2
StickyNote	ふせん（ほげ）
Loading_Outline	ローディング 2
Collar6_Outline	襟 輪郭 6 + 7
CapeBack3_Color	ケープ 後ろ 3
SideHairB6_Outline	横髪 輪郭 27 + 28
PonytailA1_Outline	髪ポニーテールの概要 1 + 2
PonytailA2_Color	ヘアポニーテール 3
SideHairA2_Color	横髪 3
GiftBoxLid	ギフト 2
Collar4_Color	襟 内側 4
WingE1_Upper_Color	翼 8 .1
WingA1_Color	翼 1
FrameHair_B4_Outline	 顔まわり髪 輪郭 29 + 30
FrameHair_Branch_A1_Color	髪ハネ 1
SideHairA7_Gradient	横髪 14
Wing2_Color	耳羽 2
TailA1_Color	しっぽ 1
Eye3_Heart	ハート目 3
FrameHair_A8_Outline	 顔まわり髪 輪郭 15 + 16
DrawingTablet	タブレット
FaceFeatureA2	顔パーツ A 2
PiercingA2_Color	ピアス 2
Eye_Popcat_Highlight	パクパク猫 | 目ハイライト
Hairband3_Outline	ヘアバンド B 輪郭 1
NeckwearB6_Color	首アクセ B 6
Mouth_Popcat1	パクパク猫 | 口 1
Rose	バラ
HairbandBack2_Outline	ヘアバンド D 輪郭 2
Mecha2_Outline	メカ 輪郭 2
SideHairA8_Gradient	横髪 16
NeckwearB7_Color	首アクセ B 7
Donut3	ドーナツ 3
NeckwearB5_Outline	首アクセ B 輪郭 5
StickyNoteText	ふせんの文字（ほげ）
SideHairA6_Gradient	横髪 12
PonytailA4_Gradient	ヘアポニーテール 8
Ahoge_A4_Color	アホ毛 4
Gill2_Color	エラ 1 .2
FacialHair_A7_Outline	ひげ A 輪郭 7
HatC1_Color	帽子 6 + 7
SideHairA5_Color	横髪 9
LightStickHandle	ペンライト持ち手
Eye1_Spiral	ぐるぐる目 1 + 2
EasterEgg2	イースター 2
EasterEgg1	イースター 1
HairClip5_Outline	ヘアピン 輪郭 5
SideHairA8_Color	横髪 15
HairHighlight2_Outline	髪ハイライト 輪郭 2 << + 2 >>
Ahoge_A2_Color	アホ毛 2
SideHairB7_Outline	横髪 輪郭 29 + 30
AlertBits_Outline	アラート 輪郭 6
SunGlasses_Frame	サングラス
PonytailA4_Color	ヘアポニーテール 7
HairHighlight2_Color	髪ハイライト 2 << + 2 >>
SideHairA5_Gradient	横髪 10
SideHairA6_Color	横髪 11
HairbandBack2_Color	ヘアバンド D 2
NeckwearB1_Outline	首アクセ B 輪郭 2
HairClip3_Outline	ヘアピン 輪郭 3
Bill2	紙幣 2
Volume	音量 エフェクト
FrameHair_A1_Color	顔まわり髪 1 
FrameHair_A2_Gradient	顔まわり髪 2 
Pigtail_C2_Color	おさげ 23
Pigtail_C2_Gradient	おさげ 24
WingF1_Lower_Outline	翼 輪郭 9 .2
Glasses_Frame3	メガネ 3
WingA2_Outline	翼 輪郭 2
PalmarGlove1_Outline	手 2 .1
Eye1_Sparkling	キラキラ目 1
SideHairB2_Color	横髪 19
SideHairB2_Gradient	横髪 20
SideHairA1_Outline	横髪 輪郭 1 + 2
EarringA3_Color	イヤリング 3
EarringA4_Color	イヤリング 4
TailF_Outline	しっぽ 輪郭 15 + 16 + 17 + 18 + 24 + 25
Halo2_Outline	天使の輪 輪郭 2
HairBang4_Side_Outline	前髪 輪郭 7 + 8
TailD1_Outline	しっぽ 輪郭 11
Pigtail_A8_Outline	おさげ 輪郭 15 + 16
HairBang4_Middle_Outline	前髪 中央 輪郭 4
SideHairB2_Outline	横髪 輪郭 19 + 20
ShakeLine2	怖い 2
EarringB2_Color	イヤリング 7
TailA2_Color	しっぽ 2
TailF_Color	しっぽ 15 + 16 + 17 + 18 + 24 + 25
SideHairB6_Color	横髪 27
Controller	コントローラー
HairBang3_Middle_Gradient	前髪 >< 6
HairBang3_Middle_Color	前髪 >< 5
Horn4_Color	角 4
HatD1_Color	帽子 8
PonytailA1_Gradient	ヘアポニーテール 2
SideHairB4_Outline	横髪 輪郭 23 + 24
SideHairB6_Gradient	横髪 28
EarringA4_Outline	イヤリング 輪郭 4
PopperConfetti1	紙吹雪 1
Collar1_Outline	襟 輪郭 1
FacialHair_B5_Outline	ひげ B 輪郭 5
EarringA2_Outline	イヤリング 輪郭 2
TailF4_Outline	しっぽ 輪郭 18
LightStickLight	ペンライト
HatA1_Outline	帽子 輪郭 1 + 2
SideHairB1_Outline	横髪 輪郭 17 + 18
HairClip3_Color	ヘアピン 3
NeckwearA4_Color	首アクセ A 4
NeckwearA5_Color	首アクセ A 5
WingC1_Lower_Outline	翼 輪郭 5 .2
FrameHair_A2_Outline	 顔まわり髪 輪郭 3 + 4
HatB1_Outline	帽子 輪郭 3
MagicWand	魔法
HairBang2_Middle_Color	前髪 >< 3
HairBang2_Middle_Gradient	前髪 >< 4
Hairband5_Color	ヘアバンド B 3
TailE2_Outline	しっぽ 輪郭 13
Brow5	眉 5
Tie1_Color	首アクセ C 1
WingF1_Lower_Color	翼 9 .2
FrameHair_A4_Outline	 顔まわり髪 輪郭 7 + 8
PryBar	バール
FacialHair_A2_Color	ひげ A 2
Outer2_Color	服 外側 2
Tie3_Outline	首アクセ C 輪郭 3
TailB4_Outline	しっぽ 輪郭 6
HairShine3_Outline	髪ツヤ 輪郭 6
AlertHeart_Color	アラート エフェクト 1
WingD2_Lower_Outline	翼 輪郭 7 .2
SideHairA1_Color	横髪 1
HatA1_Color	帽子 1 + 2
SideHairB3_Color	横髪 21
FrameHair_A11_Gradient	顔まわり髪 22
FrameHair_A11_Color	顔まわり髪 21
SideHairB4_Gradient	横髪 24
SideHairA4_Outline	横髪 輪郭 7 + 8
SideHairA1_Gradient	横髪 2
CapeFront2_Color	ケープ 前 2
CapeFront5_Color	ケープ 前 5
CapeFront2_Outline	ケープ 前 | ケープ 輪郭 2
SideHairB3_Outline	横髪 輪郭 21 + 22
SideHairB4_Color	横髪 23
SideHairB5_Gradient	横髪 26
TailB5_Color	しっぽ 7
WingC1_Upper_Outline	翼 輪郭 5 .1
Mecha3_Outline	メカ 輪郭 3
HairHighlight1_Color	髪ハイライト 1 << + 1 >> 
LoveLetter	ラブレター
Hairband6_Outline	ヘアバンド B 輪郭 4
MusicalNote1	音符 1
PiercingA2_Outline	 ピアス 輪郭 2
StrawLiquid_Outline	飲み物のカップ 2
Eyepatch2_Color	眼帯 3 + 4
AnimalEar2_Front_Outline	ケモ耳 輪郭 2
AnimalEar1_Fur_Color	ケモ耳 毛 1
EarringB3_Color	イヤリング 8
Pigtail_A7_Gradient	おさげ 14
AnimalEar5_Color	ケモ耳 5
EarringB4_Color	イヤリング 4
HairClip2_Color	ヘアピン 2
Glasses_Lens2	メガネ Lens 2
HairBang6_Side_Gradient	前髪 12
HairBang3_Middle_Outline	前髪 中央 輪郭 5 + 6
AnimalEar9_Outline	ケモ耳 輪郭 9
HatB3_Color	帽子 5
PiercingA1_Outline	 ピアス 輪郭 1
Brow8	眉 8
HairClip1_Outline	ヘアピン 輪郭 1
Eyepatch1_Color	眼帯 1 + 2
NeckwearA1_Color	首アクセ A 1
Eye1_Eyelash	まつげ 1 + 2
ShakeLine3	怖い 3
WingE1_Upper_Outline	翼 輪郭 8 .1
PopperConfetti3	紙吹雪 3
Star	星 エフェクト
HairBang1_Middle_Outline	前髪 中央 輪郭 1 + 2
SideHairA4_Gradient	横髪 8
PiercingA3_Outline	 ピアス 輪郭 3
FaceFeatureB4	顔パーツ B 4
EarringA3_Outline	イヤリング 輪郭 3
TailF4_Color	しっぽ 18
AnimalEar2_Fur_Color	ケモ耳 毛 2
AnimalEar3_Outline	ケモ耳 輪郭 3
Straw	飲み物のカップ 4
AnimalEar8_Outline	ケモ耳 輪郭 8
AnimalEar6_Color	ケモ耳 6
TailF3_Color	しっぽ 17
EarringB5_Outline	イヤリング 輪郭 10
HairClip12_Color	ヘアピン 12
Collar6_Color	襟 内側 6 + 7
AnimalEar6_Outline	ケモ耳 輪郭 6
AnimalEar3_Color	ケモ耳 3
Brow3	眉 3
Glasses_Lens3	メガネ Lens 3
EarringB5_Color	イヤリング 10
LaptopLight2	ノートPCライト 2
PhoneScreenPattern1	スマホ画面 1
TailF2_Color	しっぽ 16
LaptopLight1	ノートPCライト 1
AnimalEar7_Color	ケモ耳 7
AnimalEar9_Color	ケモ耳 9
HairBang7_Middle_Outline	前髪 中央 輪郭 13 + 14
Hairband6_Color	ヘアバンド B 4
AnimalEar2_Back_Outline	ケモ耳 輪郭 2 .1
HairClip1_Color	ヘアピン 1
EarringB2_Outline	イヤリング 輪郭 7
Middle_Color	手 1 .7
AnimalEar5_Outline	ケモ耳 輪郭 5
Hairband2_Color	ヘアバンド A 2
AnimalEar1_Front_Color	ケモ耳 1
Chopstick	お箸
AnimalEar2_Front_Color	ケモ耳 2
EarringB3_Outline	イヤリング 輪郭 8
TailF1_Color	しっぽ 15
AnimalEar4_Color	ケモ耳 4
HairBang4_Side_Color	前髪 7
SideHairB7_Gradient	横髪 30
SideHairB1_Color	横髪 17
FacialHair_A7_Color	ひげ A 7
HairClip4_Outline	ヘアピン 輪郭 4
EarringB1_Outline	イヤリング 輪郭 6
Index_Color	手 1 .8
PiercingA5_Outline	 ピアス 輪郭 5
TailF1_Outline	しっぽ 輪郭 15
AnimalEar1_Fur_Outline	ケモ耳 毛 輪郭 1
TailE3_Color	しっぽ 14
AnimalEar1_Back_Color	ケモ耳 1 .1
AnimalEar2_Fur_Outline	ケモ耳 毛 輪郭 2
CupSteam	湯気
AnimalEar2_Back_Color	ケモ耳 2 .1
AnimalEar8_Color	ケモ耳 8
EarringB4_Outline	イヤリング 輪郭 9
FacialHair_A8_Outline	ひげ A 輪郭 8
SideHairB7_Color	横髪 29
SideHairA4_Color	横髪 7
SideHairB1_Gradient	横髪 18
BackHair3_Color	後ろ髪 5
Pigtail_A5_Color	おさげ 9
Pigtail_A5_Gradient	おさげ 10
Pigtail_A2_Outline	おさげ 輪郭 3 + 4
HairShine6_Outline	髪ツヤ 輪郭 12
Antenna1_Outline	アンテナ 輪郭 1
AlertLike_Outline	アラート 輪郭 4
FacialHair_A5_Outline	ひげ A 輪郭 5
Horn5_Outline	角 輪郭 5
FrameHair_A8_Color	顔まわり髪 15
FrameHair_A8_Gradient	顔まわり髪 16
FrameHair_Top_Color	顔まわり髪 top
HairBang5_Middle_Color	前髪 >< 9
HairShine1_Outline	髪ツヤ 輪郭 2
WingG1_Inner_Outline	翼 輪郭 10 .2
VideoCamera	ビデオカメラ
FrameHair_A7_Gradient	顔まわり髪 14
FrameHair_A7_Color	顔まわり髪 13
Index_Outline	手 1 .9
Mouth	口
TailC3_Outline	しっぽ 輪郭 10
Wing2_Outline	耳羽 輪郭 2
Wing1_Color	耳羽 輪郭 1
WingC1_Upper_Color	翼 輪郭 5 .1
Main7_Color	服 内側 7
HairHighlight3_Color	髪ハイライト 3 << + 3 >>
HairHighlight4_Outline	髪ハイライト 中央 輪郭 1 + 2
ErrorPopup	動作停止
TrashBinLid	ゴミ箱 2
BackHair1_Outline	後ろ髪 輪郭 1 + 2
BackHair2_Outline	後ろ髪 輪郭 3 + 4
Horn6_Color	角 6
HairBang7_Middle_Color	前髪 >< 13
little_Outline	手 1 .10
HornF1_Outline	角 前 輪郭 1
TailC2_Outline	しっぽ 輪郭 9
Outer2_Outline	服 外側 輪郭 2
BackHair3_Outline	後ろ髪 輪郭 5 + 6
Tongue_Shadow	舌 影
Blush	頬の赤み
FacialHair_B5_Color	ひげ B 5 
Knife	よだれ（フォーク＆ナイフ） 2
HairBang3_Side_Outline	前髪 輪郭 5 + 6
HairBang5_Side_Outline	前髪 輪郭 9 + 10
Horn7_Outline	角 輪郭 7
PopcornBucket	食べる（ポップコーン） 1
Pigtail_A3_Outline	おさげ 輪郭 5 + 6
Collar7_Color	襟 内側 8
Hairband3_Color	ヘアバンド B 1
Hammer	ハンマー
TailE3_Outline	しっぽ 輪郭 14
HairBang6_Side_Outline	前髪 輪郭 11 + 12
HairBang2_Side_Outline	前髪 輪郭 3 + 4
HairShine7_Outline	髪ツヤ 輪郭 14
EyepatchBandage_Color	眼帯 5 + 6
EyepatchBandage_Outline	眼帯の輪郭 5 + 6
HairbandBack1_Color	ヘアバンド D 1
Hairband4_Outline	ヘアバンド B 輪郭 2
KeyboardKeyA	タイピング（通常） 1
Thumb_Outline	手 1 .11
FacialHair_B3_Color	ひげ B 3
Hairband2_Outline	ヘアバンド A 輪郭 2
HairbandBack1_Outline	ヘアバンド D 輪郭 1
TailB3_Color	しっぽ 5
FrameHair_A7_Outline	 顔まわり髪 輪郭 13 + 14
FrameHair_A10_Color	顔まわり髪 19
FrameHair_A10_Gradient	顔まわり髪 20
FrameHair_A11_Outline	 顔まわり髪 輪郭 21 + 22
FrameHair_A9_Color	顔まわり髪 17
FacialHair_A3_Color	ひげ A 3
BackHair1_Color	後ろ髪 1
Laptop	ノートPC
SignRound	採点棒
HairBang1_Side_Color	前髪 1
HairBang4_Side_Gradient	前髪 8
HairBang5_Side_Color	前髪 9
BackHair2_Color	後ろ髪 3
Pigtail_A6_Outline	おさげ 輪郭 11 + 12
Pigtail_A7_Outline	おさげ 輪郭 13 + 14
Watermelon	食べる（スイカ）
Cheek2	頬 2
HairClip6_Color	ヘアピン 6
Spoon	登場（スプーン）
Tape	テープ
HatB2_Outline	帽子 輪郭 4
HairShine2_Outline	髪ツヤ 輪郭 4
HairBang1_Side_Gradient	前髪 2
HairBang2_Side_Color	前髪 3
HairBang5_Side_Gradient	前髪 10
BackHair2_Gradient	後ろ髪 4
FrameHair_B3_Outline	 顔まわり髪 輪郭 28
FaceFeatureC1	顔パーツ C 1
Pigtail_A8_Color	おさげ 15
NeckwearB4_Color	首アクセ B 4
WingE1_Lower_Color	翼 8 .3
PhoneScreen	スマホ画面 3
AngrySteam	湯気 エフェクト
Outer1_Color	服 外側 1
SideHair_Branch_C2_Outline	横髪 ハネ C 輪郭 2
Hairband4_Color	ヘアバンド B 2
Pigtail_A3_Color	おさげ 5
BackHair3_Gradient	後ろ髪 6
HairBang2_Side_Gradient	前髪 4
PixelSunglasses	サングラス（ドット）
HatB1_Color	帽子 3
FacialHair_B3_Outline	ひげ B 輪郭 3
CapeBack1_Color	ケープ 後ろ 1
HairShine1_Color	髪ツヤ 1 + 2
Palmar_Color	手 1 .12
Ahoge_B1_Color	アホ毛 5
HatA2_Outline	帽子 輪郭 2
Pigtail_A5_Outline	おさげ 輪郭 9 + 10
Pigtail_A3_Gradient	おさげ 6
HairBang3_Side_Color	前髪 5
HairBang3_Side_Gradient	前髪 6
HairShine4_Outline	髪ツヤ 輪郭 8
BackHair1_Gradient	後ろ髪 2
SignSquare	手持ち看板
Horn4_Outline	角 4
PonytailB1_Gradient	ヘアポニーテール 12
PonytailB1_Color	ヘアポニーテール 11
FrameHair_A1_Outline	 顔まわり髪 輪郭 1 + 2
Collar7_Outline	襟 輪郭 8
NeckwearA3_Outline	首アクセ A 輪郭 3
NeckwearA2_Outline	首アクセ A 輪郭 2
TailA1_Outline	しっぽ 輪郭 1
Horn3_Outline	角 輪郭 3
Pigtail_A8_Gradient	おさげ 16
SunglassesReflection	サングラス 反射
NeckwearA6_Color	首アクセ A 6
Tie2_Outline	首アクセ C 輪郭 2
Halo4_Color	天使の輪 5 + 6
FrameHair_A6_Color	顔まわり髪 11
Middle_Outline	手 1 .13
RedPacketCoin2	お年玉 3
NeckwearB5_Color	首アクセ B 5
Eye1_HighlightCry	目 1 | 泣き顔
Collar3_Color	襟 内側 3
TailC3_Color	しっぽ 10
ElfEar_Color	耳 1.1
Surprise	びっくり エフェクト
Gill3_Outline	エラ 輪郭 1 .3
Pigtail_A4_Gradient	おさげ 8
Pigtail_A1_Color	おさげ 1
Eye_U	睡眠（すやすや）
Cockroach	虫
Halo3_Outline	天使の輪 輪郭 3
Wing3_Outline	耳羽 輪郭 3
Halo4_Outline	天使の輪 輪郭 5 + 6
Wing3_Color	耳羽 3
WingD1_Outline	翼 輪郭 6
FacialHair_A1_Color	ひげ A 1
Ghost	おばけ エフェクト
Hairband7_Outline	ヘアバンド C 輪郭 1
Horn6_Outline	角 輪郭 6
HairHighlight3_Outline	髪ハイライト 輪郭 3 << + 3 >>
Glasses_Frame2	メガネ 2
NeckwearA4_Outline	首アクセ A 輪郭 4
Ear_Color	耳 1
HatB2_Color	帽子 4
FacialHair_A4_Outline	ひげ A 輪郭 4
PonytailB1_Outline	髪ポニーテールの概要 11 + 12
Collar1_Color	襟 内側 1
CapeBack3_Outline	ケープ 後ろ | ケープ 輪郭 3
Pigtail_A1_Outline	おさげ 輪郭 1 + 2
Tie2_Color	首アクセ C 2
TailE1_Color	しっぽ 12
PatHand	なで手
Main6_Outline	服 内側 輪郭 6
Pigtail_A6_Color	おさげ 11
Card	逆行する
FacialHair_A8_Color	ひげ A 8
CapeBack2_Outline	ケープ 後ろ | ケープ 輪郭 2
CapeFront6_Color	ケープ 前 6
PonytailB2_Gradient	ヘアポニーテール 14
Megaphone	メガホン
Glasses_Frame1	メガネ 1
Pigtail_B1_Outline	おさげ 輪郭 17 + 18
Eye1_Dollar	お金の目 1 + 2
FaceFeatureA1	顔パーツ A 1
Eye1_Heart	ハート目 1 + 2
Collar2_Color	襟 内側 2
Pigtail_A6_Gradient	おさげ 12
FrameHair_B3_Gradient	顔まわり髪 28
FrameHair_B3_Color	顔まわり髪 27
FrameHair_TopBack_Outline	顔まわり髪 輪郭 top 2
Horn5_Color	角 5
Fork	よだれ（フォーク＆ナイフ） 1
SteeringWheel	ハンドル
Hairband1_Color	ヘアバンド A 1
HatB3_Outline	帽子 輪郭 5
FrameHair_A4_Color	顔まわり髪 7
NeckwearB3_Color	首アクセ B 3
HammerEffect1	ハンマー 1
HairHighlight6_Color	髪ハイライト >< 5 + 6
Pigtail_B2_Outline	おさげ 輪郭 19 + 20
WingF1_Upper_Outline	翼 輪郭 9 .1
Pigtail_A2_Gradient	おさげ 4
RedPacketCoin3	お年玉 2
FrameHair_A9_Gradient	顔まわり髪 18
TrashBin	ゴミ箱 1
FacialHair_A2_Outline	ひげ A 輪郭 2
Tongue1	ぺろり | 舌
HairShine4_Color	髪ツヤ 7 + 8
Toilet	トイレ
FrameHair_A5_Gradient	顔まわり髪 10
CapeFront6_Outline	ケープ 前 | ケープ 輪郭 6
FrameHair_A5_Color	顔まわり髪 9
CapeBack2_Color	ケープ 後ろ 2
SunGlasses_Lens	サングラス Lens
FrameHair_A9_Outline	 顔まわり髪 輪郭 17 + 18
Main8_Outline	服 内側 輪郭 8
Pigtail_A4_Color	おさげ 7
KeyboardKeyB	タイピング（通常） 2
Tie3_Color	首アクセ C 3
Nose2	鼻 2
FacialHair_A5_Color	ひげ A 5
AlertCustom_Color	アラート エフェクト 2
AlertCustom_Outline	アラート 輪郭 2
SideHair_Branch_A2_Outline	横髪 ハネ A 輪郭 2
Horn1_Color	角 1
Outer3_Outline	服 外側 輪郭 3
SideHair_Branch_B1_Outline	横髪 ハネ B 輪郭 1
ElfEar_Outline	耳 輪郭 1.1
Outer4_Color	服 外側 4
Outer3_Color	服 外側 3
HairHighlight5_Outline	髪ハイライト 中央 輪郭 3 +4
SideHair_Branch_C1_Outline	横髪 ハネ C 輪郭 1
Stylus	ペンタブのペン
Tear2_Outline	涙 3
Donut1	ドーナツ 1
Donut2	ドーナツ 2
SideHair_Branch_A1_Outline	横髪 ハネ A 輪郭 1
Eye1_Light	 虹彩 淡 1 + 2
Angry2	怒り エフェクト 2
WingF1_Upper_Color	翼 9 .1
NeckwearB2_Color	首アクセ B 1 + 2
SideHair_Branch_A1_Color	横髪 ハネ A 1
SignRoundText1	採点棒の文字
Collar2_Outline	襟 輪郭 2
MusicalNote2	音符 2
FacialHair_B4_Color	ひげ B 4
Mecha2_Color	メカ 2
Six	ナンバー6
PointHand	指さし手
HairClip8_Color	ヘアピン 8
FaceFeatureB1	顔パーツ B 1
Pigtail_B2_Gradient	おさげ 20
Main8_Color	服 内側 8
Tear2_Color	涙 2
Eye3_Dark	 虹彩 濃 3
Outer4_Outline	服 外側 輪郭 4
Glasses_Lens1	メガネ Lens 1
WingA3_Outline	翼 輪郭 3
Ahoge_B2_Color	アホ毛 6
CapeFront1_Outline	ケープ 前 | ケープ 輪郭 1
Cake	ケーキ
WingD1_Color	翼 6
Pigtail_B1_Gradient	おさげ 18
Outer7_Color	服 外側 7
Ahoge_B1_Outline	アホ毛 輪郭 5
HornM1_Outline	角 前中央 輪郭 1
HornF2_Color	角 前 2
CapeFront4_Color	ケープ 前 4
FrameHair_Branch_A3_Color	髪ハネ 3
Main2_Outline	服 内側 輪郭 2
Wing1_Outline	耳羽 輪郭 1
WingD2_Upper_Outline	翼 輪郭 7 .1
Mecha4_Color	メカ 4
Horn1_Outline	角 輪郭 1
WingA2_Color	翼 2
EasterEggBasket	イースター 4
Mecha4_Outline	メカ 輪郭 4
Antenna2_Color	アンテナ 2
Mecha1_Color	メカ 1
Ahoge_A3_Outline	アホ毛 輪郭 3
Main1_Outline	服 内側 輪郭 1
Horn2_Color	角 2
HairBang4_Middle_Gradient	前髪 >< 8
CapeFront3_Color	ケープ 前 3
Notepad	メモ帳
Outer5_Color	服 外側 5
WingA3_Color	翼 3
WingB1_Color	翼 4
Pistol	銃
Horn7_Color	角 7
Bottle	コークシェイク
Outer6_Color	服 外側 6
Laugh2	笑い エフェクト 2
FrameHair_B1_Gradient	顔まわり髪 24
Outer5_Outline	服 外側 輪郭 5
FrameHair_Top_Outline	顔まわり髪 輪郭 top
WingG1_Inner_Color	翼 10 .2
HairBang5_Middle_Outline	前髪 中央 輪郭 9 + 10
Beer	Cheers
HairBang4_Middle_Color	前髪 >< 7
TailE1_Outline	しっぽ 輪郭 12
TailC2_Color	しっぽ 9
HornF2_Outline	角 輪郭 9
HairBang2_Middle_Outline	前髪 中央 輪郭 3 + 4
Ahoge_B2_Outline	アホ毛 輪郭 6
Bell	ベル 2
FrameHair_Branch_A3_Outline	髪ハネ 輪郭 3
FrameHair_A3_Color	顔まわり髪 5
FrameHair_A3_Gradient	顔まわり髪 6
Horn2_Outline	角 輪郭 2
Outer6_Outline	服 外側 輪郭 6
WingD2_Upper_Color	翼 7 .1
Antenna2_Outline	アンテナ 輪郭 2
TailB5_Outline	しっぽ 輪郭 7
HairBang5_Middle_Gradient	前髪 >< 10
HairBang1_Middle_Color	前髪 >< 1
QuestionMark	はてな エフェクト
Horn3_Color	角 3
SignSquareText1	手持ち看板の文字
Antenna1_Color	アンテナ 1
FrameHair_A2_Gradient	顔まわり髪 4
HairHighlight1_Outline	髪ハイライト 輪郭 1 << + 1 >>
TailD1_Color	しっぽ 11
HairBang6_Middle_Outline	前髪 中央 輪郭 11 + 12
HairBang7_Middle_Gradient	前髪 >< 14
HairBang6_Middle_Color	前髪 >< 11
HairBang6_Middle_Gradient	前髪 >< 12
CapeFront4_Outline	ケープ 前 | ケープ 輪郭 4
FrameHair_A2_Color	顔まわり髪 3
FacialHair_A1_Outline	ひげ A 輪郭 1
HairBang1_Middle_Gradient	前髪 >< 2
HornM1_Color	角 前中央 1
TailB4_Color	しっぽ 6
TailB2_Color	しっぽ 4
Pigtail_B2_Color	おさげ 19
Fin1_Color	ヒレ 1
TailB3_Outline	しっぽ 輪郭 5
Halo1_Color	天使の輪 1
TailB2_Outline	しっぽ 輪郭 4
FrameHair_A3_Outline	 顔まわり髪 輪郭 5 + 6
FrameHair_B1_Color	顔まわり髪 23
HairClip7_Color	ヘアピン 7
FacialHair_A6_Color	ひげ A 6
FacialHair_A3_Outline	ひげ A 3
Halo1_Outline	天使の輪 輪郭 1
Hairband7_Color	ヘアバンド C 1
Keyboard	タイピング（通常） 3
FrameHair_A6_Outline	 顔まわり髪 輪郭 11 + 12
VolumeOff	音量 エフェクト 2
PalmarGlove1_Color	手 2 .2
FacialHair_A6_Outline	ひげ A 輪郭 6
TailB1_Outline	しっぽ 輪郭 3
Pigtail_A1_Gradient	おさげ 2
FrameHair_A4_Gradient	顔まわり髪 8
KitchenKnife	包丁
Halo2_Color	天使の輪 2
FrameHair_A6_Gradient	顔まわり髪 12
HairShine5_Color	髪ツヤ 9 + 10
FrameHair_B2_Color	顔まわり髪 25
FacialHair_B1_Outline	ひげ B 輪郭 1
Main3_Outline	服 内側 輪郭 3
Main4_Outline	服 内側 輪郭 4
Main7_Outline	服 内側 輪郭 7
HatA2_Color	帽子 2
Pigtail_C2_Outline	おさげ 輪郭 23 + 24
Main1_Color	服 内側 1
Eyepatch2_Outline	眼帯の輪郭 3 + 4
SideHair_Branch_C2_Color	横髪 ハネ C 2
HairHighlight6_Outline	髪ハイライト 中央 輪郭 5 + 6
SideHair_Branch_C1_Color	横髪 ハネ C 1
Eyepatch1_Outline	眼帯の輪郭 1 + 2
AlertCoin_Outline	アラート 輪郭 3
Eye_Dum_Outline	ほげ目 輪郭 1 + 2
FrameHair_Branch_A2_Outline	髪ハネ 輪郭 2
Main5_Color	服 内側 5
Pompom	ポンポン
HairClip10_Outline	ヘアピン 輪郭 10
WaveHand	Wave 手
HeartItem	ハート
FrameHair_Branch_A2_Color	髪ハネ 2
FrameHair_Branch_A1_Outline	髪ハネ 輪郭 1
Eye_Dum_Color	白目
AlertCoin_Color	アラート エフェクト 3
Button	ボタン
SideHair_Branch_B2_Outline	横髪 ハネ B 輪郭 2
Face_Shadow	顔影
AlertStar_Outline	アラート 輪郭 5
Pigtail_C1_Outline	おさげ 輪郭 21 + 22
AlertHeart_Outline	アラート 輪郭 1
AlertLike_Color	アラート エフェクト 4
AlertStar_Color	アラート エフェクト 5
Sleep	睡眠 エフェクト
Square	ドア／壁 | 牢屋格子 | ブランケット外側
SideHair_Branch_A2_Color	横髪 ハネ A 2
Beverage	飲み物のカップ 3
HairClip8_Outline	ヘアピン 輪郭 8
HairClip9_Outline	ヘアピン 輪郭 9
GiftBox	ギフト 1
Mecha5_Outline	メカ 輪郭 5
WingC1_Lower_Color	翼 5 .2
Gill3_Color	エラ 1 .3
FacialHair_B6_Outline	ひげ B 輪郭 6
HairClip10_Color	ヘアピン 10
SideHair_Branch_B2_Color	横髪 ハネ B 2
SideHair_Branch_B1_Color	横髪 ハネ B 1
Bowl	ボウル
Pigtail_C1_Color	おさげ 21
Pigtail_C1_Gradient	おさげ 22
HairClip7_Outline	ヘアピン 輪郭 7
HairHighlight5_Color	髪ハイライト >< 3 + 4
HairClip6_Outline	ヘアピン 輪郭 6
Bill1	紙幣 1
LubricantSpray	スプレー缶
Ahoge_A1_Outline	アホ毛 輪郭 1
Gill1_Outline	エラ 輪郭 1 .1
FacialHair_B6_Color	ひげ B 6 
Heart	ハート エフェクト
Popper	クラッカー
Pencil	鉛筆
Ahoge_A3_Color	アホ毛 3
BeverageCup	飲み物のカップ
Mouth_Popcat2	パクパク猫 | 口 2
HairClip9_Color	ヘアピン 9
AlertBits_Color	アラート エフェクト 6
Seven	ナンバー 7
PhoneFront	スマホ 1
Gill2_Outline	エラ 輪郭 1 .2
FrameHair_B2_Outline	 顔まわり髪 輪郭 25 + 26
NeckwearB7_Outline	首アクセ B 輪郭 7
Angry1	怒り エフェクト 1
Cup	カップ
Phone	スマホ 2
Palmar_Outline	手 1 .14
FrameHair_B1_Outline	 顔まわり髪 輪郭 23 + 24
WingD2_Lower_Color	翼 7 .2
HairClip11_Outline	ヘアピン 輪郭 11
RedPacket	お年玉 1
HairClip12_Outline	ヘアピン 輪郭 12
Gill1_Color	エラ 1 .1
Eye1_Dark	 虹彩 濃 1 + 2
NeckwearB3_Outline	首アクセ B 輪郭 3
LightBulb	電球（ひらめき）
Mecha3_Color	メカ 3
Mecha6_Outline	メカ 輪郭 6
Ahoge_A1_Color	アホ毛 1
WingA1_Outline	翼 輪郭 1
RedPacketCoin1	お年玉 5
SweatBlue	汗 エフェクト大
HornF1_Color	角 前 1
Sparkle	キラーン
Ahoge_A2_Outline	アホ毛 輪郭 
FaceFeatureC2	顔パーツ C 2
Glove1_Outline	手袋 輪郭
PalmGlove1_Color	手 2 .3
PalmGlove1_Outline	手 2 .4
FacialHair_B2_Outline	ひげ B 2
Mecha6_Color	メカ 6
CapeFront1_Color	ケープ 前 1
HairClip4_Color	ヘアピン 4
NeckwearB1_Color	首アクセ B 2
Cheek1	頬 1
Lubricant	スプレー缶
Ahoge_A4_Outline	アホ毛 輪郭 4
Angry3	怒り エフェクト 3
Microphone	マイク
NeckwearB4_Outline	首アクセ B 輪郭 4
WingE1_Middle_Outline	翼 輪郭 8 .2
FacialHair_B2_Color	ひげ B 2
Collar4_Outline	襟 輪郭 4
TailF3_Outline	しっぽ 輪郭 17
Donut4	ドーナツ 4
Laugh3	笑い エフェクト 3
Tear1	涙 1
NeckwearA6_Outline	首アクセ A 輪郭 6
Confetti1	紙吹雪 4
Eye_Dum_Pupil	 ほげ目 瞳
NeckwearB2_Outline	首アクセ B 輪郭 1 + 2
FrameHair_B4_Color	顔まわり髪 29
FrameHair_B4_Gradient	顔まわり髪 30
NeckwearB6_Outline	首アクセ B 輪郭 6
Eye_Popcat_Dark	ほげ 3 | 目 | パクパク猫（コマ送り） 2
HairClip2_Outline	ヘアピン 輪郭 2
FrameHair_B2_Gradient	顔まわり髪 26
Hand_Outline	手 1 .15
Glove1_Color	手袋
NeckwearA1_Outline	首アクセ A 輪郭 1
WingE1_Lower_Outline	翼 輪郭 8 .3
Mouse	マウス
Collar5_Color	襟 内側 5
Tie1_Outline	首アクセ C 輪郭 1
Eyebag	目のクマ
WingG1_Outter_Outline	翼 輪郭 10 .1
Laugh1	笑い エフェクト 1
Popcorn	食べる（ポップコーン） 2
NeckwearA5_Outline	首アクセ A 輪郭 5
BeverageLiquid	飲み物
Eye3_HighlightCry	目 3 | 泣き顔
Eye3_Sparkling	キラキラ目 3
Confetti2	紙吹雪 5
Eye3_Spiral	ぐるぐる目 3
FacialHair_B1_Color	ひげ B 1
PhoneScreenPattern2	スマホ画面 2
VolumeOn	音量 エフェクト 3
FacialHair_B4_Outline	ひげ B 輪郭 4
Collar5_Outline	襟 輪郭 5
WingEL_Lower_WeightTransfer	翼 >> 15 .3
NeckwearB1_WeightTransfer	首アクセ B 8
FloatingL_WeightTransfer	メカ >> 7
HairBang_SideL_WeightTransfer	前髪 >> 13
FloatingR_WeightTransfer	メカ << 7
Glasses_WeightTransfer	メガネ 4
AhogeA_WeightTransfer	アホ毛 7
BackHair_WeightTransfer	後ろ髪 7
AnimalEarBL_WeightTransfer	ケモ耳 >> 11
EyepatchA_WeightTransfer	眼帯 7
TailD_WeightTransfer	しっぽ 22
HairBang_Middle_WeightTransfer	前髪 >< 15
Face_WeightTransfer	顔パーツ C 3
NeckwearB2_WeightTransfer	首アクセ B 9
EarringBR_WeightTransfer	イヤリング << 12
EarringBL_WeightTransfer	イヤリング >> 12
NeckwearC_WeightTransfer	首アクセ C 4
HatC_WeightTransfer	帽子 11
TailFSoft_WeightTransfer	しっぽ 25
TailFHard_WeightTransfer	しっぽ 24
EarringAR_WeightTransfer	イヤリング << 11
EarringAL_WeightTransfer	イヤリング >> 11
HatA_WeightTransfer	帽子 9
LegR_WeightTransfer	脚 << 2
LegL_WeightTransfer	脚 >> 2
HatD_WeightTransfer	帽子 12
FrameHair_WeightTransfer	顔まわり髪 >< 
TailE_WeightTransfer	しっぽ 23
TailA_WeightTransfer	しっぽ 19
SideHairB_WeightTransfer	横髪 34
SideHairA_WeightTransfer	横髪 33
PonytailA_WeightTransfer	ヘアポニーテール 15
WingER_Upper_WeightTransfer	翼 << 15 .1
WingER_Middle_WeightTransfer	翼 << 15 .2
OutfitOuter_WeightTransfer	服 外側 8
WingAL_WeightTransfer	翼 >> 11
PalmarL_WeightTransfer	手 >> 3 .5
HeadWingAL_WeightTransfer	耳羽 >> 4
BrowL_WeightTransfer	眉 >> 10
BrowR_WeightTransfer	眉 << 10
MustacheA_WeightTransfer	ひげ B 7
TailC_WeightTransfer	しっぽ 21
FrameHair_BranchL_WeightTransfer	髪ハネ >> 4
HandL_Middle_WeightTransfer	手 >> 3 .1
HandL_Thumb_WeightTransfer	手 >> 3 .2
NeckwearA_WeightTransfer	首アクセ A 7
WingER_Lower_WeightTransfer	翼 << 15 .3
WingEL_Upper_WeightTransfer	翼 >> 15 .1
WingGL_Outter_WeightTransfer	翼 >> 17 .1
WingCL_Upper_WeightTransfer	翼 >> 13 .1
WingGR_Inner_WeightTransfer	翼 << 17 .2
WingCR_Upper_WeightTransfer	翼 << 13 .1
EarL_WeightTransfer	耳 2 >>
EarR_WeightTransfer	耳 2 <<
CapeBack_WeightTransfer	ケープ 後ろ 4
CapeFront_WeightTransfer	ケープ 前 7
WingEL_Middle_WeightTransfer	翼 >> 15 .2
WingFR_Upper_WeightTransfer	翼 << 16 .1
AntennaR_WeightTransfer	アンテナ << 3
AnimalEarAR_WeightTransfer	ケモ耳 << 10
WingDL_WeightTransfer	翼 >> 14
AnimalEarCL_WeightTransfer	ケモ耳 >> 12
WingGL_Inner_WeightTransfer	翼 >> 17 .2
Halo_WeightTransfer	天使の輪 7
FinR_WeightTransfer	ヒレ << 2
HatB_WeightTransfer	帽子 10
AnimalEarAL_WeightTransfer	ケモ耳 >> 10
TailB_WeightTransfer	しっぽ 20
HandL_Little_WeightTransfer	手 >> 3 .3
HandL_Index_WeightTransfer	手 >> 3 .4
FinL_WeightTransfer	ヒレ >> 2
AntennaL_WeightTransfer	アンテナ >> 3
PonytailAR_WeightTransfer	おさげ << 25
OutfitInner_WeightTransfer	服 内側 9
MustacheB_WeightTransfer	ひげ B 8
PonytailB_WeightTransfer	ヘアポニーテール 16
HairBandA_WeightTransfer	ヘアバンド A 3
HairBang_SideR_WeightTransfer	前髪 << 13
EyepatchB_WeightTransfer	眼帯 8
WingFL_Lower_WeightTransfer	翼 >> 16 .2
WingBL_WeightTransfer	翼 >> 12
PonytailCL_WeightTransfer	おさげ >> 26
HairbandB_WeightTransfer	ヘアバンド B 5
BeardA_WeightTransfer	ひげ A 9
PonytailAL_WeightTransfer	おさげ >> 25
AnimalEarBR_WeightTransfer	ケモ耳 << 11
EyelashR_WeightTransfer	目 4 | まつげ <<
GillR_WeightTransfer	エラ << 2
PiercingAL_WeightTransfer	ピアス A >> 6
PiercingAR_WeightTransfer	ピアス A << 6
WingFR_Lower_WeightTransfer	翼 << 16 .2
WingFL_Upper_WeightTransfer	翼 >> 16 .1
HairBandC_WeightTransfer	ヘアバンド D 3
HornL_WeightTransfer	角 >> 8
HornR_WeightTransfer	角 << 8
EyelashL_WeightTransfer	目 4 | まつげ >>
GillL_WeightTransfer	エラ >> 2
HornFrontL_WeightTransfer	角 前 >> 3
HornFrontR_WeightTransfer	角 前 << 3
WingDR_WeightTransfer	翼 << 14
FrameHair_BranchR_WeightTransfer	髪ハネ << 4
HeadWingAR_WeightTransfer	耳羽 << 4
HornFrontM_WeightTransfer	角 前中央 2
WingGR_Outter_WeightTransfer	翼 << 17 .1
EyeDollarR_WeightTransfer	お金の目 << 4 + 5
EyeHeartL_WeightTransfer	ハート目 >> 4 + 5
EyeHeartR_WeightTransfer	ハート目 << 4 + 5
EyeHighlightCryL_WeightTransfer	目 4 + 5 >> | 泣き顔
EyeHighlightCryR_WeightTransfer	目 4 + 5 << | 泣き顔
EyeL_WeightTransfer	目 >> 4 + 5
EyeR_WeightTransfer	目 << 4 + 5
EyeSparklingL_WeightTransfer	キラキラ目 >> 4 + 5
EyeSparklingR_WeightTransfer	キラキラ目 << 4 + 5
EyeSpiralL_WeightTransfer	ぐるぐる目 >> 4 + 5
EyeSpiralR_WeightTransfer	ぐるぐる目 << 4 + 5
AnimalEarCR_WeightTransfer	ケモ耳 << 12
WingAR_WeightTransfer	翼 << 11
PonytailCR_WeightTransfer	おさげ << 26
PiercingBL_WeightTransfer	ピアス B >> 6
PiercingBR_WeightTransfer	ピアス B << 6
HandL_WeightTransfer	手 >> 3
HandR_Index_WeightTransfer	手 << 3 .4
HandR_Little_WeightTransfer	手 << 3 .3
HandR_Middle_WeightTransfer	手 << 3 .1
HandR_Thumb_WeightTransfer	手 << 3 .2
HandR_WeightTransfer	手 << 3
PalmarR_WeightTransfer	手 << 3 .5
WingCL_Lower_WeightTransfer	翼 >> 13
WingCR_Lower_WeightTransfer	翼 << 13
WingBR_WeightTransfer	翼 << 12
EyeDollarL_WeightTransfer	お金の目 >> 4 + 5
ClownWig	ピエロ 1
FireA1	ファイア
ElectricFan	扇風機
Cheese	チーズ
ElectricFanBlades	電動ファンブレード
Guitar_Outline	ギターの概要
Guitar_Color1	ギターの色 1
PaperFanSticks	扇子 2
PaperFanLeaf	扇子 1
Stool	スツール
Slipper	スリッパ
Guitar_Color2	ギターの色 2
WinkStar	ウィンクスター
ClownNose	ピエロ 2
Guitar_Color3	ギターの色 3
SideHairA7_Color	横髪 13
PonytailA3_Gradient	ヘアポニーテール 6
SideHairA2_Gradient	横髪 4
SideHairB5_Color	横髪 25
SideHairB3_Gradient	横髪 22
PonytailA2_Outline	髪ポニーテールの概要 3 + 4
PonytailB2_Outline	髪ポニーテールの概要 13 + 14
PonytailB2_Color	ヘアポニーテール 13
Outer7_Outline	服 外側 輪郭 7
Outer1_Outline	服 外側 輪郭 1
Hand_Color	手 1
LaptopLight3	ノートPCライト 3
Finger	こする 1
Scissor	カット（ハサミ）
BoopHand	ブープ
Trophy	トロフィー 1
ProgressBar	プログレスバーコンテナ
Progress	プログレスバーの塗りつぶし
