SpriteName	Ru
FaceFeatureB5	Черта лица B 5
PiercingA5_Color	Пирсинг 5
Loading	Загрузка стикера
Nose3	Нос 3
CapeFront3_Outline	Мыс Фронт | Контур мыса 3
CockroachLeg	Таракан 1
EarringA5_Color	Серьга 5
Eye2_Highlight	Глаз Блик 2
Angry4	Стикер Злой 4
AnimalEar1_Front_Outline	Звериные уши Контур 1
Main5_Outline	Плечевая одежда Контур 5
ExclamationMark	Стикер Восклицательный знак
Mouth_Line	Стаканчик | Рот
Eye3_Dollar	Глаз Доллар 3
HairShine7_Color	Волосы Сияние 13 + 14
WingG1_Outter_Color	Крылья 10 .1
Eye1_Upperlid	Ресницы 1 .1
WingE1_Middle_Color	Крылья 8 .2
TailE2_Color	Хвост 13
SweatWhite	Стикер Пот
Collar6_String	Воротник Шнурок 7
PonytailA5_Color	Волосы 9
FrameHair_A10_Outline	Прядь волос Контур 19
HairBang6_Side_Color	Челка 11
SideHairA5_Outline	Боковые волосы Контур 9 + 10
SideHairA3_Color	Боковые волосы 5
FrameHair_A5_Outline	Прядь волос Контур 9 + 10
Pigtail_A2_Color	Волосы Хвостик 3
SideHairB8_Outline	Боковые волосы Контур 31 + 32
SideHairA3_Outline	Боковые волосы Контур 5 + 6 
PonytailA1_Color	Волосы 1
PonytailA5_Gradient	Волосы 10
BellClapper	Колокольчик 1
EarringA5_Outline	Серьга Контур 5
HairShine5_Outline	Волосы Сияние Контур 10
Nose1	Нос 1
HairClip5_Color	Заколка 5
TailC1_Color	Хвост 8
PonytailA5_Outline	Контур волос 9 + 10
WingB1_Outline	Крылья Контур 4
AlertClick	Стикер Уведомление Эффект
HairClip13_Color	Заколка 13
SideHairA7_Outline	Боковые волосы Контур 13 + 14
SideHairA6_Outline	Боковые волосы Контур 11 + 12
CreditCard	Проведение карты
Hand_Line2	Рука 1 .1
Eye1_Highlight	Глаз Блик 1
EarringA1_Color	Серьга 1
Brow1	Бровь 1
FaceFeatureB2	Черта лица B 2
CortisolMeter	Танец (низкий уровень кортизола) 2
HairBang1_Side_Outline	Челка Контур 1 + 2
Hairline	Базовые волосы 1
EarringB1_Color	Серьга 6
Palmar_Line2	Рука 1 .2
StrawLiquid_Color	Жидкость в стаканчике 2
Mecha5_Color	Меха 5
HairClip13_Outline	Заколка Контур 13
EasterEgg3	Пасха 3
Collar3_Outline	Воротник Контур 3
HairHighlight4_Color	Торчащий волос >< 1 + 2
Tongue2	Рот/Язык | Лизь языком
FaceFeatureA3	Черта лица A 3
AnimalEar4_Outline	Звериные уши Контур 4
SideHairB8_Gradient	Боковые волосы 32
PonytailA4_Outline	Контур волос 7 + 8
HatD1_Outline	Шляпа Контур 8
GasBottle	Газовый баллон
SideHairA2_Outline	Боковые волосы Контур 3 + 4
SideHairB5_Outline	Боковые волосы Контур 25 + 26
FacialHair_A4_Color	Волосы на лице A 4
EarringA2_Color	Серьга 2
Eye3_Light	Глаза Радужка Светлая 3
AnimalEar1_Back_Outline	Звериные уши Контур 1 .1
CapeFront5_Outline	Мыс Фронт | Контур мыса 5
SideHairB8_Color	Боковые волосы 31
HairShine6_Color	Волосы Сияние 11 + 12
Hairband5_Outline	Повязки на голову B Контур 3
CapeBack1_Outline	Мыс Назад | Контур мыса 1
Halo3_Color	Нимб 3
Eye3_Eyelash	Ресницы 3
Leg	Нога 1
Thumb_Color	Рука 1 .3
HairShine2_Color	Волосы Сияние 3 + 4
Hairband1_Outline	Банты A Контур 1
Brow7	Бровь 7
Palmar_Line1	Рука 1 .4
PiercingA3_Color	Пирсинг 3
Pigtail_A7_Color	Волосы Хвостик 13
SideHairA3_Gradient	Боковые волосы 6
SideHairA8_Outline	Боковые волосы Контур 15 + 16
PonytailA3_Outline	Контур волос 5 + 6
TailF2_Outline	Хвост Контур 16
Ear_Outline	Ухо Контур 1
HairClip11_Color	Заколка 11
TailC1_Outline	Хвост Контур 8
Cheek3	Щека 3
Eye_Popcat_Light	Глупик 3 | Глаз | Попкэт по кадрам
CandleFire	Горящая свеча
PiercingA4_Outline	Пирсинг Схема 4
NeckwearA2_Color	Галстук A 2
little_Color	Рука 1 .5
PiercingA1_Color	Пирсинг 1
PhoneLight	Телефон Свет
ShakeLine1	Испугался 1
Eye2_Upperlid	Ресницы 2 .1
NeckwearA3_Color	Галстук A 3
Brow9	Бровь 9
EarringA1_Outline	Серьга Контур 1
TailA2_Outline	Хвост Контур 2
Drooling	Слюни
PiercingA4_Color	Пирсинг 4
PonytailA3_Color	Волосы 5
PonytailA2_Gradient	Волосы 4
AnimalEar7_Outline	Звериные уши Контур 7
Brow6	Бровь 6
PopperConfetti2	Конфетти 2
Swatter	Сваттер
Fin1_Outline	Плавник Контур
HairShine3_Color	Волосы Сияние 5 + 6
TailB1_Color	Хвост 3
HammerEffect2	Молоток 2
Mecha1_Outline	Меха Контур 1
Pigtail_A4_Outline	Волосы Хвостик Контур 7 + 8
HatC1_Outline	Шляпа Контур 6 + 7
Pigtail_B1_Color	Волосы Хвостик 17
Flash	Пистолетная вспышка
Brow4	Бровь 4
CortisolMeterPointer	Танец (низкий уровень кортизола) 1
Hand_Line1	Рука 1 .6
RedPacketCoin4	Конверт 4
Cheek4	Щека 4
FaceFeatureB3	Черта лица B 3
Brow2	Бровь 2
StickyNote	Стикер для заметок
Loading_Outline	Загрузка стикера 2
Collar6_Outline	Воротник Контур 6 + 7
CapeBack3_Color	Мыс Назад 3
SideHairB6_Outline	Боковые волосы Контур 27 + 28
PonytailA1_Outline	Контур волос 1 + 2
PonytailA2_Color	Волосы 3
SideHairA2_Color	Боковые волосы 3
GiftBoxLid	Подарок 2
Collar4_Color	Воротник одежды 4
WingE1_Upper_Color	Крылья 8 .1
WingA1_Color	Крылья 1
FrameHair_B4_Outline	Прядь волос Контур 29 + 30
FrameHair_Branch_A1_Color	Прядь волос 1
SideHairA7_Gradient	Боковые волосы 14
Wing2_Color	Крыло-ухо 2
TailA1_Color	Хвост 1
Eye3_Heart	Глаз Сердце 3
FrameHair_A8_Outline	Прядь волос Контур 15 + 16
DrawingTablet	Графический планшет
FaceFeatureA2	Черта лица A 2
PiercingA2_Color	Пирсинг 2
Eye_Popcat_Highlight	Попкэт по кадрам | Глаз Блик
Hairband3_Outline	Повязки на голову B Контур 1
NeckwearB6_Color	Галстук B 6
Mouth_Popcat1	Попкэт | Рот 1
Rose	Роза
HairbandBack2_Outline	Бант сзади D Контур 2
Mecha2_Outline	Меха Контур 2
SideHairA8_Gradient	Боковые волосы 16
NeckwearB7_Color	Галстук B 7
Donut3	Пончик 3
NeckwearB5_Outline	Галстук B Контур 5
StickyNoteText	Стикер заметок Текст
SideHairA6_Gradient	Боковые волосы 12
PonytailA4_Gradient	Волосы 8
Ahoge_A4_Color	Волосы Ахоге 4
Gill2_Color	Жабры 1 .2
FacialHair_A7_Outline	Волосы на лице A Контур 7
HatC1_Color	Шляпа 6 + 7
SideHairA5_Color	Боковые волосы 9
LightStickHandle	Рукоять Лайтстик
Eye1_Spiral	Глаз Спираль 1 + 2
EasterEgg2	Пасха 2
EasterEgg1	Пасха 1
HairClip5_Outline	Заколка Контур 5
SideHairA8_Color	Боковые волосы 15
HairHighlight2_Outline	Торчащий волос Контур 2 << + 2 >>
Ahoge_A2_Color	Волосы Ахоге 2
SideHairB7_Outline	Боковые волосы Контур 29 + 30
AlertBits_Outline	Стикер Уведомление Контур 6
SunGlasses_Frame	Солнцезащитные очки
PonytailA4_Color	Волосы 7
HairHighlight2_Color	Торчащий волос 2 << + 2 >>
SideHairA5_Gradient	Боковые волосы 10
SideHairA6_Color	Боковые волосы 11
HairbandBack2_Color	Бант сзади D 2
NeckwearB1_Outline	Галстук B Контур 2
HairClip3_Outline	Заколка Контур 3
Bill2	Деньги 2
Volume	Стикер Громкость
FrameHair_A1_Color	Прядь волос 1 
FrameHair_A2_Gradient	Прядь волос 2 
Pigtail_C2_Color	Волосы Хвостик 23
Pigtail_C2_Gradient	Волосы Хвостик 24
WingF1_Lower_Outline	Крылья Контур 9 .2
Glasses_Frame3	Очки 3
WingA2_Outline	Крылья Контур 2
PalmarGlove1_Outline	Рука 2 .1
Eye1_Sparkling	Сверкающие глаза 1
SideHairB2_Color	Боковые волосы 19
SideHairB2_Gradient	Боковые волосы 20
SideHairA1_Outline	Боковые волосы Контур 1 + 2
EarringA3_Color	Серьга 3
EarringA4_Color	Серьга 4
TailF_Outline	Хвост Контур 15 + 16 + 17 + 18 + 24 + 25
Halo2_Outline	Нимб Контур 2
HairBang4_Side_Outline	Челка Контур 7 + 8
TailD1_Outline	Хвост Контур 11
Pigtail_A8_Outline	Волосы Хвостик Контур 15 + 16
HairBang4_Middle_Outline	Челка >< Контур 4
SideHairB2_Outline	Боковые волосы Контур 19 + 20
ShakeLine2	Испугался 2
EarringB2_Color	Серьга 7
TailA2_Color	Хвост 2
TailF_Color	Хвост 15 + 16 + 17 + 18 + 24 + 25
SideHairB6_Color	Боковые волосы 27
Controller	Контроллер
HairBang3_Middle_Gradient	Челка >< 6
HairBang3_Middle_Color	Челка >< 5
Horn4_Color	Рог 4
HatD1_Color	Шляпа 8
PonytailA1_Gradient	Волосы 2
SideHairB4_Outline	Боковые волосы Контур 23 + 24
SideHairB6_Gradient	Боковые волосы 28
EarringA4_Outline	Серьга Контур 4
PopperConfetti1	Конфетти 1
Collar1_Outline	Воротник Контур 1
FacialHair_B5_Outline	Волосы на лице B Контур 5
EarringA2_Outline	Серьга Контур 2
TailF4_Outline	Хвост Контур 18
LightStickLight	Лайтстик
HatA1_Outline	Шляпа Контур 1 + 2
SideHairB1_Outline	Боковые волосы Контур 17 + 18
HairClip3_Color	Заколка 3
NeckwearA4_Color	Галстук A 4
NeckwearA5_Color	Галстук A 5
WingC1_Lower_Outline	Крылья Контур 5 .2
FrameHair_A2_Outline	Прядь волос Контур 3 + 4
HatB1_Outline	Шляпа Контур 3
MagicWand	Магия
HairBang2_Middle_Color	Челка >< 3
HairBang2_Middle_Gradient	Челка >< 4
Hairband5_Color	Повязки на голову Б 3
TailE2_Outline	Хвост Контур 13
Brow5	Бровь 5
Tie1_Color	Галстук C 1
WingF1_Lower_Color	Крылья 9 .2
FrameHair_A4_Outline	Прядь волос Контур 7 + 8
PryBar	Лом
FacialHair_A2_Color	Волосы на лице A 2
Outer2_Color	Верхняя одежда 2
Tie3_Outline	Галстук C Контур 3
TailB4_Outline	Хвост Контур 6
HairShine3_Outline	Волосы Сияние Контур 6
AlertHeart_Color	Стикер Оповещение 1
WingD2_Lower_Outline	Крылья Контур 7 .2
SideHairA1_Color	Боковые волосы 1
HatA1_Color	Шляпа 1 + 2
SideHairB3_Color	Боковые волосы 21
FrameHair_A11_Gradient	Прядь волос 22
FrameHair_A11_Color	Прядь волос 21
SideHairB4_Gradient	Боковые волосы 24
SideHairA4_Outline	Боковые волосы Контур 7 + 8
SideHairA1_Gradient	Боковые волосы 2
CapeFront2_Color	Мыс Фронт 2
CapeFront5_Color	Мыс Фронт 5
CapeFront2_Outline	Мыс Фронт | Контур мыса 2
SideHairB3_Outline	Боковые волосы Контур 21 + 22
SideHairB4_Color	Боковые волосы 23
SideHairB5_Gradient	Боковые волосы 26
TailB5_Color	Хвост 7
WingC1_Upper_Outline	Крылья Контур 5 .1
Mecha3_Outline	Меха Контур 3
HairHighlight1_Color	Торчащий волос 1 << + 1 >> 
LoveLetter	Любовное письмо
Hairband6_Outline	Повязки на голову B Контур 4
MusicalNote1	Музыкальная нота 1
PiercingA2_Outline	Пирсинг Схема 2
StrawLiquid_Outline	Стаканчик 2
Eyepatch2_Color	Повязка на глазу 3 + 4
AnimalEar2_Front_Outline	Звериные уши Контур 2
AnimalEar1_Fur_Color	Звериные уши (Мех) 1
EarringB3_Color	Серьга 8
Pigtail_A7_Gradient	Волосы Хвостик 14
AnimalEar5_Color	Звериные уши 5
EarringB4_Color	Серьга 4
HairClip2_Color	Заколка 2
Glasses_Lens2	Очки Lens 2
HairBang6_Side_Gradient	Челка 12
HairBang3_Middle_Outline	Челка >< Контур 5 + 6
AnimalEar9_Outline	Звериные уши Контур 9
HatB3_Color	Шляпа 5
PiercingA1_Outline	Пирсинг Схема 1
Brow8	Бровь 8
HairClip1_Outline	Заколка Контур 1
Eyepatch1_Color	Повязка на глазу 1 + 2
NeckwearA1_Color	Галстук A 1
Eye1_Eyelash	Ресницы 1 + 2
ShakeLine3	Испугался 3
WingE1_Upper_Outline	Крылья Контур 8 .1
PopperConfetti3	Конфетти 3
Star	Стикер Звезда
HairBang1_Middle_Outline	Челка >< Контур 1 + 2
SideHairA4_Gradient	Боковые волосы 8
PiercingA3_Outline	Пирсинг Схема 3
FaceFeatureB4	Черта лица B 4
EarringA3_Outline	Серьга Контур 3
TailF4_Color	Хвост 18
AnimalEar2_Fur_Color	Звериные уши (Мех) 2
AnimalEar3_Outline	Звериные уши Контур 3
Straw	Стаканчик 4
AnimalEar8_Outline	Звериные уши Контур 8
AnimalEar6_Color	Звериные уши 6
TailF3_Color	Хвост 17
EarringB5_Outline	Серьга Контур 10
HairClip12_Color	Заколка 12
Collar6_Color	Воротник одежды 6 + 7
AnimalEar6_Outline	Звериные уши Контур 6
AnimalEar3_Color	Звериные уши 3
Brow3	Бровь 3
Glasses_Lens3	Очки Lens 3
EarringB5_Color	Серьга 10
LaptopLight2	Ноутбук Свечение 2
PhoneScreenPattern1	Экран телефона 1
TailF2_Color	Хвост 16
LaptopLight1	Ноутбук Свечение 1
AnimalEar7_Color	Звериные уши 7
AnimalEar9_Color	Звериные уши 9
HairBang7_Middle_Outline	Челка >< Контур 13 + 14
Hairband6_Color	Повязки на голову Б 4
AnimalEar2_Back_Outline	Звериные уши Контур 2 .1
HairClip1_Color	Заколка 1
EarringB2_Outline	Серьга Контур 7
Middle_Color	Рука 1 .7
AnimalEar5_Outline	Звериные уши Контур 5
Hairband2_Color	Банты А 2
AnimalEar1_Front_Color	Звериные уши 1
Chopstick	Палочки для еды
AnimalEar2_Front_Color	Звериные уши 2
EarringB3_Outline	Серьга Контур 8
TailF1_Color	Хвост 15
AnimalEar4_Color	Звериные уши 4
HairBang4_Side_Color	Челка 7
SideHairB7_Gradient	Боковые волосы 30
SideHairB1_Color	Боковые волосы 17
FacialHair_A7_Color	Волосы на лице A 7
HairClip4_Outline	Заколка Контур 4
EarringB1_Outline	Серьга Контур 6
Index_Color	Рука 1 .8
PiercingA5_Outline	Пирсинг Схема 5
TailF1_Outline	Хвост Контур 15
AnimalEar1_Fur_Outline	Звериные уши (Мех) Контур 1
TailE3_Color	Хвост 14
AnimalEar1_Back_Color	Звериные уши 1 .1
AnimalEar2_Fur_Outline	Звериные уши (Мех) Контур 2
CupSteam	Пар из чашки
AnimalEar2_Back_Color	Звериные уши 2 .1
AnimalEar8_Color	Звериные уши 8
EarringB4_Outline	Серьга Контур 9
FacialHair_A8_Outline	Волосы на лице A Контур 8
SideHairB7_Color	Боковые волосы 29
SideHairA4_Color	Боковые волосы 7
SideHairB1_Gradient	Боковые волосы 18
BackHair3_Color	Задние волосы 5
Pigtail_A5_Color	Волосы Хвостик 9
Pigtail_A5_Gradient	Волосы Хвостик 10
Pigtail_A2_Outline	Волосы Хвостик Контур 3 + 4
HairShine6_Outline	Волосы Сияние Контур 12
Antenna1_Outline	Антенна Контур 1
AlertLike_Outline	Стикер Уведомление Контур 4
FacialHair_A5_Outline	Волосы на лице A Контур 5
Horn5_Outline	Рог Контур 5
FrameHair_A8_Color	Прядь волос 15
FrameHair_A8_Gradient	Прядь волос 16
FrameHair_Top_Color	Прядь волос top
HairBang5_Middle_Color	Челка >< 9
HairShine1_Outline	Волосы Сияние Контур 2
WingG1_Inner_Outline	Крылья Контур 10 .2
VideoCamera	Видеокамера
FrameHair_A7_Gradient	Прядь волос 14
FrameHair_A7_Color	Прядь волос 13
Index_Outline	Рука 1 .9
Mouth	Рот
TailC3_Outline	Хвост Контур 10
Wing2_Outline	Крыло-ухо Контур 2
Wing1_Color	Крыло-ухо Контур 1
WingC1_Upper_Color	Крылья Контур 5 .1
Main7_Color	Плечевая одежда 7
HairHighlight3_Color	Торчащий волос 3 << + 3 >>
HairHighlight4_Outline	Торчащий волос >< Контур 1 + 2
ErrorPopup	Перестает работать
TrashBinLid	мусорное ведро 2
BackHair1_Outline	Задние волосы - Контур 1 + 2
BackHair2_Outline	Задние волосы - Контур 3 + 4
Horn6_Color	Рог 6
HairBang7_Middle_Color	Челка >< 13
little_Outline	Рука 1 .10
HornF1_Outline	Рога спереди Контур 1
TailC2_Outline	Хвост Контур 9
Outer2_Outline	Верхняя одежда Контур 2
BackHair3_Outline	Задние волосы - Контур 5 + 6
Tongue_Shadow	Язык Тень
Blush	Румянец
FacialHair_B5_Color	Волосы на лице B 5 
Knife	Слюни (Вилка и нож) 2
HairBang3_Side_Outline	Челка Контур 5 + 6
HairBang5_Side_Outline	Челка Контур 9 + 10
Horn7_Outline	Рог Контур 7
PopcornBucket	Ешьте (попкорн) 1
Pigtail_A3_Outline	Волосы Хвостик Контур 5 + 6
Collar7_Color	Воротник одежды 8
Hairband3_Color	Повязки на голову Б 1
Hammer	Молоток
TailE3_Outline	Хвост Контур 14
HairBang6_Side_Outline	Челка Контур 11 + 12
HairBang2_Side_Outline	Челка Контур 3 + 4
HairShine7_Outline	Волосы Сияние Контур 14
EyepatchBandage_Color	Повязка на глазу 5 + 6
EyepatchBandage_Outline	Контур повязки на глазу 5 + 6
HairbandBack1_Color	Бант сзади D 1
Hairband4_Outline	Повязки на голову B Контур 2
KeyboardKeyA	Печатание нормальное 1
Thumb_Outline	Рука 1 .11
FacialHair_B3_Color	Волосы на лице B 3
Hairband2_Outline	Банты A Контур 2
HairbandBack1_Outline	Бант сзади D Контур 1
TailB3_Color	Хвост 5
FrameHair_A7_Outline	Прядь волос Контур 13 + 14
FrameHair_A10_Color	Прядь волос 19
FrameHair_A10_Gradient	Прядь волос 20
FrameHair_A11_Outline	Прядь волос Контур 21 + 22
FrameHair_A9_Color	Прядь волос 17
FacialHair_A3_Color	Волосы на лице A 3
BackHair1_Color	Задние волосы 1
Laptop	Ноутбук
SignRound	Круглый знак
HairBang1_Side_Color	Челка 1
HairBang4_Side_Gradient	Челка 8
HairBang5_Side_Color	Челка 9
BackHair2_Color	Задние волосы 3
Pigtail_A6_Outline	Волосы Хвостик Контур 11 + 12
Pigtail_A7_Outline	Волосы Хвостик Контур 13 + 14
Watermelon	Ешьте (арбуз)
Cheek2	Щека 2
HairClip6_Color	Заколка 6
Spoon	Arrive (with Spoon)
Tape	Лента
HatB2_Outline	Шляпа Контур 4
HairShine2_Outline	Волосы Сияние Контур 4
HairBang1_Side_Gradient	Челка 2
HairBang2_Side_Color	Челка 3
HairBang5_Side_Gradient	Челка 10
BackHair2_Gradient	Задние волосы 4
FrameHair_B3_Outline	Прядь волос Контур 28
FaceFeatureC1	Черта лица C 1
Pigtail_A8_Color	Волосы Хвостик 15
NeckwearB4_Color	Галстук B 4
WingE1_Lower_Color	Крылья 8 .3
PhoneScreen	Экран телефона 3
AngrySteam	Стикер Пар
Outer1_Color	Верхняя одежда 1
SideHair_Branch_C2_Outline	Боковая прядь волос C Контур 2
Hairband4_Color	Повязки на голову Б 2
Pigtail_A3_Color	Волосы Хвостик 5
BackHair3_Gradient	Задние волосы 6
HairBang2_Side_Gradient	Челка 4
PixelSunglasses	Пиксельные солнцезащитные очки
HatB1_Color	Шляпа 3
FacialHair_B3_Outline	Волосы на лице B Контур 3
CapeBack1_Color	Мыс Назад 1
HairShine1_Color	Волосы Сияние 1 + 2
Palmar_Color	Рука 1 .12
Ahoge_B1_Color	Волосы Ахоге 5
HatA2_Outline	Шляпа Контур 2
Pigtail_A5_Outline	Волосы Хвостик Контур 9 + 10
Pigtail_A3_Gradient	Волосы Хвостик 6
HairBang3_Side_Color	Челка 5
HairBang3_Side_Gradient	Челка 6
HairShine4_Outline	Волосы Сияние Контур 8
BackHair1_Gradient	Задние волосы 2
SignSquare	Квадратный знак
Horn4_Outline	Рог 4
PonytailB1_Gradient	Волосы 12
PonytailB1_Color	Волосы 11
FrameHair_A1_Outline	Прядь волос Контур 1 + 2
Collar7_Outline	Воротник Контур 8
NeckwearA3_Outline	Галстук A Контур 3
NeckwearA2_Outline	Галстук A Контур 2
TailA1_Outline	Хвост Контур 1
Horn3_Outline	Рог Контур 3
Pigtail_A8_Gradient	Волосы Хвостик 16
SunglassesReflection	Солнцезащитные очки Отражение
NeckwearA6_Color	Галстук A 6
Tie2_Outline	Галстук C Контур 2
Halo4_Color	Нимб 5 + 6
FrameHair_A6_Color	Прядь волос 11
Middle_Outline	Рука 1 .13
RedPacketCoin2	Конверт 3
NeckwearB5_Color	Галстук B 5
Eye1_HighlightCry	Глаз 1 | Плач
Collar3_Color	Воротник одежды 3
TailC3_Color	Хвост 10
ElfEar_Color	Ухо 1.1
Surprise	Стикер Сюрприз
Gill3_Outline	Жабры Контур 1 .3
Pigtail_A4_Gradient	Волосы Хвостик 8
Pigtail_A1_Color	Волосы Хвостик 1
Eye_U	Сон (UwU)
Cockroach	Таракан
Halo3_Outline	Нимб Контур 3
Wing3_Outline	Крыло-ухо Контур 3
Halo4_Outline	Нимб Контур 5 + 6
Wing3_Color	Крыло-ухо 3
WingD1_Outline	Крылья Контур 6
FacialHair_A1_Color	Волосы на лице A 1
Ghost	Стикер Призрак
Hairband7_Outline	Ободок C Контур 1
Horn6_Outline	Рог Контур 6
HairHighlight3_Outline	Торчащий волос Контур 3 << + 3 >>
Glasses_Frame2	Очки 2
NeckwearA4_Outline	Галстук A Контур 4
Ear_Color	Ухо 1
HatB2_Color	Шляпа 4
FacialHair_A4_Outline	Волосы на лице A Контур 4
PonytailB1_Outline	Контур волос 11 + 12
Collar1_Color	Воротник одежды 1
CapeBack3_Outline	Мыс Назад | Контур мыса 3
Pigtail_A1_Outline	Волосы Хвостик Контур 1 + 2
Tie2_Color	Галстук C 2
TailE1_Color	Хвост 12
PatHand	Гладящая рука
Main6_Outline	Плечевая одежда Контур 6
Pigtail_A6_Color	Волосы Хвостик 11
Card	Обеспечить регресс
FacialHair_A8_Color	Волосы на лице A 8
CapeBack2_Outline	Мыс Назад | Контур мыса 2
CapeFront6_Color	Мыс Фронт 6
PonytailB2_Gradient	Волосы 14
Megaphone	Мегафон
Glasses_Frame1	Очки 1
Pigtail_B1_Outline	Волосы Хвостик Контур 17 + 18
Eye1_Dollar	Глаз Доллар 1 + 2
FaceFeatureA1	Черта лица A 1
Eye1_Heart	Глаз Сердце 1 + 2
Collar2_Color	Воротник одежды 2
Pigtail_A6_Gradient	Волосы Хвостик 12
FrameHair_B3_Gradient	Прядь волос 28
FrameHair_B3_Color	Прядь волос 27
FrameHair_TopBack_Outline	Прядь волос top Контур 2
Horn5_Color	Рог 5
Fork	Слюни (Вилка и нож) 1
SteeringWheel	Руль
Hairband1_Color	Банты А 1
HatB3_Outline	Шляпа Контур 5
FrameHair_A4_Color	Прядь волос 7
NeckwearB3_Color	Галстук B 3
HammerEffect1	Молоток 1
HairHighlight6_Color	Торчащий волос >< 5 + 6
Pigtail_B2_Outline	Волосы Хвостик Контур 19 + 20
WingF1_Upper_Outline	Крылья Контур 9 .1
Pigtail_A2_Gradient	Волосы Хвостик 4
RedPacketCoin3	Конверт 2
FrameHair_A9_Gradient	Прядь волос 18
TrashBin	мусорное ведро 1
FacialHair_A2_Outline	Волосы на лице A Контур 2
Tongue1	Лизь языком | Язык
HairShine4_Color	Волосы Сияние 7 + 8
Toilet	Туалет
FrameHair_A5_Gradient	Прядь волос 10
CapeFront6_Outline	Мыс Фронт | Контур мыса 6
FrameHair_A5_Color	Прядь волос 9
CapeBack2_Color	Мыс Назад 2
SunGlasses_Lens	Солнцезащитные очки Lens
FrameHair_A9_Outline	Прядь волос Контур 17 + 18
Main8_Outline	Плечевая одежда Контур 8
Pigtail_A4_Color	Волосы Хвостик 7
KeyboardKeyB	Печатание нормальное 2
Tie3_Color	Галстук C 3
Nose2	Нос 2
FacialHair_A5_Color	Волосы на лице A 5
AlertCustom_Color	Стикер Оповещение 2
AlertCustom_Outline	Стикер Уведомление Контур 2
SideHair_Branch_A2_Outline	Боковая прядь волос A Контур 2
Horn1_Color	Рог 1
Outer3_Outline	Верхняя одежда Контур 3
SideHair_Branch_B1_Outline	Боковая прядь волос B Контур 1
ElfEar_Outline	Ухо Контур 1.1
Outer4_Color	Верхняя одежда 4
Outer3_Color	Верхняя одежда 3
HairHighlight5_Outline	Торчащий волос >< Контур 3 +4
SideHair_Branch_C1_Outline	Боковая прядь волос C Контур 1
Stylus	Stylus
Tear2_Outline	Глаз слеза 3
Donut1	Пончик 1
Donut2	Пончик 2
SideHair_Branch_A1_Outline	Боковая прядь волос A Контур 1
Eye1_Light	Глаза Радужка Светлая 1 + 2
Angry2	Стикер Злой 2
WingF1_Upper_Color	Крылья 9 .1
NeckwearB2_Color	Галстук B 1 + 2
SideHair_Branch_A1_Color	Боковая прядь волос A 1
SignRoundText1	Круглый знак Текст
Collar2_Outline	Воротник Контур 2
MusicalNote2	Музыкальная нота 2
FacialHair_B4_Color	Волосы на лице B 4
Mecha2_Color	Меха 2
Six	Номер шесть
PointHand	Указывающая рука
HairClip8_Color	Заколка 8
FaceFeatureB1	Черта лица B 1
Pigtail_B2_Gradient	Волосы Хвостик 20
Main8_Color	Плечевая одежда 8
Tear2_Color	Глаз слеза 2
Eye3_Dark	Глаза Радужка Темная 3
Outer4_Outline	Верхняя одежда Контур 4
Glasses_Lens1	Очки Lens 1
WingA3_Outline	Крылья Контур 3
Ahoge_B2_Color	Волосы Ахоге 6
CapeFront1_Outline	Мыс Фронт | Контур мыса 1
Cake	Торт
WingD1_Color	Крылья 6
Pigtail_B1_Gradient	Волосы Хвостик 18
Outer7_Color	Верхняя одежда 7
Ahoge_B1_Outline	Волосы Ахоге Контур 5
HornM1_Outline	Рога спереди >< Контур 1
HornF2_Color	Рога спереди 2
CapeFront4_Color	Мыс Фронт 4
FrameHair_Branch_A3_Color	Прядь волос 3
Main2_Outline	Плечевая одежда Контур 2
Wing1_Outline	Крыло-ухо Контур 1
WingD2_Upper_Outline	Крылья Контур 7 .1
Mecha4_Color	Меха 4
Horn1_Outline	Рог Контур 1
WingA2_Color	Крылья 2
EasterEggBasket	Пасха 4
Mecha4_Outline	Меха Контур 4
Antenna2_Color	Антенна 2
Mecha1_Color	Меха 1
Ahoge_A3_Outline	Волосы Ахоге Контур 3
Main1_Outline	Плечевая одежда Контур 1
Horn2_Color	Рог 2
HairBang4_Middle_Gradient	Челка >< 8
CapeFront3_Color	Мыс Фронт 3
Notepad	Блокнот
Outer5_Color	Верхняя одежда 5
WingA3_Color	Крылья 3
WingB1_Color	Крылья 4
Pistol	Пистолет
Horn7_Color	Рог 7
Bottle	Кокс-коктейль
Outer6_Color	Верхняя одежда 6
Laugh2	Стикер Смех 2
FrameHair_B1_Gradient	Прядь волос 24
Outer5_Outline	Верхняя одежда Контур 5
FrameHair_Top_Outline	Прядь волос top Контур
WingG1_Inner_Color	Крылья 10 .2
HairBang5_Middle_Outline	Челка >< Контур 9 + 10
Beer	Ваше здоровье
HairBang4_Middle_Color	Челка >< 7
TailE1_Outline	Хвост Контур 12
TailC2_Color	Хвост 9
HornF2_Outline	Рог Контур 9
HairBang2_Middle_Outline	Челка >< Контур 3 + 4
Ahoge_B2_Outline	Волосы Ахоге Контур 6
Bell	Колокольчик 2
FrameHair_Branch_A3_Outline	Прядь волос Контур 3
FrameHair_A3_Color	Прядь волос 5
FrameHair_A3_Gradient	Прядь волос 6
Horn2_Outline	Рог Контур 2
Outer6_Outline	Верхняя одежда Контур 6
WingD2_Upper_Color	Крылья 7 .1
Antenna2_Outline	Антенна Контур 2
TailB5_Outline	Хвост Контур 7
HairBang5_Middle_Gradient	Челка >< 10
HairBang1_Middle_Color	Челка >< 1
QuestionMark	Стикер Вопросительный знак
Horn3_Color	Рог 3
SignSquareText1	Квадратный знак Текст
Antenna1_Color	Антенна 1
FrameHair_A2_Gradient	Прядь волос 4
HairHighlight1_Outline	Торчащий волос Контур 1 << + 1 >>
TailD1_Color	Хвост 11
HairBang6_Middle_Outline	Челка >< Контур 11 + 12
HairBang7_Middle_Gradient	Челка >< 14
HairBang6_Middle_Color	Челка >< 11
HairBang6_Middle_Gradient	Челка >< 12
CapeFront4_Outline	Мыс Фронт | Контур мыса 4
FrameHair_A2_Color	Прядь волос 3
FacialHair_A1_Outline	Волосы на лице A Контур 1
HairBang1_Middle_Gradient	Челка >< 2
HornM1_Color	Рога спереди >< 1
TailB4_Color	Хвост 6
TailB2_Color	Хвост 4
Pigtail_B2_Color	Волосы Хвостик 19
Fin1_Color	Плавник 1
TailB3_Outline	Хвост Контур 5
Halo1_Color	Нимб 1
TailB2_Outline	Хвост Контур 4
FrameHair_A3_Outline	Прядь волос Контур 5 + 6
FrameHair_B1_Color	Прядь волос 23
HairClip7_Color	Заколка 7
FacialHair_A6_Color	Волосы на лице A 6
FacialHair_A3_Outline	Волосы на лице A 3
Halo1_Outline	Нимб Контур 1
Hairband7_Color	Ободок С 1
Keyboard	Печатание нормальное 3
FrameHair_A6_Outline	Прядь волос Контур 11 + 12
VolumeOff	Стикер Громкость 2
PalmarGlove1_Color	Рука 2 .2
FacialHair_A6_Outline	Волосы на лице A Контур 6
TailB1_Outline	Хвост Контур 3
Pigtail_A1_Gradient	Волосы Хвостик 2
FrameHair_A4_Gradient	Прядь волос 8
KitchenKnife	Кухонный нож
Halo2_Color	Нимб 2
FrameHair_A6_Gradient	Прядь волос 12
HairShine5_Color	Волосы Сияние 9 + 10
FrameHair_B2_Color	Прядь волос 25
FacialHair_B1_Outline	Волосы на лице B Контур 1
Main3_Outline	Плечевая одежда Контур 3
Main4_Outline	Плечевая одежда Контур 4
Main7_Outline	Плечевая одежда Контур 7
HatA2_Color	Шляпа 2
Pigtail_C2_Outline	Волосы Хвостик Контур 23 + 24
Main1_Color	Плечевая одежда 1
Eyepatch2_Outline	Контур повязки на глазу 3 + 4
SideHair_Branch_C2_Color	Боковая прядь волос C 2
HairHighlight6_Outline	Торчащий волос >< Контур 5 + 6
SideHair_Branch_C1_Color	Боковая прядь волос C 1
Eyepatch1_Outline	Контур повязки на глазу 1 + 2
AlertCoin_Outline	Стикер Уведомление Контур 3
Eye_Dum_Outline	Контур глаза (Глупик) 1 + 2
FrameHair_Branch_A2_Outline	Прядь волос Контур 2
Main5_Color	Плечевая одежда 5
Pompom	Помпон
HairClip10_Outline	Заколка Контур 10
WaveHand	Волновая рука
HeartItem	Сердце
FrameHair_Branch_A2_Color	Прядь волос 2
FrameHair_Branch_A1_Outline	Прядь волос Контур 1
Eye_Dum_Color	Глаз Белок
AlertCoin_Color	Стикер Оповещение 3
Button	Кнопка
SideHair_Branch_B2_Outline	Боковая прядь волос B Контур 2
Face_Shadow	Тень на лице
AlertStar_Outline	Стикер Уведомление Контур 5
Pigtail_C1_Outline	Волосы Хвостик Контур 21 + 22
AlertHeart_Outline	Стикер Уведомление Контур 1
AlertLike_Color	Стикер Оповещение 4
AlertStar_Color	Стикер Оповещение 5
Sleep	Стикер Сон
Square	Дверь/Стена | Тюремный решетка | Плед поверх одеяла
SideHair_Branch_A2_Color	Боковая прядь волос A 2
Beverage	Стаканчик 3
HairClip8_Outline	Заколка Контур 8
HairClip9_Outline	Заколка Контур 9
GiftBox	Подарок 1
Mecha5_Outline	Меха Контур 5
WingC1_Lower_Color	Крылья 5 .2
Gill3_Color	Жабры 1 .3
FacialHair_B6_Outline	Волосы на лице B Контур 6
HairClip10_Color	Заколка 10
SideHair_Branch_B2_Color	Боковая прядь волос B 2
SideHair_Branch_B1_Color	Боковая прядь волос B 1
Bowl	Чаша
Pigtail_C1_Color	Волосы Хвостик 21
Pigtail_C1_Gradient	Волосы Хвостик 22
HairClip7_Outline	Заколка Контур 7
HairHighlight5_Color	Торчащий волос >< 3 + 4
HairClip6_Outline	Заколка Контур 6
Bill1	Деньги 1
LubricantSpray	Спрей
Ahoge_A1_Outline	Волосы Ахоге Контур 1
Gill1_Outline	Жабры Контур 1 .1
FacialHair_B6_Color	Волосы на лице B 6 
Heart	Стикер Сердце
Popper	Поппер
Pencil	Карандаш
Ahoge_A3_Color	Волосы Ахоге 3
BeverageCup	Стаканчик
Mouth_Popcat2	Попкэт | Рот 2
HairClip9_Color	Заколка 9
AlertBits_Color	Стикер Оповещение 6
Seven	Номер семь
PhoneFront	Телефон 1
Gill2_Outline	Жабры Контур 1 .2
FrameHair_B2_Outline	Прядь волос Контур 25 + 26
NeckwearB7_Outline	Галстук B Контур 7
Angry1	Стикер Злой 1
Cup	Чашка
Phone	Телефон 2
Palmar_Outline	Рука 1 .14
FrameHair_B1_Outline	Прядь волос Контур 23 + 24
WingD2_Lower_Color	Крылья 7 .2
HairClip11_Outline	Заколка Контур 11
RedPacket	Конверт 1
HairClip12_Outline	Заколка Контур 12
Gill1_Color	Жабры 1 .1
Eye1_Dark	Глаза Радужка Темная 1 + 2
NeckwearB3_Outline	Галстук B Контур 3
LightBulb	Наклейка Лампочка
Mecha3_Color	Меха 3
Mecha6_Outline	Меха Контур 6
Ahoge_A1_Color	Волосы Ахоге 1
WingA1_Outline	Крылья Контур 1
RedPacketCoin1	Конверт 5
SweatBlue	Стикер Пот Большой
HornF1_Color	Рога спереди 1
Sparkle	Отблеск
Ahoge_A2_Outline	Волосы Ахоге Контур 
FaceFeatureC2	Черта лица C 2
Glove1_Outline	Перчатка Контур
PalmGlove1_Color	Рука 2 .3
PalmGlove1_Outline	Рука 2 .4
FacialHair_B2_Outline	Волосы на лице B 2
Mecha6_Color	Меха 6
CapeFront1_Color	Мыс Фронт 1
HairClip4_Color	Заколка 4
NeckwearB1_Color	Галстук B 2
Cheek1	Щека 1
Lubricant	Смазка
Ahoge_A4_Outline	Волосы Ахоге Контур 4
Angry3	Стикер Злой 3
Microphone	Микрофон
NeckwearB4_Outline	Галстук B Контур 4
WingE1_Middle_Outline	Крылья Контур 8 .2
FacialHair_B2_Color	Волосы на лице B 2
Collar4_Outline	Воротник Контур 4
TailF3_Outline	Хвост Контур 17
Donut4	Пончик 4
Laugh3	Стикер Смех 3
Tear1	Глаз слеза 1
NeckwearA6_Outline	Галстук A Контур 6
Confetti1	Конфетти 4
Eye_Dum_Pupil	Глаз(Глупик) Зрачок
NeckwearB2_Outline	Галстук B Контур 1 + 2
FrameHair_B4_Color	Прядь волос 29
FrameHair_B4_Gradient	Прядь волос 30
NeckwearB6_Outline	Галстук B Контур 6
Eye_Popcat_Dark	Глупик 3 | Глаз | Попкэт по кадрам 2
HairClip2_Outline	Заколка Контур 2
FrameHair_B2_Gradient	Прядь волос 26
Hand_Outline	Рука 1 .15
Glove1_Color	Перчатка
NeckwearA1_Outline	Галстук A Контур 1
WingE1_Lower_Outline	Крылья Контур 8 .3
Mouse	Мышь
Collar5_Color	Воротник одежды 5
Tie1_Outline	Галстук C Контур 1
Eyebag	Мешки под глазами
WingG1_Outter_Outline	Крылья Контур 10 .1
Laugh1	Стикер Смех 1
Popcorn	Ешьте (попкорн) 2
NeckwearA5_Outline	Галстук A Контур 5
BeverageLiquid	Жидкость в стаканчике
Eye3_HighlightCry	Глаз 3 | Плач
Eye3_Sparkling	Сверкающие глаза 3
Confetti2	Конфетти 5
Eye3_Spiral	Глаз Спираль 3
FacialHair_B1_Color	Волосы на лице B 1
PhoneScreenPattern2	Экран телефона 2
VolumeOn	Стикер Громкость 3
FacialHair_B4_Outline	Волосы на лице B Контур 4
Collar5_Outline	Воротник Контур 5
WingEL_Lower_WeightTransfer	Крылья >> 15 .3
NeckwearB1_WeightTransfer	Галстук B 8
FloatingL_WeightTransfer	Меха >> 7
HairBang_SideL_WeightTransfer	Челка >> 13
FloatingR_WeightTransfer	Меха << 7
Glasses_WeightTransfer	Очки 4
AhogeA_WeightTransfer	Волосы Ахоге 7
BackHair_WeightTransfer	Задние волосы 7
AnimalEarBL_WeightTransfer	Звериные уши >> 11
EyepatchA_WeightTransfer	Повязка на глазу 7
TailD_WeightTransfer	Хвост 22
HairBang_Middle_WeightTransfer	Челка >< 15
Face_WeightTransfer	Черта лица C 3
NeckwearB2_WeightTransfer	Галстук B 9
EarringBR_WeightTransfer	Серьга << 12
EarringBL_WeightTransfer	Серьга >> 12
NeckwearC_WeightTransfer	Галстук C 4
HatC_WeightTransfer	Шляпа 11
TailFSoft_WeightTransfer	Хвост 25
TailFHard_WeightTransfer	Хвост 24
EarringAR_WeightTransfer	Серьга << 11
EarringAL_WeightTransfer	Серьга >> 11
HatA_WeightTransfer	Шляпа 9
LegR_WeightTransfer	Нога << 2
LegL_WeightTransfer	Нога >> 2
HatD_WeightTransfer	Шляпа 12
FrameHair_WeightTransfer	Прядь волос >< 
TailE_WeightTransfer	Хвост 23
TailA_WeightTransfer	Хвост 19
SideHairB_WeightTransfer	Боковые волосы 34
SideHairA_WeightTransfer	Боковые волосы 33
PonytailA_WeightTransfer	Волосы 15
WingER_Upper_WeightTransfer	Крылья << 15 .1
WingER_Middle_WeightTransfer	Крылья << 15 .2
OutfitOuter_WeightTransfer	Верхняя одежда 8
WingAL_WeightTransfer	Крылья >> 11
PalmarL_WeightTransfer	Рука >> 3 .5
HeadWingAL_WeightTransfer	Крыло-ухо >> 4
BrowL_WeightTransfer	Бровь >> 10
BrowR_WeightTransfer	Бровь << 10
MustacheA_WeightTransfer	Волосы на лице B 7
TailC_WeightTransfer	Хвост 21
FrameHair_BranchL_WeightTransfer	Прядь волос >> 4
HandL_Middle_WeightTransfer	Рука >> 3 .1
HandL_Thumb_WeightTransfer	Рука >> 3 .2
NeckwearA_WeightTransfer	Галстук A 7
WingER_Lower_WeightTransfer	Крылья << 15 .3
WingEL_Upper_WeightTransfer	Крылья >> 15 .1
WingGL_Outter_WeightTransfer	Крылья >> 17 .1
WingCL_Upper_WeightTransfer	Крылья >> 13 .1
WingGR_Inner_WeightTransfer	Крылья << 17 .2
WingCR_Upper_WeightTransfer	Крылья << 13 .1
EarL_WeightTransfer	Ухо 2 >>
EarR_WeightTransfer	Ухо 2 <<
CapeBack_WeightTransfer	Мыс Назад 4
CapeFront_WeightTransfer	Мыс Фронт 7
WingEL_Middle_WeightTransfer	Крылья >> 15 .2
WingFR_Upper_WeightTransfer	Крылья << 16 .1
AntennaR_WeightTransfer	Антенна << 3
AnimalEarAR_WeightTransfer	Звериные уши << 10
WingDL_WeightTransfer	Крылья >> 14
AnimalEarCL_WeightTransfer	Звериные уши >> 12
WingGL_Inner_WeightTransfer	Крылья >> 17 .2
Halo_WeightTransfer	Нимб 7
FinR_WeightTransfer	Плавник << 2
HatB_WeightTransfer	Шляпа 10
AnimalEarAL_WeightTransfer	Звериные уши >> 10
TailB_WeightTransfer	Хвост 20
HandL_Little_WeightTransfer	Рука >> 3 .3
HandL_Index_WeightTransfer	Рука >> 3 .4
FinL_WeightTransfer	Плавник >> 2
AntennaL_WeightTransfer	Антенна >> 3
PonytailAR_WeightTransfer	Волосы Хвостик << 25
OutfitInner_WeightTransfer	Плечевая одежда 9
MustacheB_WeightTransfer	Волосы на лице B 8
PonytailB_WeightTransfer	Волосы 16
HairBandA_WeightTransfer	Банты А 3
HairBang_SideR_WeightTransfer	Челка << 13
EyepatchB_WeightTransfer	Повязка на глазу 8
WingFL_Lower_WeightTransfer	Крылья >> 16 .2
WingBL_WeightTransfer	Крылья >> 12
PonytailCL_WeightTransfer	Волосы Хвостик >> 26
HairbandB_WeightTransfer	Повязки на голову Б 5
BeardA_WeightTransfer	Волосы на лице A 9
PonytailAL_WeightTransfer	Волосы Хвостик >> 25
AnimalEarBR_WeightTransfer	Звериные уши << 11
EyelashR_WeightTransfer	Глаз 4 | Ресницы <<
GillR_WeightTransfer	Жабры << 2
PiercingAL_WeightTransfer	Пирсинг A >> 6
PiercingAR_WeightTransfer	Пирсинг A << 6
WingFR_Lower_WeightTransfer	Крылья << 16 .2
WingFL_Upper_WeightTransfer	Крылья >> 16 .1
HairBandC_WeightTransfer	Бант сзади D 3
HornL_WeightTransfer	Рог >> 8
HornR_WeightTransfer	Рог << 8
EyelashL_WeightTransfer	Глаз 4 | Ресницы >>
GillL_WeightTransfer	Жабры >> 2
HornFrontL_WeightTransfer	Рога спереди >> 3
HornFrontR_WeightTransfer	Рога спереди << 3
WingDR_WeightTransfer	Крылья << 14
FrameHair_BranchR_WeightTransfer	Прядь волос << 4
HeadWingAR_WeightTransfer	Крыло-ухо << 4
HornFrontM_WeightTransfer	Рога спереди >< 2
WingGR_Outter_WeightTransfer	Крылья << 17 .1
EyeDollarR_WeightTransfer	Глаз Доллар << 4 + 5
EyeHeartL_WeightTransfer	Глаз Сердце >> 4 + 5
EyeHeartR_WeightTransfer	Глаз Сердце << 4 + 5
EyeHighlightCryL_WeightTransfer	Глаз 4 + 5 >> | Плач
EyeHighlightCryR_WeightTransfer	Глаз 4 + 5 << | Плач
EyeL_WeightTransfer	Глаз >> 4 + 5
EyeR_WeightTransfer	Глаз << 4 + 5
EyeSparklingL_WeightTransfer	Сверкающие глаза >> 4 + 5
EyeSparklingR_WeightTransfer	Сверкающие глаза << 4 + 5
EyeSpiralL_WeightTransfer	Глаз Спираль >> 4 + 5
EyeSpiralR_WeightTransfer	Глаз Спираль << 4 + 5
AnimalEarCR_WeightTransfer	Звериные уши << 12
WingAR_WeightTransfer	Крылья << 11
PonytailCR_WeightTransfer	Волосы Хвостик << 26
PiercingBL_WeightTransfer	Пирсинг B >> 6
PiercingBR_WeightTransfer	Пирсинг B << 6
HandL_WeightTransfer	Рука >> 3
HandR_Index_WeightTransfer	Рука << 3 .4
HandR_Little_WeightTransfer	Рука << 3 .3
HandR_Middle_WeightTransfer	Рука << 3 .1
HandR_Thumb_WeightTransfer	Рука << 3 .2
HandR_WeightTransfer	Рука << 3
PalmarR_WeightTransfer	Рука << 3 .5
WingCL_Lower_WeightTransfer	Крылья >> 13
WingCR_Lower_WeightTransfer	Крылья << 13
WingBR_WeightTransfer	Крылья << 12
EyeDollarL_WeightTransfer	Глаз Доллар >> 4 + 5
ClownWig	Клоун 1
FireA1	Огонь
ElectricFan	Электрический вентилятор
Cheese	Сыр
ElectricFanBlades	Лопасти электрического вентилятора
Guitar_Outline	Схема гитары
Guitar_Color1	Цвет гитары 1
PaperFanSticks	Складной веер 2
PaperFanLeaf	Складной веер 1
Stool	Табурет
Slipper	Тапочки
Guitar_Color2	Цвет гитары 2
WinkStar	Подмигивающая звезда
ClownNose	Клоун 2
Guitar_Color3	Цвет гитары 3
SideHairA7_Color	Боковые волосы 13
PonytailA3_Gradient	Волосы 6
SideHairA2_Gradient	Боковые волосы 4
SideHairB5_Color	Боковые волосы 25
SideHairB3_Gradient	Боковые волосы 22
PonytailA2_Outline	Контур волос 3 + 4
PonytailB2_Outline	Контур волос 13 + 14
PonytailB2_Color	Волосы 13
Outer7_Outline	Верхняя одежда Контур 7
Outer1_Outline	Верхняя одежда Контур 1
Hand_Color	Рука 1
LaptopLight3	Ноутбук Свечение 3
Finger	руб 1
Scissor	Вырезать (ножницами)
BoopHand	Буп
Trophy	Трофей 1
ProgressBar	Контейнер индикатора выполнения
Progress	Заполнение индикатора выполнения
