EN,zh-Hans,zh-Hant,de,es,fr,hu,ja,ko,ru,pt-br,uk,it,th,tr,sv,sk
Always use the model at the top of the models list. This is the latest release.,始终使用模型列表中最上面的模型。这是最新版本。,始終使用模型清單中最上面的模型。這是最新版本。,Verwenden Sie immer das Modell ganz oben in der Modellliste. Dies ist die neueste Version.,Utilice siempre el modelo que aparece en la parte superior de la lista de modelos. Esta es la última versión.,Utilisez toujours le modèle en haut de la liste. Il s'agit de la dernière version.,Mindig a modellek listájának tetején található modellt használd. Ez a legújabb kiadás.,モデル一覧の一番上にあるモデルを必ず使用してください。これが最新版です。,모델 목록의 맨 위에 있는 모델을 항상 사용하십시오. 이것이 최신 버전입니다.,"Всегда используйте модель, находящуюся вверху списка моделей. Это последняя версия.",Utilize sempre o modelo que estiver no topo da lista de modelos. Esta é a versão mais recente.,"Завжди використовуйте модель, яка знаходиться у верхній частині списку моделей. Це найновіший реліз.",Utilizzare sempre il modello in cima all'elenco dei modelli. Si tratta dell'ultima versione.,ควรใช้รุ่นที่อยู่ด้านบนสุดของรายการรุ่นเสมอ นี่คือรุ่นล่าสุด,"Lütfen her zaman modeller listesinin en üstündeki modeli kullanın. Bu, en son sürümdür.",Använd alltid modellen högst upp i modellistan. Detta är den senaste utgåvan.,Vždy používajte model na začiatku zoznamu modelov. Toto je najnovšia verzia.
"The model is called ""CoffeeBean"" and is the only model where the icon shows it awake.",该型号名为“CoffeeBean”，是唯一一款图标显示其处于唤醒状态的型号。,此型號名為“CoffeeBean”，是唯一一款圖示顯示其處於喚醒狀態的型號。,"Das Modell heißt ""CoffeeBean"" und ist das einzige Modell, bei dem das Symbol es im wachen Zustand anzeigt.","El modelo se llama ""CoffeeBean"" y es el único modelo cuyo icono lo muestra despierto.",Ce modèle s'appelle « CoffeeBean » et c'est le seul dont l'icône le représente en état de veille.,"A modell neve ""CoffeeBean"", és ez az egyetlen modell, ahol az ikon ébrenlétet mutat.",このモデルは「コーヒービーン」と呼ばれ、アイコンが起動状態を示す唯一のモデルです。,"이 모델은 ""커피빈""이라고 불리며, 아이콘이 깨어있는 모습을 보여주는 유일한 모델입니다.","Эта модель называется ""CoffeeBean"" и является единственной моделью, у которой на иконке отображается состояние ""включено"".","O modelo chama-se ""CoffeeBean"" e é o único modelo em que o ícone o mostra em funcionamento.","Модель називається «CoffeeBean» і є єдиною моделлю, де значок показує, що вона активна.","Il modello si chiama ""CoffeeBean"" ed è l'unico modello la cui icona lo mostra attivo.","โมเดลนี้ชื่อว่า ""CoffeeBean"" และเป็นโมเดลเดียวที่ไอคอนแสดงว่าเครื่องกำลังตื่นอยู่","Modelin adı ""CoffeeBean"" ve simgesi uyanık halde gösteren tek model bu.","Modellen heter ""CoffeeBean"" och är den enda modellen där ikonen visar den vaken.","Model sa volá „CoffeeBean“ a je to jediný model, kde ikona zobrazuje, že je v prebudenom stave."
Emotelab Website,Emotelab 网站,Emotelab 網站,Emotelab-Website,Sitio web de Emotelab,Site Web Emotelab,Emotelab weboldal,Emotelabのウェブサイト,이모트랩 웹사이트,Веб-сайт Emotelab,Site da Emotelab,Вебсайт Emotelab,Sito web di Emotelab,เว็บไซต์ Emotelab,Emotelab Web Sitesi,Emotelabs webbplats,Webová stránka Emotelabu
Emotelab on Steam,Steam上的Emotelab,Steam上的Emotelab,Emotelab auf Steam,Emotelab en Steam,Emotelab sur Steam,Emotelab a Steamen,Steam版Emotelab,Steam의 Emotelab,Emotelab в Steam,Emotelab no Steam,Emotelab у Steam,Emotelab su Steam,อีโมตแล็บบน Steam,Emotelab Steam'de,Emotelab på Steam,Emotelab na Steame
Textures,纹理,紋理,Texturen,Texturas,Textures,Textúrák,テクスチャ,질감,Текстуры,Texturas,Текстури,Texture,พื้นผิว,Dokular,Texturer,Textúry
In App Name,在应用名称中,在應用程式名稱中,Name der App,En el nombre de la aplicación,Nom de l'application,Alkalmazáson belüli név,アプリ名,앱 이름,В названии приложения,Nome do aplicativo,Назва програми,Nome nell'app,ในชื่อแอป,Uygulama Adında,Namn i appen,Názov aplikácie
File Name,文件名,檔案名稱,Dateiname,Nombre del archivo,Nom de fichier,Fájlnév,ファイル名,파일 이름,Имя файла,Nome do arquivo,Ім'я файлу,Nome del file,ชื่อไฟล์,Dosya adı,Filnamn,Názov súboru
Regions (Testing),区域（测试）,區域（測試）,Regionen (Test),Regiones (Pruebas),Régions (Tests),Régiók (tesztelés),地域（テスト）,지역(테스트),Регионы (тестирование),Regiões (em teste),Регіони (тестування),Regioni (Test),ภูมิภาค (การทดสอบ),Bölgeler (Test),Regioner (testning),Regióny (testovanie)
Search,搜索,搜尋,Suchen,Buscar,Recherche,Keresés,検索,찾다,Поиск,Procurar,Пошук,Ricerca,ค้นหา,Aramak,Söka,Hľadať
Filter,筛选,篩選,Filter,Filtrar,Filtre,Szűrő,フィルター,필터,Фильтр,Filtro,Фільтр,Filtro,กรอง,Filtrele,Filtrera,Filter
Click on an Item to Open,点击项目即可打开,點擊項目即可打開,"Klicken Sie auf ein Element, um es zu öffnen.",Haz clic en un elemento para abrirlo.,Cliquez sur un élément pour l'ouvrir,Kattintson egy elemre a megnyitáshoz,アイテムをクリックして開きます,항목을 클릭하여 여세요,"Нажмите на элемент, чтобы открыть его.",Clique em um item para abri-lo.,"Натисніть на елемент, щоб відкрити",Fai clic su un elemento per aprirlo,คลิกที่รายการเพื่อเปิด,Açmak için bir öğeye tıklayın.,Klicka på ett objekt för att öppna,Kliknite na položku pre otvorenie
In this search box you can search by in app name or file name (as seen in the regions folder). There is an arrow indicator above the search box to point to what mode the search box is currently set to search. You can click on this arrow to change search mode.,在这个搜索框中，您可以按应用名称或文件名（如区域文件夹中所示）进行搜索。搜索框上方有一个箭头指示器，用于显示当前搜索模式。您可以点击此箭头来更改搜索模式。,在這個搜尋框中，您可以按應用程式名稱或檔案名稱（如區域資料夾中所示）進行搜尋。搜尋框上方有一個箭頭指示器，用於顯示目前搜尋模式。您可以點擊此箭頭來變更搜尋模式。,"In diesem Suchfeld können Sie nach App-Namen oder Dateinamen (wie im Ordner „Regionen“ angezeigt) suchen. Über dem Suchfeld befindet sich ein Pfeil, der den aktuell eingestellten Suchmodus anzeigt. Durch Klicken auf diesen Pfeil können Sie den Suchmodus ändern.","En este cuadro de búsqueda, puede buscar por nombre de aplicación o nombre de archivo (como se muestra en la carpeta Regions). Sobre el cuadro de búsqueda hay una flecha que indica el modo de búsqueda seleccionado. Haga clic en esta flecha para cambiar el modo de búsqueda.","Dans ce champ de recherche, vous pouvez effectuer une recherche par nom d'application ou par nom de fichier (tel qu'il apparaît dans le dossier des régions). Une flèche située au-dessus du champ de recherche indique le mode de recherche actuel. Cliquez sur cette flèche pour modifier le mode de recherche.","Ebben a keresőmezőben alkalmazásnév vagy fájlnév alapján kereshet (ahogy a Régiók mappában látható). A keresőmező felett egy nyíl jelzi, hogy a keresőmező jelenleg milyen keresési módra van beállítva. Erre a nyílra kattintva módosíthatja a keresési módot.",この検索ボックスでは、アプリ内名またはファイル名（リージョンフォルダに表示されている名前）で検索できます。検索ボックスの上には、現在どの検索モードに設定されているかを示す矢印が表示されます。この矢印をクリックすると、検索モードを変更できます。,이 검색 상자에서는 앱 이름이나 파일 이름(regions 폴더에 표시된 것처럼)으로 검색할 수 있습니다. 검색 상자 위에는 현재 검색 모드를 나타내는 화살표가 있습니다. 이 화살표를 클릭하여 검색 모드를 변경할 수 있습니다.,"В этом поле поиска вы можете искать по названию приложения или имени файла (как указано в папке регионов). Над полем поиска находится стрелка, указывающая на текущий режим поиска. Вы можете щелкнуть по этой стрелке, чтобы изменить режим поиска.","Nesta caixa de pesquisa, você pode pesquisar pelo nome do aplicativo ou pelo nome do arquivo (como visto na pasta regiões). Há uma seta acima da caixa de pesquisa que indica o modo de pesquisa atual. Você pode clicar nessa seta para alterar o modo de pesquisa.","У цьому полі пошуку ви можете шукати за назвою програми або назвою файлу (як показано в папці regions). Над полем пошуку є стрілка-індикатор, яка вказує на поточний режим пошуку. Ви можете натиснути на цю стрілку, щоб змінити режим пошуку.",In questa casella di ricerca è possibile cercare per nome dell'app o per nome del file (come visualizzato nella cartella Regioni). Sopra la casella di ricerca è presente una freccia che indica la modalità di ricerca attualmente impostata. È possibile fare clic su questa freccia per cambiare la modalità di ricerca.,ในช่องค้นหานี้ คุณสามารถค้นหาได้โดยใช้ชื่อในแอปหรือชื่อไฟล์ (ตามที่เห็นในโฟลเดอร์ภูมิภาค) เหนือช่องค้นหาจะมีลูกศรชี้บอกโหมดการค้นหา คุณสามารถคลิกที่ลูกศรนี้เพื่อเปลี่ยนโหมดการค้นหาได้,"Bu arama kutusunda uygulama adına veya dosya adına göre (bölgeler klasöründe görüldüğü gibi) arama yapabilirsiniz. Arama kutusunun üzerinde, arama kutusunun şu anda hangi arama moduna ayarlandığını gösteren bir ok göstergesi bulunmaktadır. Arama modunu değiştirmek için bu oka tıklayabilirsiniz.",I den här sökrutan kan du söka efter appnamn eller filnamn (som det visas i mappen Regioner). Det finns en pilindikator ovanför sökrutan som pekar på vilket läge sökrutan för närvarande är inställd på att söka. Du kan klicka på den här pilen för att ändra sökläge.,"V tomto vyhľadávacom poli môžete vyhľadávať podľa názvu aplikácie alebo názvu súboru (ako je zobrazené v priečinku regiónov). Nad vyhľadávacím poľom sa nachádza šípka, ktorá ukazuje, v akom režime je vyhľadávacie pole aktuálne nastavené. Kliknutím na túto šípku môžete zmeniť režim vyhľadávania."
When a character is saved with custom textures enabled it creates a folder called regions within the character folder. You can locate the character folder in EmoteLab settings under Model settings. This filter system shows parts in each section of the regions folder structure. If you search with no terms using a filter it will show all parts in that folder.,启用自定义纹理后保存角色时，会在角色文件夹内创建一个名为“regions”的文件夹。您可以在EmoteLab设置的“模型设置”中找到该角色文件夹。此筛选系统会显示“regions”文件夹结构中每个部分的内容。如果您不使用任何关键词进行筛选，则会显示该文件夹中的所有内容。,啟用自訂紋理後儲存角色時，會在角色資料夾內建立名為「regions」的資料夾。您可以在EmoteLab設定的「模型設定」中找到該角色資料夾。此篩選系統會顯示「regions」資料夾結構中每個部分的內容。如果您不使用任何關鍵字進行篩選，則會顯示該資料夾中的所有內容。,"Wenn ein Charakter mit aktivierten benutzerdefinierten Texturen gespeichert wird, erstellt er im Charakterordner einen Ordner namens „Regionen“. Diesen Ordner finden Sie in den EmoteLab-Einstellungen unter „Modelleinstellungen“. Das Filtersystem zeigt die einzelnen Teile in den jeweiligen Abschnitten der Ordnerstruktur „Regionen“ an. Wenn Sie ohne Filter suchen, werden alle Teile im entsprechenden Ordner angezeigt.","Cuando se guarda un personaje con texturas personalizadas activadas, se crea una carpeta llamada ""regions"" dentro de la carpeta del personaje. Puedes encontrar la carpeta del personaje en la configuración de EmoteLab, en la sección ""Ajustes del modelo"". Este sistema de filtros muestra las partes de cada sección de la estructura de carpetas de ""regions"". Si realizas una búsqueda sin usar ningún filtro, se mostrarán todas las partes de esa carpeta.","Lorsqu'un personnage est enregistré avec des textures personnalisées activées, un dossier nommé « regions » est créé dans le dossier du personnage. Vous pouvez localiser ce dossier dans les paramètres d'EmoteLab, sous « Paramètres du modèle ». Ce système de filtres affiche les pièces dans chaque section de l'arborescence du dossier « regions ». Si vous effectuez une recherche sans terme à l'aide d'un filtre, toutes les pièces présentes dans ce dossier seront affichées.","Amikor egy karaktert engedélyezett egyéni textúrákkal mentesz el, a rendszer létrehoz egy régiók nevű mappát a karaktermappán belül. A karaktermappát az EmoteLab beállításaiban, a Modellbeállítások alatt találod. Ez a szűrőrendszer a régiók mappaszerkezetének minden egyes szakaszában megjeleníti az alkatrészeket. Ha szűrő használatával keresel kifejezések nélkül, akkor az adott mappában található összes alkatrész megjelenik.",カスタムテクスチャを有効にしてキャラクターを保存すると、キャラクターフォルダ内にregionsという名前のフォルダが作成されます。キャラクターフォルダは、EmoteLabの設定の「モデル設定」で確認できます。このフィルタシステムでは、regionsフォルダ構造の各セクション内のパーツが表示されます。フィルタを使用して検索語句を指定せずに検索すると、そのフォルダ内のすべてのパーツが表示されます。,캐릭터에 사용자 지정 텍스처를 활성화하여 저장하면 캐릭터 폴더 안에 'regions'라는 폴더가 생성됩니다. 이 캐릭터 폴더는 EmoteLab 설정의 '모델 설정'에서 찾을 수 있습니다. 이 필터 시스템은 'regions' 폴더 구조의 각 섹션에 있는 부품들을 보여줍니다. 필터에서 검색어를 입력하지 않고 검색하면 해당 폴더에 있는 모든 부품이 표시됩니다.,"При сохранении персонажа с включенными пользовательскими текстурами внутри папки персонажа создается папка с именем regions. Найти эту папку можно в настройках EmoteLab в разделе «Настройки модели». Эта система фильтров отображает части в каждом разделе структуры папки regions. Если вы выполните поиск без использования каких-либо терминов, используя фильтр, будут показаны все части в этой папке.","Quando um personagem é salvo com texturas personalizadas ativadas, uma pasta chamada ""regions"" é criada dentro da pasta do personagem. Você pode encontrar a pasta do personagem nas configurações do EmoteLab, em ""Configurações do Modelo"". Este sistema de filtros exibe as partes em cada seção da estrutura da pasta ""regions"". Se você pesquisar sem usar nenhum termo específico, todas as partes daquela pasta serão exibidas.","Коли персонаж зберігається з увімкненими користувацькими текстурами, у папці персонажа створюється папка під назвою «regions». Ви можете знайти папку персонажа в налаштуваннях EmoteLab у розділі «Налаштування моделі». Ця система фільтрів показує частини в кожному розділі структури папок «regions». Якщо ви шукаєте без термінів за допомогою фільтра, будуть відображені всі частини в цій папці.","Quando un personaggio viene salvato con le texture personalizzate abilitate, viene creata una cartella chiamata ""regioni"" all'interno della cartella del personaggio. È possibile trovare la cartella del personaggio nelle impostazioni di EmoteLab, nella sezione ""Impostazioni modello"". Questo sistema di filtri mostra le parti in ogni sezione della struttura di cartelle ""regioni"". Se si effettua una ricerca senza termini utilizzando un filtro, verranno visualizzate tutte le parti presenti in quella cartella.",เมื่อบันทึกตัวละครโดยเปิดใช้งานพื้นผิวแบบกำหนดเอง ระบบจะสร้างโฟลเดอร์ชื่อ regions ภายในโฟลเดอร์ตัวละคร คุณสามารถค้นหาโฟลเดอร์ตัวละครได้ในการตั้งค่า EmoteLab ภายใต้การตั้งค่าโมเดล ระบบตัวกรองนี้จะแสดงชิ้นส่วนในแต่ละส่วนของโครงสร้างโฟลเดอร์ regions หากคุณค้นหาโดยไม่ใช้คำค้นหาใดๆ โดยใช้ตัวกรอง ระบบจะแสดงชิ้นส่วนทั้งหมดในโฟลเดอร์นั้น,"Özel dokular etkinleştirilerek bir karakter kaydedildiğinde, karakter klasörü içinde ""bölgeler"" adlı bir klasör oluşturulur. Karakter klasörünü EmoteLab ayarlarında Model ayarları altında bulabilirsiniz. Bu filtre sistemi, bölgeler klasör yapısının her bölümündeki parçaları gösterir. Filtre kullanarak herhangi bir terim belirtmeden arama yaparsanız, o klasördeki tüm parçalar gösterilir.",När en karaktär sparas med anpassade texturer aktiverade skapas en mapp som heter regioner i karaktärsmappen. Du hittar karaktärsmappen i EmoteLab-inställningarna under Modellinställningar. Detta filtersystem visar delar i varje sektion av mappstrukturen för regioner. Om du söker utan termer med ett filter visas alla delar i den mappen.,"Keď sa postava uloží s povolenými vlastnými textúrami, vytvorí sa v priečinku postavy priečinok s názvom regions. Priečinok postavy nájdete v nastaveniach EmoteLab v časti Nastavenia modelu. Tento systém filtrov zobrazuje časti v každej sekcii štruktúry priečinkov regions. Ak vyhľadávate bez výrazov pomocou filtra, zobrazia sa všetky časti v danom priečinku."
Results,结果,結果,Ergebnisse,Resultados,Résultats,Eredmények,結果,결과,Результаты,Resultados,Результати,Risultati,ผลลัพธ์,Sonuçlar,Resultat,Výsledky
English,简体中文,繁體中文,Deutsch,Español,Français,Magyar,日本語,한국어,Русский,Português,Українська,Italiano,ไทย,Türkçe,Svenska,Slovenčina