SpriteName	Sv
FaceFeatureB5	Ansiktsfunktion B 5
PiercingA5_Color	Piercing 5
Loading	Klistermärke laddas
Nose3	Näsa 3
CapeFront3_Outline	Framsidan av en kappa | Kappa Kontur 3
CockroachLeg	Kackerlacka 1
EarringA5_Color	Örhänge 5
Eye2_Highlight	Ögonhöjdpunkt 2
Angry4	Väggdekor Arg 4
AnimalEar1_Front_Outline	Djuröra Kontur 1
Main5_Outline	Outfit Inre Kontur 5
ExclamationMark	Klistermärke Utropstecken
Mouth_Line	Dryckeskopp | Mun
Eye3_Dollar	Ögondollar 3
HairShine7_Color	Hårglans 13 + 14
WingG1_Outter_Color	Vinge 10 .1
Eye1_Upperlid	Ögonfransar 1 .1
WingE1_Middle_Color	Vinge 8 .2
TailE2_Color	Svans 13
SweatWhite	Väggdekor Svett
Collar6_String	Outfit krage String 7
PonytailA5_Color	Hår hästsvans 9
FrameHair_A10_Outline	Hårinramning Kontur 19
HairBang6_Side_Color	Hårlugg 11
SideHairA5_Outline	Hårsida Kontur 9 + 10
SideHairA3_Color	Hårsida 5
FrameHair_A5_Outline	Hårinramning Kontur 9 + 10
Pigtail_A2_Color	Hår Pigtail 3
SideHairB8_Outline	Hårsida Kontur 31 + 32
SideHairA3_Outline	Hårsida Kontur 5 + 6 
PonytailA1_Color	Hår hästsvans 1
PonytailA5_Gradient	Hår hästsvans 10
BellClapper	Klocka 1
EarringA5_Outline	Örhänge Kontur 5
HairShine5_Outline	Hårglans Kontur 10
Nose1	Näsa 1
HairClip5_Color	Hårklämma 5
TailC1_Color	Svans 8
PonytailA5_Outline	Hår hästsvans Kontur 9 + 10
WingB1_Outline	Vinge Kontur 4
AlertClick	Klistermärke Alert Effekt
HairClip13_Color	Hårklämma 13
SideHairA7_Outline	Hårsida Kontur 13 + 14
SideHairA6_Outline	Hårsida Kontur 11 + 12
CreditCard	Kortsvep
Hand_Line2	Hand 1 .1
Eye1_Highlight	Ögonhöjdpunkt 1
EarringA1_Color	Örhänge 1
Brow1	Bryn 1
FaceFeatureB2	Ansiktsfunktion B 2
CortisolMeter	Dans (lågt kortisol) 2
HairBang1_Side_Outline	Hårlugg Kontur 1 + 2
Hairline	Bashår 1
EarringB1_Color	Örhänge 6
Palmar_Line2	Hand 1 .2
StrawLiquid_Color	Dryckesvätska 2
Mecha5_Color	Meka 5
HairClip13_Outline	Hårklämma Kontur 13
EasterEgg3	påsk 3
Collar3_Outline	Outfit krage Kontur 3
HairHighlight4_Color	Hårhöjdpunkt >< 1 + 2
Tongue2	Mun/tunga | Slicka
FaceFeatureA3	Ansiktsfunktion A 3
AnimalEar4_Outline	Djuröra Kontur 4
SideHairB8_Gradient	Hårsida 32
PonytailA4_Outline	Hår hästsvans Kontur 7 + 8
HatD1_Outline	Hatt Kontur 8
GasBottle	Gasflaska
SideHairA2_Outline	Hårsida Kontur 3 + 4
SideHairB5_Outline	Hårsida Kontur 25 + 26
FacialHair_A4_Color	Ansiktshår A 4
EarringA2_Color	Örhänge 2
Eye3_Light	Öga Irisljus 3
AnimalEar1_Back_Outline	Djuröra Kontur 1 .1
CapeFront5_Outline	Framsidan av en kappa | Kappa Kontur 5
SideHairB8_Color	Hårsida 31
HairShine6_Color	Hårglans 11 + 12
Hairband5_Outline	Hårband B Kontur 3
CapeBack1_Outline	Baksidan av en kappa | Kappa Kontur 1
Halo3_Color	Halo 3
Eye3_Eyelash	Ögonfransar 3
Leg	Ben 1
Thumb_Color	Hand 1 .3
HairShine2_Color	Hårglans 3 + 4
Hairband1_Outline	Hårband A Kontur 1
Brow7	Bryn 7
Palmar_Line1	Hand 1 .4
PiercingA3_Color	Piercing 3
Pigtail_A7_Color	Hår Pigtail 13
SideHairA3_Gradient	Hårsida 6
SideHairA8_Outline	Hårsida Kontur 15 + 16
PonytailA3_Outline	Hår hästsvans Kontur 5 + 6
TailF2_Outline	Svans Kontur 16
Ear_Outline	Öra Kontur 1
HairClip11_Color	Hårklämma 11
TailC1_Outline	Svans Kontur 8
Cheek3	Kind 3
Eye_Popcat_Light	Dum 3 | Öga | Popcat ram
CandleFire	Ljus eld
PiercingA4_Outline	Piercing Kontur 4
NeckwearA2_Color	Outfit Neckwear A 2
little_Color	Hand 1 .5
PiercingA1_Color	Piercing 1
PhoneLight	Telefonljus
ShakeLine1	Rädd 1
Eye2_Upperlid	Ögonfransar 2 .1
NeckwearA3_Color	Outfit Neckwear A 3
Brow9	Bryn 9
EarringA1_Outline	Örhänge Kontur 1
TailA2_Outline	Svans Kontur 2
Drooling	Dregling
PiercingA4_Color	Piercing 4
PonytailA3_Color	Hår hästsvans 5
PonytailA2_Gradient	Hår hästsvans 4
AnimalEar7_Outline	Djuröra Kontur 7
Brow6	Bryn 6
PopperConfetti2	Konfetti 2
Swatter	Swatter
Fin1_Outline	Fena Kontur
HairShine3_Color	Hårglans 5 + 6
TailB1_Color	Svans 3
HammerEffect2	Hammare 2
Mecha1_Outline	Meka Kontur 1
Pigtail_A4_Outline	Hår Pigtail Kontur 7 + 8
HatC1_Outline	Hatt Kontur 6 + 7
Pigtail_B1_Color	Hår Pigtail 17
Flash	Pistolblixt
Brow4	Bryn 4
CortisolMeterPointer	Dans (lågt kortisol) 1
Hand_Line1	Hand 1 .6
RedPacketCoin4	Rött paket 4
Cheek4	Kind 4
FaceFeatureB3	Ansiktsfunktion B 3
Brow2	Bryn 2
StickyNote	Fästislapp
Loading_Outline	Klistermärke laddas 2
Collar6_Outline	Outfit krage Kontur 6 + 7
CapeBack3_Color	Baksidan av en kappa 3
SideHairB6_Outline	Hårsida Kontur 27 + 28
PonytailA1_Outline	Hår hästsvans Kontur 1 + 2
PonytailA2_Color	Hår hästsvans 3
SideHairA2_Color	Hårsida 3
GiftBoxLid	Gåva 2
Collar4_Color	Outfit Krage Inner 4
WingE1_Upper_Color	Vinge 8 .1
WingA1_Color	Vinge 1
FrameHair_B4_Outline	Hårinramning Kontur 29 + 30
FrameHair_Branch_A1_Color	Hårgren 1
SideHairA7_Gradient	Hårsida 14
Wing2_Color	Öronvinge 2
TailA1_Color	Svans 1
Eye3_Heart	Ögat hjärta 3
FrameHair_A8_Outline	Hårinramning Kontur 15 + 16
DrawingTablet	Tablett
FaceFeatureA2	Ansiktsfunktion A 2
PiercingA2_Color	Piercing 2
Eye_Popcat_Highlight	Popcat | Ögonhöjdpunkt
Hairband3_Outline	Hårband B Kontur 1
NeckwearB6_Color	Outfit Neckwear B 6
Mouth_Popcat1	Popcat | Mun 1
Rose	Ros
HairbandBack2_Outline	Hårband D Kontur 2
Mecha2_Outline	Meka Kontur 2
SideHairA8_Gradient	Hårsida 16
NeckwearB7_Color	Outfit Neckwear B 7
Donut3	Donut 3
NeckwearB5_Outline	Outfit Neckwear B Kontur 5
StickyNoteText	Fästislapp Text
SideHairA6_Gradient	Hårsida 12
PonytailA4_Gradient	Hår hästsvans 8
Ahoge_A4_Color	Hår Ahoge 4
Gill2_Color	Gill 1 .2
FacialHair_A7_Outline	Ansiktshår A Kontur 7
HatC1_Color	Hatt 6 + 7
SideHairA5_Color	Hårsida 9
LightStickHandle	Ljussticka handtag
Eye1_Spiral	Ögonspiral 1 + 2
EasterEgg2	påsk 2
EasterEgg1	påsk 1
HairClip5_Outline	Hårklämma Kontur 5
SideHairA8_Color	Hårsida 15
HairHighlight2_Outline	Hårhöjdpunkt Kontur 2 << + 2 >>
Ahoge_A2_Color	Hår Ahoge 2
SideHairB7_Outline	Hårsida Kontur 29 + 30
AlertBits_Outline	Klistermärke Alert Kontur 6
SunGlasses_Frame	Solglasögon
PonytailA4_Color	Hår hästsvans 7
HairHighlight2_Color	Hårhöjdpunkt 2 << + 2 >>
SideHairA5_Gradient	Hårsida 10
SideHairA6_Color	Hårsida 11
HairbandBack2_Color	Hårband D 2
NeckwearB1_Outline	Outfit Neckwear B Kontur 2
HairClip3_Outline	Hårklämma Kontur 3
Bill2	Fakturera 2
Volume	Dekalvolym
FrameHair_A1_Color	Hårinramning 1 
FrameHair_A2_Gradient	Hårinramning 2
Pigtail_C2_Color	Hår Pigtail 23
Pigtail_C2_Gradient	Hår Pigtail 24
WingF1_Lower_Outline	Vinge Kontur 9 .2
Glasses_Frame3	Glasögon 3
WingA2_Outline	Vinge Kontur 2
PalmarGlove1_Outline	Hand 2 .1
Eye1_Sparkling	Glittrande öga 1
SideHairB2_Color	Hårsida 19
SideHairB2_Gradient	Hårsida 20
SideHairA1_Outline	Hårsida Kontur 1 + 2
EarringA3_Color	Örhänge 3
EarringA4_Color	Örhänge 4
TailF_Outline	Svans Kontur 15 + 16 + 17 + 18 + 24 + 25
Halo2_Outline	Halo Kontur 2
HairBang4_Side_Outline	Hårlugg Kontur 7 + 8
TailD1_Outline	Svans Kontur 11
Pigtail_A8_Outline	Hår Pigtail Kontur 15 + 16
HairBang4_Middle_Outline	Hårlugg >< Kontur 4
SideHairB2_Outline	Hårsida Kontur 19 + 20
ShakeLine2	Rädd 2
EarringB2_Color	Örhänge 7
TailA2_Color	Svans 2
TailF_Color	Svans 15 + 16 + 17 + 18 + 24 + 25
SideHairB6_Color	Hårsida 27
Controller	Kontroller
HairBang3_Middle_Gradient	Hårlugg >< 6
HairBang3_Middle_Color	Hårlugg >< 5
Horn4_Color	Horn 4
HatD1_Color	Hatt 8
PonytailA1_Gradient	Hår hästsvans 2
SideHairB4_Outline	Hårsida Kontur 23 + 24
SideHairB6_Gradient	Hårsida 28
EarringA4_Outline	Örhänge Kontur 4
PopperConfetti1	Konfetti 1
Collar1_Outline	Outfit krage Kontur 1
FacialHair_B5_Outline	Ansiktshår B Kontur 5
EarringA2_Outline	Örhänge Kontur 2
TailF4_Outline	Svans Kontur 18
LightStickLight	Ljussticka
HatA1_Outline	Hatt Kontur 1 + 2
SideHairB1_Outline	Hårsida Kontur 17 + 18
HairClip3_Color	Hårklämma 3
NeckwearA4_Color	Outfit Neckwear A 4
NeckwearA5_Color	Outfit Neckwear A 5
WingC1_Lower_Outline	Vinge Kontur 5 .2
FrameHair_A2_Outline	Hårinramning Kontur 3 + 4
HatB1_Outline	Hatt Kontur 3
MagicWand	Magi
HairBang2_Middle_Color	Hårlugg >< 3
HairBang2_Middle_Gradient	Hårlugg >< 4
Hairband5_Color	Hårband B 3
TailE2_Outline	Svans Kontur 13
Brow5	Bryn 5
Tie1_Color	Outfit Neckwear C 1
WingF1_Lower_Color	Vinge 9 .2
FrameHair_A4_Outline	Hårinramning Kontur 7 + 8
PryBar	Kofot
FacialHair_A2_Color	Ansiktshår A 2
Outer2_Color	Outfit yttre 2
Tie3_Outline	Outfit Neckwear C Kontur 3
TailB4_Outline	Svans Kontur 6
HairShine3_Outline	Hårglans Kontur 6
AlertHeart_Color	Klistermärke Alert 1
WingD2_Lower_Outline	Vinge Kontur 7 .2
SideHairA1_Color	Hårsida 1
HatA1_Color	Hatt 1 + 2
SideHairB3_Color	Hårsida 21
FrameHair_A11_Gradient	Hårinramning 22
FrameHair_A11_Color	Hårinramning 21
SideHairB4_Gradient	Hårsida 24
SideHairA4_Outline	Hårsida Kontur 7 + 8
SideHairA1_Gradient	Hårsida 2
CapeFront2_Color	Framsidan av en kappa 2
CapeFront5_Color	Framsidan av en kappa 5
CapeFront2_Outline	Framsidan av en kappa | Kappa Kontur 2
SideHairB3_Outline	Hårsida Kontur 21 + 22
SideHairB4_Color	Hårsida 23
SideHairB5_Gradient	Hårsida 26
TailB5_Color	Svans 7
WingC1_Upper_Outline	Vinge Kontur 5 .1
Mecha3_Outline	Meka Kontur 3
HairHighlight1_Color	Hårhöjdpunkt 1 << + 1 >> 
LoveLetter	Kärleksbrev
Hairband6_Outline	Hårband B Kontur 4
MusicalNote1	Musiknot 1
PiercingA2_Outline	Piercing Kontur 2
StrawLiquid_Outline	Dryckeskopp 2
Eyepatch2_Color	Ögonlapp 3 + 4
AnimalEar2_Front_Outline	Djuröra Kontur 2
AnimalEar1_Fur_Color	Djuröra Päls 1
EarringB3_Color	Örhänge 8
Pigtail_A7_Gradient	Hår Pigtail 14
AnimalEar5_Color	Djuröra 5
EarringB4_Color	Örhänge 4
HairClip2_Color	Hårklämma 2
Glasses_Lens2	Glasögon Lens 2
HairBang6_Side_Gradient	Hårlugg 12
HairBang3_Middle_Outline	Hårlugg >< Kontur 5 + 6
AnimalEar9_Outline	Djuröra Kontur 9
HatB3_Color	Hatt 5
PiercingA1_Outline	Piercing Kontur 1
Brow8	Bryn 8
HairClip1_Outline	Hårklämma Kontur 1
Eyepatch1_Color	Ögonlapp 1 + 2
NeckwearA1_Color	Outfit Neckwear A 1
Eye1_Eyelash	Ögonfransar 1 + 2
ShakeLine3	Rädd 3
WingE1_Upper_Outline	Vinge Kontur 8 .1
PopperConfetti3	Konfetti 3
Star	Klistermärke Stjärna
HairBang1_Middle_Outline	Hårlugg >< Kontur 1 + 2
SideHairA4_Gradient	Hårsida 8
PiercingA3_Outline	Piercing Kontur 3
FaceFeatureB4	Ansiktsfunktion B 4
EarringA3_Outline	Örhänge Kontur 3
TailF4_Color	Svans 18
AnimalEar2_Fur_Color	Djuröra Päls 2
AnimalEar3_Outline	Djuröra Kontur 3
Straw	Dryckeskopp 4
AnimalEar8_Outline	Djuröra Kontur 8
AnimalEar6_Color	Djuröra 6
TailF3_Color	Svans 17
EarringB5_Outline	Örhänge Kontur 10
HairClip12_Color	Hårklämma 12
Collar6_Color	Outfit Krage Inner 6 + 7
AnimalEar6_Outline	Djuröra Kontur 6
AnimalEar3_Color	Djuröra 3
Brow3	Bryn 3
Glasses_Lens3	Glasögon Lens 3
EarringB5_Color	Örhänge 10
LaptopLight2	Ljus för bärbar dator 2
PhoneScreenPattern1	Telefonskärm 1
TailF2_Color	Svans 16
LaptopLight1	Ljus för bärbar dator 1
AnimalEar7_Color	Djuröra 7
AnimalEar9_Color	Djuröra 9
HairBang7_Middle_Outline	Hårlugg >< Kontur 13 + 14
Hairband6_Color	Hårband B 4
AnimalEar2_Back_Outline	Djuröra Kontur 2 .1
HairClip1_Color	Hårklämma 1
EarringB2_Outline	Örhänge Kontur 7
Middle_Color	Hand 1 .7
AnimalEar5_Outline	Djuröra Kontur 5
Hairband2_Color	Hårband A 2
AnimalEar1_Front_Color	Djuröra 1
Chopstick	Matpinne
AnimalEar2_Front_Color	Djuröra 2
EarringB3_Outline	Örhänge Kontur 8
TailF1_Color	Svans 15
AnimalEar4_Color	Djuröra 4
HairBang4_Side_Color	Hårlugg 7
SideHairB7_Gradient	Hårsida 30
SideHairB1_Color	Hårsida 17
FacialHair_A7_Color	Ansiktshår A 7
HairClip4_Outline	Hårklämma Kontur 4
EarringB1_Outline	Örhänge Kontur 6
Index_Color	Hand 1 .8
PiercingA5_Outline	Piercing Kontur 5
TailF1_Outline	Svans Kontur 15
AnimalEar1_Fur_Outline	Djuröra Päls Kontur 1
TailE3_Color	Svans 14
AnimalEar1_Back_Color	Djuröra 1 .1
AnimalEar2_Fur_Outline	Djuröra Päls Kontur 2
CupSteam	Koppånga
AnimalEar2_Back_Color	Djuröra 2 .1
AnimalEar8_Color	Djuröra 8
EarringB4_Outline	Örhänge Kontur 9
FacialHair_A8_Outline	Ansiktshår A Kontur 8
SideHairB7_Color	Hårsida 29
SideHairA4_Color	Hårsida 7
SideHairB1_Gradient	Hårsida 18
BackHair3_Color	Hår bak 5
Pigtail_A5_Color	Hår Pigtail 9
Pigtail_A5_Gradient	Hår Pigtail 10
Pigtail_A2_Outline	Hår Pigtail Kontur 3 + 4
HairShine6_Outline	Hårglans Kontur 12
Antenna1_Outline	Antenn Kontur 1
AlertLike_Outline	Klistermärke Alert Kontur 4
FacialHair_A5_Outline	Ansiktshår A Kontur 5
Horn5_Outline	Horn Kontur 5
FrameHair_A8_Color	Hårinramning 15
FrameHair_A8_Gradient	Hårinramning 16
FrameHair_Top_Color	Hårinramning top
HairBang5_Middle_Color	Hårlugg >< 9
HairShine1_Outline	Hårglans Kontur 2
WingG1_Inner_Outline	Vinge Kontur 10 .2
VideoCamera	Videokamera
FrameHair_A7_Gradient	Hårinramning 14
FrameHair_A7_Color	Hårinramning 13
Index_Outline	Hand 1 .9
Mouth	Mun
TailC3_Outline	Svans Kontur 10
Wing2_Outline	Öronvinge Kontur 2
Wing1_Color	Öronvinge Kontur 1
WingC1_Upper_Color	Vinge Kontur 5 .1
Main7_Color	Outfit Inre 7
HairHighlight3_Color	Hårhöjdpunkt 3 << + 3 >>
HairHighlight4_Outline	Hårhöjdpunkt >< Kontur 1 + 2
ErrorPopup	Slutar fungera
TrashBinLid	Papperskorgen 2
BackHair1_Outline	Hår bak Kontur 1 + 2
BackHair2_Outline	Hår bak Kontur 3 + 4
Horn6_Color	Horn 6
HairBang7_Middle_Color	Hårlugg >< 13
little_Outline	Hand 1 .10
HornF1_Outline	Horn Front Kontur 1
TailC2_Outline	Svans Kontur 9
Outer2_Outline	Outfit yttre Kontur 2
BackHair3_Outline	Hår bak Kontur 5 + 6
Tongue_Shadow	Tunga Skugga
Blush	Ansiktsrodnad
FacialHair_B5_Color	Ansiktshår B 5 
Knife	Dregling (gaffel och kniv) 2
HairBang3_Side_Outline	Hårlugg Kontur 5 + 6
HairBang5_Side_Outline	Hårlugg Kontur 9 + 10
Horn7_Outline	Horn Kontur 7
PopcornBucket	Ät (popcorn) 1
Pigtail_A3_Outline	Hår Pigtail Kontur 5 + 6
Collar7_Color	Outfit Krage Inner 8
Hairband3_Color	Hårband B 1
Hammer	Hammare
TailE3_Outline	Svans Kontur 14
HairBang6_Side_Outline	Hårlugg Kontur 11 + 12
HairBang2_Side_Outline	Hårlugg Kontur 3 + 4
HairShine7_Outline	Hårglans Kontur 14
EyepatchBandage_Color	Ögonlapp 5 + 6
EyepatchBandage_Outline	Ögonlapp Kontur 5 + 6
HairbandBack1_Color	Hårband D 1
Hairband4_Outline	Hårband B Kontur 2
KeyboardKeyA	Skriv Normal 1
Thumb_Outline	Hand 1 .11
FacialHair_B3_Color	Ansiktshår B 3
Hairband2_Outline	Hårband A Kontur 2
HairbandBack1_Outline	Hårband D Kontur 1
TailB3_Color	Svans 5
FrameHair_A7_Outline	Hårinramning Kontur 13 + 14
FrameHair_A10_Color	Hårinramning 19
FrameHair_A10_Gradient	Hårinramning 20
FrameHair_A11_Outline	Hårinramning Kontur 21 + 22
FrameHair_A9_Color	Hårinramning 17
FacialHair_A3_Color	Ansiktshår A 3
BackHair1_Color	Hår bak 1
Laptop	Bärbar dator
SignRound	Runda tecken
HairBang1_Side_Color	Hårlugg 1
HairBang4_Side_Gradient	Hårlugg 8
HairBang5_Side_Color	Hårlugg 9
BackHair2_Color	Hår bak 3
Pigtail_A6_Outline	Hår Pigtail Kontur 11 + 12
Pigtail_A7_Outline	Hår Pigtail Kontur 13 + 14
Watermelon	Ät (vattenmelon)
Cheek2	Kind 2
HairClip6_Color	Hårklämma 6
Spoon	Anländer (med sked)
Tape	Tejpa
HatB2_Outline	Hatt Kontur 4
HairShine2_Outline	Hårglans Kontur 4
HairBang1_Side_Gradient	Hårlugg 2
HairBang2_Side_Color	Hårlugg 3
HairBang5_Side_Gradient	Hårlugg 10
BackHair2_Gradient	Hår bak 4
FrameHair_B3_Outline	Hårinramning Kontur 28
FaceFeatureC1	Ansiktsfunktion C 1
Pigtail_A8_Color	Hår Pigtail 15
NeckwearB4_Color	Outfit Neckwear B 4
WingE1_Lower_Color	Vinge 8 .3
PhoneScreen	Telefonskärm 3
AngrySteam	Klistermärke Steam
Outer1_Color	Outfit yttre 1
SideHair_Branch_C2_Outline	Hårsida Branch C Kontur 2
Hairband4_Color	Hårband B 2
Pigtail_A3_Color	Hår Pigtail 5
BackHair3_Gradient	Hår bak 6
HairBang2_Side_Gradient	Hårlugg 4
PixelSunglasses	Pixel solglasögon
HatB1_Color	Hatt 3
FacialHair_B3_Outline	Ansiktshår B Kontur 3
CapeBack1_Color	Baksidan av en kappa 1
HairShine1_Color	Hårglans 1 + 2
Palmar_Color	Hand 1 .12
Ahoge_B1_Color	Hår Ahoge 5
HatA2_Outline	Hatt Kontur 2
Pigtail_A5_Outline	Hår Pigtail Kontur 9 + 10
Pigtail_A3_Gradient	Hår Pigtail 6
HairBang3_Side_Color	Hårlugg 5
HairBang3_Side_Gradient	Hårlugg 6
HairShine4_Outline	Hårglans Kontur 8
BackHair1_Gradient	Hår bak 2
SignSquare	Fyrkantigt tecken
Horn4_Outline	Horn 4
PonytailB1_Gradient	Hår hästsvans 12
PonytailB1_Color	Hår hästsvans 11
FrameHair_A1_Outline	Hårinramning Kontur 1 + 2
Collar7_Outline	Outfit krage Kontur 8
NeckwearA3_Outline	Outfit Neckwear A Kontur 3
NeckwearA2_Outline	Outfit Neckwear A Kontur 2
TailA1_Outline	Svans Kontur 1
Horn3_Outline	Horn Kontur 3
Pigtail_A8_Gradient	Hår Pigtail 16
SunglassesReflection	Solglasögon reflektion
NeckwearA6_Color	Outfit Neckwear A 6
Tie2_Outline	Outfit Neckwear C Kontur 2
Halo4_Color	Halo 5 + 6
FrameHair_A6_Color	Hårinramning 11
Middle_Outline	Hand 1 .13
RedPacketCoin2	Rött paket 3
NeckwearB5_Color	Outfit Neckwear B 5
Eye1_HighlightCry	Öga 1 | Gråt
Collar3_Color	Outfit Krage Inner 3
TailC3_Color	Svans 10
ElfEar_Color	Öra 1.1
Surprise	Väggdekor Överraskning
Gill3_Outline	Gill Kontur 1 .3
Pigtail_A4_Gradient	Hår Pigtail 8
Pigtail_A1_Color	Hår Pigtail 1
Eye_U	Sömn (UU)
Cockroach	Kackerlacka
Halo3_Outline	Halo Kontur 3
Wing3_Outline	Öronvinge Kontur 3
Halo4_Outline	Halo Kontur 5 + 6
Wing3_Color	Öronvinge 3
WingD1_Outline	Vinge Kontur 6
FacialHair_A1_Color	Ansiktshår A 1
Ghost	Väggdekor Spöke
Hairband7_Outline	Hårband C Kontur 1
Horn6_Outline	Horn Kontur 6
HairHighlight3_Outline	Hårhöjdpunkt Kontur 3 << + 3 >>
Glasses_Frame2	Glasögon 2
NeckwearA4_Outline	Outfit Neckwear A Kontur 4
Ear_Color	Öra 1
HatB2_Color	Hatt 4
FacialHair_A4_Outline	Ansiktshår A Kontur 4
PonytailB1_Outline	Hår hästsvans Kontur 11 + 12
Collar1_Color	Outfit Krage Inner 1
CapeBack3_Outline	Baksidan av en kappa | Kappa Kontur 3
Pigtail_A1_Outline	Hår Pigtail Kontur 1 + 2
Tie2_Color	Outfit Neckwear C 2
TailE1_Color	Svans 12
PatHand	Pat Hand
Main6_Outline	Outfit Inre Kontur 6
Pigtail_A6_Color	Hår Pigtail 11
Card	Motsatt
FacialHair_A8_Color	Ansiktshår A 8
CapeBack2_Outline	Baksidan av en kappa | Kappa Kontur 2
CapeFront6_Color	Framsidan av en kappa 6
PonytailB2_Gradient	Hår hästsvans 14
Megaphone	Megafon
Glasses_Frame1	Glasögon 1
Pigtail_B1_Outline	Hår Pigtail Kontur 17 + 18
Eye1_Dollar	Ögondollar 1 + 2
FaceFeatureA1	Ansiktsfunktion A 1
Eye1_Heart	Ögat hjärta 1 + 2
Collar2_Color	Outfit Krage Inner 2
Pigtail_A6_Gradient	Hår Pigtail 12
FrameHair_B3_Gradient	Hårinramning 28
FrameHair_B3_Color	Hårinramning 27
FrameHair_TopBack_Outline	Hårinramning top Kontur 2
Horn5_Color	Horn 5
Fork	Dregling (gaffel och kniv) 1
SteeringWheel	Ratt
Hairband1_Color	Hårband A 1
HatB3_Outline	Hatt Kontur 5
FrameHair_A4_Color	Hårinramning 7
NeckwearB3_Color	Outfit Neckwear B 3
HammerEffect1	Hammare 1
HairHighlight6_Color	Hårhöjdpunkt >< 5 + 6
Pigtail_B2_Outline	Hår Pigtail Kontur 19 + 20
WingF1_Upper_Outline	Vinge Kontur 9 .1
Pigtail_A2_Gradient	Hår Pigtail 4
RedPacketCoin3	Rött paket 2
FrameHair_A9_Gradient	Hårinramning 18
TrashBin	Papperskorgen 1
FacialHair_A2_Outline	Ansiktshår A Kontur 2
Tongue1	Slicka | Tunga
HairShine4_Color	Hårglans 7 + 8
Toilet	Toalett
FrameHair_A5_Gradient	Hårinramning 10
CapeFront6_Outline	Framsidan av en kappa | Kappa Kontur 6
FrameHair_A5_Color	Hårinramning 9
CapeBack2_Color	Baksidan av en kappa 2
SunGlasses_Lens	Solglasögon Lens
FrameHair_A9_Outline	Hårinramning Kontur 17 + 18
Main8_Outline	Outfit Inre Kontur 8
Pigtail_A4_Color	Hår Pigtail 7
KeyboardKeyB	Skriv Normal 2
Tie3_Color	Outfit Neckwear C 3
Nose2	Näsa 2
FacialHair_A5_Color	Ansiktshår A 5
AlertCustom_Color	Klistermärke Alert 2
AlertCustom_Outline	Klistermärke Alert Kontur 2
SideHair_Branch_A2_Outline	Hårsida Branch A Kontur 2
Horn1_Color	Horn 1
Outer3_Outline	Outfit yttre Kontur 3
SideHair_Branch_B1_Outline	Hårsida Branch B Kontur 1
ElfEar_Outline	Öra Kontur 1.1
Outer4_Color	Outfit yttre 4
Outer3_Color	Outfit yttre 3
HairHighlight5_Outline	Hårhöjdpunkt >< Kontur 3 +4
SideHair_Branch_C1_Outline	Hårsida Branch C Kontur 1
Stylus	Nål
Tear2_Outline	Ögatår 3
Donut1	Donut 1
Donut2	Donut 2
SideHair_Branch_A1_Outline	Hårsida Branch A Kontur 1
Eye1_Light	Öga Irisljus 1 + 2
Angry2	Väggdekor Arg 2
WingF1_Upper_Color	Vinge 9 .1
NeckwearB2_Color	Outfit Neckwear B 1 + 2
SideHair_Branch_A1_Color	Hårsida Branch A 1
SignRoundText1	Runda tecken Text
Collar2_Outline	Outfit krage Kontur 2
MusicalNote2	Musiknot 2
FacialHair_B4_Color	Ansiktshår B 4
Mecha2_Color	Meka 2
Six	Nummer sex
PointHand	Peka Hand
HairClip8_Color	Hårklämma 8
FaceFeatureB1	Ansiktsfunktion B 1
Pigtail_B2_Gradient	Hår Pigtail 20
Main8_Color	Outfit Inre 8
Tear2_Color	Ögatår 2
Eye3_Dark	Öga Iris mörk 3
Outer4_Outline	Outfit yttre Kontur 4
Glasses_Lens1	Glasögon Lens 1
WingA3_Outline	Vinge Kontur 3
Ahoge_B2_Color	Hår Ahoge 6
CapeFront1_Outline	Framsidan av en kappa | Kappa Kontur 1
Cake	Tårta
WingD1_Color	Vinge 6
Pigtail_B1_Gradient	Hår Pigtail 18
Outer7_Color	Outfit yttre 7
Ahoge_B1_Outline	Hår Ahoge Kontur 5
HornM1_Outline	Horn fram >< Kontur 1
HornF2_Color	Horn fram 2
CapeFront4_Color	Framsidan av en kappa 4
FrameHair_Branch_A3_Color	Hårgren 3
Main2_Outline	Outfit Inre Kontur 2
Wing1_Outline	Öronvinge Kontur 1
WingD2_Upper_Outline	Vinge Kontur 7 .1
Mecha4_Color	Meka 4
Horn1_Outline	Horn Kontur 1
WingA2_Color	Vinge 2
EasterEggBasket	påsk 4
Mecha4_Outline	Meka Kontur 4
Antenna2_Color	Antenn 2
Mecha1_Color	Meka 1
Ahoge_A3_Outline	Hår Ahoge Kontur 3
Main1_Outline	Outfit Inre Kontur 1
Horn2_Color	Horn 2
HairBang4_Middle_Gradient	Hårlugg >< 8
CapeFront3_Color	Framsidan av en kappa 3
Notepad	Anteckningsblock
Outer5_Color	Outfit yttre 5
WingA3_Color	Vinge 3
WingB1_Color	Vinge 4
Pistol	Pistol
Horn7_Color	Horn 7
Bottle	Coke Shake
Outer6_Color	Outfit yttre 6
Laugh2	Väggdekor Skratt 2
FrameHair_B1_Gradient	Hårinramning 24
Outer5_Outline	Outfit yttre Kontur 5
FrameHair_Top_Outline	Hårinramning top Kontur
WingG1_Inner_Color	Vinge 10 .2
HairBang5_Middle_Outline	Hårlugg >< Kontur 9 + 10
Beer	Skål
HairBang4_Middle_Color	Hårlugg >< 7
TailE1_Outline	Svans Kontur 12
TailC2_Color	Svans 9
HornF2_Outline	Horn Kontur 9
HairBang2_Middle_Outline	Hårlugg >< Kontur 3 + 4
Ahoge_B2_Outline	Hår Ahoge Kontur 6
Bell	Klocka 2
FrameHair_Branch_A3_Outline	Hårgren Kontur 3
FrameHair_A3_Color	Hårinramning 5
FrameHair_A3_Gradient	Hårinramning 6
Horn2_Outline	Horn Kontur 2
Outer6_Outline	Outfit yttre Kontur 6
WingD2_Upper_Color	Vinge 7 .1
Antenna2_Outline	Antenn Kontur 2
TailB5_Outline	Svans Kontur 7
HairBang5_Middle_Gradient	Hårlugg >< 10
HairBang1_Middle_Color	Hårlugg >< 1
QuestionMark	Klistermärke frågetecken
Horn3_Color	Horn 3
SignSquareText1	Fyrkantig teckentext
Antenna1_Color	Antenn 1
FrameHair_A2_Gradient	Hårinramning 4
HairHighlight1_Outline	Hårhöjdpunkt Kontur 1 << + 1 >>
TailD1_Color	Svans 11
HairBang6_Middle_Outline	Hårlugg >< Kontur 11 + 12
HairBang7_Middle_Gradient	Hårlugg >< 14
HairBang6_Middle_Color	Hårlugg >< 11
HairBang6_Middle_Gradient	Hårlugg >< 12
CapeFront4_Outline	Framsidan av en kappa | Kappa Kontur 4
FrameHair_A2_Color	Hårinramning 3
FacialHair_A1_Outline	Ansiktshår A Kontur 1
HairBang1_Middle_Gradient	Hårlugg >< 2
HornM1_Color	Horn fram >< 1
TailB4_Color	Svans 6
TailB2_Color	Svans 4
Pigtail_B2_Color	Hår Pigtail 19
Fin1_Color	Fena 1
TailB3_Outline	Svans Kontur 5
Halo1_Color	Halo 1
TailB2_Outline	Svans Kontur 4
FrameHair_A3_Outline	Hårinramning Kontur 5 + 6
FrameHair_B1_Color	Hårinramning 23
HairClip7_Color	Hårklämma 7
FacialHair_A6_Color	Ansiktshår A 6
FacialHair_A3_Outline	Ansiktshår A 3
Halo1_Outline	Halo Kontur 1
Hairband7_Color	Hårband C 1
Keyboard	Skriv Normal 3
FrameHair_A6_Outline	Hårinramning Kontur 11 + 12
VolumeOff	Dekalvolym 2
PalmarGlove1_Color	Hand 2 .2
FacialHair_A6_Outline	Ansiktshår A Kontur 6
TailB1_Outline	Svans Kontur 3
Pigtail_A1_Gradient	Hår Pigtail 2
FrameHair_A4_Gradient	Hårinramning 8
KitchenKnife	Kökskniv
Halo2_Color	Halo 2
FrameHair_A6_Gradient	Hårinramning 12
HairShine5_Color	Hårglans 9 + 10
FrameHair_B2_Color	Hårinramning 25
FacialHair_B1_Outline	Ansiktshår B Kontur 1
Main3_Outline	Outfit Inre Kontur 3
Main4_Outline	Outfit Inre Kontur 4
Main7_Outline	Outfit Inre Kontur 7
HatA2_Color	Hatt 2
Pigtail_C2_Outline	Hår Pigtail Kontur 23 + 24
Main1_Color	Outfit Inre 1
Eyepatch2_Outline	Ögonlapp Kontur 3 + 4
SideHair_Branch_C2_Color	Hårsida Branch C 2
HairHighlight6_Outline	Hårhöjdpunkt >< Kontur 5 + 6
SideHair_Branch_C1_Color	Hårsida Branch C 1
Eyepatch1_Outline	Ögonlapp Kontur 1 + 2
AlertCoin_Outline	Klistermärke Alert Kontur 3
Eye_Dum_Outline	Öga (Dum) Kontur 1 + 2
FrameHair_Branch_A2_Outline	Hårgren Kontur 2
Main5_Color	Outfit Inre 5
Pompom	Pompom
HairClip10_Outline	Hårklämma Kontur 10
WaveHand	Våga Hand
HeartItem	Hjärta
FrameHair_Branch_A2_Color	Hårgren 2
FrameHair_Branch_A1_Outline	Hårgren Kontur 1
Eye_Dum_Color	Ögonvit
AlertCoin_Color	Klistermärke Alert 3
Button	Knapp
SideHair_Branch_B2_Outline	Hårsida Branch B Kontur 2
Face_Shadow	Ansiktsskugga
AlertStar_Outline	Klistermärke Alert Kontur 5
Pigtail_C1_Outline	Hår Pigtail Kontur 21 + 22
AlertHeart_Outline	Klistermärke Alert Kontur 1
AlertLike_Color	Klistermärke Alert 4
AlertStar_Color	Klistermärke Alert 5
Sleep	Väggdekor Sömn
Square	Dörr/Vägg | fängelsegaller | Filt Ytter
SideHair_Branch_A2_Color	Hårsida Branch A 2
Beverage	Dryckeskopp 3
HairClip8_Outline	Hårklämma Kontur 8
HairClip9_Outline	Hårklämma Kontur 9
GiftBox	Gåva 1
Mecha5_Outline	Meka Kontur 5
WingC1_Lower_Color	Vinge 5 .2
Gill3_Color	Gill 1 .3
FacialHair_B6_Outline	Ansiktshår B Kontur 6
HairClip10_Color	Hårklämma 10
SideHair_Branch_B2_Color	Hårsida Branch B 2
SideHair_Branch_B1_Color	Hårsida Branch B 1
Bowl	Skål
Pigtail_C1_Color	Hår Pigtail 21
Pigtail_C1_Gradient	Hår Pigtail 22
HairClip7_Outline	Hårklämma Kontur 7
HairHighlight5_Color	Hårhöjdpunkt >< 3 + 4
HairClip6_Outline	Hårklämma Kontur 6
Bill1	Fakturera 1
LubricantSpray	Spray
Ahoge_A1_Outline	Hår Ahoge Kontur 1
Gill1_Outline	Gill Kontur 1 .1
FacialHair_B6_Color	Ansiktshår B 6 
Heart	Väggdekor Hjärta
Popper	Popper
Pencil	Penna
Ahoge_A3_Color	Hår Ahoge 3
BeverageCup	Dryckeskopp
Mouth_Popcat2	Popcat | Mun 2
HairClip9_Color	Hårklämma 9
AlertBits_Color	Klistermärke Alert 6
Seven	Nummer sju
PhoneFront	Telefon 1
Gill2_Outline	Gill Kontur 1 .2
FrameHair_B2_Outline	Hårinramning Kontur 25 + 26
NeckwearB7_Outline	Outfit Neckwear B Kontur 7
Angry1	Väggdekor Arg 1
Cup	Kopp
Phone	Telefon 2
Palmar_Outline	Hand 1 .14
FrameHair_B1_Outline	Hårinramning Kontur 23 + 24
WingD2_Lower_Color	Vinge 7 .2
HairClip11_Outline	Hårklämma Kontur 11
RedPacket	Rött paket 1
HairClip12_Outline	Hårklämma Kontur 12
Gill1_Color	Gill 1 .1
Eye1_Dark	Öga Iris mörk 1 + 2
NeckwearB3_Outline	Outfit Neckwear B Kontur 3
LightBulb	Klistermärke Glödlampa
Mecha3_Color	Meka 3
Mecha6_Outline	Meka Kontur 6
Ahoge_A1_Color	Hår Ahoge 1
WingA1_Outline	Vinge Kontur 1
RedPacketCoin1	Rött paket 5
SweatBlue	Väggdekor Svett Large
HornF1_Color	Horn fram 1
Sparkle	Glimt
Ahoge_A2_Outline	Hår Ahoge Kontur 
FaceFeatureC2	Ansiktsfunktion C 2
Glove1_Outline	Handske Kontur
PalmGlove1_Color	Hand 2 .3
PalmGlove1_Outline	Hand 2 .4
FacialHair_B2_Outline	Ansiktshår B 2
Mecha6_Color	Meka 6
CapeFront1_Color	Framsidan av en kappa 1
HairClip4_Color	Hårklämma 4
NeckwearB1_Color	Outfit Neckwear B 2
Cheek1	Kind 1
Lubricant	Smörjmedel
Ahoge_A4_Outline	Hår Ahoge Kontur 4
Angry3	Väggdekor Arg 3
Microphone	Mikrofon
NeckwearB4_Outline	Outfit Neckwear B Kontur 4
WingE1_Middle_Outline	Vinge Kontur 8 .2
FacialHair_B2_Color	Ansiktshår B 2
Collar4_Outline	Outfit krage Kontur 4
TailF3_Outline	Svans Kontur 17
Donut4	Donut 4
Laugh3	Väggdekor Skratt 3
Tear1	Ögatår 1
NeckwearA6_Outline	Outfit Neckwear A Kontur 6
Confetti1	Konfetti 4
Eye_Dum_Pupil	Öga (Dum) Pupill
NeckwearB2_Outline	Outfit Neckwear B Kontur 1 + 2
FrameHair_B4_Color	Hårinramning 29
FrameHair_B4_Gradient	Hårinramning 30
NeckwearB6_Outline	Outfit Neckwear B Kontur 6
Eye_Popcat_Dark	Dum 3 | Öga | Popcat ram 2
HairClip2_Outline	Hårklämma Kontur 2
FrameHair_B2_Gradient	Hårinramning 26
Hand_Outline	Hand 1 .15
Glove1_Color	Handske
NeckwearA1_Outline	Outfit Neckwear A Kontur 1
WingE1_Lower_Outline	Vinge Kontur 8 .3
Mouse	Mus
Collar5_Color	Outfit Krage Inner 5
Tie1_Outline	Outfit Neckwear C Kontur 1
Eyebag	Ögonpåse
WingG1_Outter_Outline	Vinge Kontur 10 .1
Laugh1	Väggdekor Skratt 1
Popcorn	Ät (popcorn) 2
NeckwearA5_Outline	Outfit Neckwear A Kontur 5
BeverageLiquid	Dryckesvätska
Eye3_HighlightCry	Öga 3 | Gråt
Eye3_Sparkling	Glittrande öga 3
Confetti2	Konfetti 5
Eye3_Spiral	Ögonspiral 3
FacialHair_B1_Color	Ansiktshår B 1
PhoneScreenPattern2	Telefonskärm 2
VolumeOn	Dekalvolym 3
FacialHair_B4_Outline	Ansiktshår B Kontur 4
Collar5_Outline	Outfit krage Kontur 5
WingEL_Lower_WeightTransfer	Vinge >> 15 .3
NeckwearB1_WeightTransfer	Outfit Neckwear B 8
FloatingL_WeightTransfer	Meka >> 7
HairBang_SideL_WeightTransfer	Hårlugg >> 13
FloatingR_WeightTransfer	Meka << 7
Glasses_WeightTransfer	Glasögon 4
AhogeA_WeightTransfer	Hår Ahoge 7
BackHair_WeightTransfer	Hår bak 7
AnimalEarBL_WeightTransfer	Djuröra >> 11
EyepatchA_WeightTransfer	Ögonlapp 7
TailD_WeightTransfer	Svans 22
HairBang_Middle_WeightTransfer	Hårlugg >< 15
Face_WeightTransfer	Ansiktsfunktion C 3
NeckwearB2_WeightTransfer	Outfit Neckwear B 9
EarringBR_WeightTransfer	Örhänge << 12
EarringBL_WeightTransfer	Örhänge >> 12
NeckwearC_WeightTransfer	Outfit Neckwear C 4
HatC_WeightTransfer	Hatt 11
TailFSoft_WeightTransfer	Svans 25
TailFHard_WeightTransfer	Svans 24
EarringAR_WeightTransfer	Örhänge << 11
EarringAL_WeightTransfer	Örhänge >> 11
HatA_WeightTransfer	Hatt 9
LegR_WeightTransfer	Ben << 2
LegL_WeightTransfer	Ben >> 2
HatD_WeightTransfer	Hatt 12
FrameHair_WeightTransfer	Hårinramning >< 
TailE_WeightTransfer	Svans 23
TailA_WeightTransfer	Svans 19
SideHairB_WeightTransfer	Hårsida 34
SideHairA_WeightTransfer	Hårsida 33
PonytailA_WeightTransfer	Hår hästsvans 15
WingER_Upper_WeightTransfer	Vinge << 15 .1
WingER_Middle_WeightTransfer	Vinge << 15 .2
OutfitOuter_WeightTransfer	Outfit yttre 8
WingAL_WeightTransfer	Vinge >> 11
PalmarL_WeightTransfer	Hand >> 3 .5
HeadWingAL_WeightTransfer	Öronvinge >> 4
BrowL_WeightTransfer	Bryn >> 10
BrowR_WeightTransfer	Bryn << 10
MustacheA_WeightTransfer	Ansiktshår B 7
TailC_WeightTransfer	Svans 21
FrameHair_BranchL_WeightTransfer	Hårgren >> 4
HandL_Middle_WeightTransfer	Hand >> 3 .1
HandL_Thumb_WeightTransfer	Hand >> 3 .2
NeckwearA_WeightTransfer	Outfit Neckwear A 7
WingER_Lower_WeightTransfer	Vinge << 15 .3
WingEL_Upper_WeightTransfer	Vinge >> 15 .1
WingGL_Outter_WeightTransfer	Vinge >> 17 .1
WingCL_Upper_WeightTransfer	Vinge >> 13 .1
WingGR_Inner_WeightTransfer	Vinge << 17 .2
WingCR_Upper_WeightTransfer	Vinge << 13 .1
EarL_WeightTransfer	Öra 2 >>
EarR_WeightTransfer	Öra 2 <<
CapeBack_WeightTransfer	Baksidan av en kappa 4
CapeFront_WeightTransfer	Framsidan av en kappa 7
WingEL_Middle_WeightTransfer	Vinge >> 15 .2
WingFR_Upper_WeightTransfer	Vinge << 16 .1
AntennaR_WeightTransfer	Antenn << 3
AnimalEarAR_WeightTransfer	Djuröra << 10
WingDL_WeightTransfer	Vinge >> 14
AnimalEarCL_WeightTransfer	Djuröra >> 12
WingGL_Inner_WeightTransfer	Vinge >> 17 .2
Halo_WeightTransfer	Halo 7
FinR_WeightTransfer	Fena << 2
HatB_WeightTransfer	Hatt 10
AnimalEarAL_WeightTransfer	Djuröra >> 10
TailB_WeightTransfer	Svans 20
HandL_Little_WeightTransfer	Hand >> 3 .3
HandL_Index_WeightTransfer	Hand >> 3 .4
FinL_WeightTransfer	Fena >> 2
AntennaL_WeightTransfer	Antenn >> 3
PonytailAR_WeightTransfer	Hår Pigtail << 25
OutfitInner_WeightTransfer	Outfit Inre 9
MustacheB_WeightTransfer	Ansiktshår B 8
PonytailB_WeightTransfer	Hår hästsvans 16
HairBandA_WeightTransfer	Hårband A 3
HairBang_SideR_WeightTransfer	Hårlugg << 13
EyepatchB_WeightTransfer	Ögonlapp 8
WingFL_Lower_WeightTransfer	Vinge >> 16 .2
WingBL_WeightTransfer	Vinge >> 12
PonytailCL_WeightTransfer	Hår Pigtail >> 26
HairbandB_WeightTransfer	Hårband B 5
BeardA_WeightTransfer	Ansiktshår A 9
PonytailAL_WeightTransfer	Hår Pigtail >> 25
AnimalEarBR_WeightTransfer	Djuröra << 11
EyelashR_WeightTransfer	Öga 4 | Ögonfransar <<
GillR_WeightTransfer	Gill << 2
PiercingAL_WeightTransfer	Piercing A >> 6
PiercingAR_WeightTransfer	Piercing A << 6
WingFR_Lower_WeightTransfer	Vinge << 16 .2
WingFL_Upper_WeightTransfer	Vinge >> 16 .1
HairBandC_WeightTransfer	Hårband D 3
HornL_WeightTransfer	Horn >> 8
HornR_WeightTransfer	Horn << 8
EyelashL_WeightTransfer	Öga 4 | Ögonfransar >>
GillL_WeightTransfer	Gill >> 2
HornFrontL_WeightTransfer	Horn fram >> 3
HornFrontR_WeightTransfer	Horn fram << 3
WingDR_WeightTransfer	Vinge << 14
FrameHair_BranchR_WeightTransfer	Hårgren << 4
HeadWingAR_WeightTransfer	Öronvinge << 4
HornFrontM_WeightTransfer	Horn fram >< 2
WingGR_Outter_WeightTransfer	Vinge << 17 .1
EyeDollarR_WeightTransfer	Ögondollar << 4 + 5
EyeHeartL_WeightTransfer	Ögat hjärta >> 4 + 5
EyeHeartR_WeightTransfer	Ögat hjärta << 4 + 5
EyeHighlightCryL_WeightTransfer	Öga 4 + 5 >> | Gråt
EyeHighlightCryR_WeightTransfer	Öga 4 + 5 << | Gråt
EyeL_WeightTransfer	Öga >> 4 + 5
EyeR_WeightTransfer	Öga << 4 + 5
EyeSparklingL_WeightTransfer	Glittrande öga >> 4 + 5
EyeSparklingR_WeightTransfer	Glittrande öga << 4 + 5
EyeSpiralL_WeightTransfer	Ögonspiral >> 4 + 5
EyeSpiralR_WeightTransfer	Ögonspiral << 4 + 5
AnimalEarCR_WeightTransfer	Djuröra << 12
WingAR_WeightTransfer	Vinge << 11
PonytailCR_WeightTransfer	Hår Pigtail << 26
PiercingBL_WeightTransfer	Piercing B >> 6
PiercingBR_WeightTransfer	Piercing B << 6
HandL_WeightTransfer	Hand >> 3
HandR_Index_WeightTransfer	Hand << 3 .4
HandR_Little_WeightTransfer	Hand << 3 .3
HandR_Middle_WeightTransfer	Hand << 3 .1
HandR_Thumb_WeightTransfer	Hand << 3 .2
HandR_WeightTransfer	Hand << 3
PalmarR_WeightTransfer	Hand << 3 .5
WingCL_Lower_WeightTransfer	Vinge >> 13
WingCR_Lower_WeightTransfer	Vinge << 13
WingBR_WeightTransfer	Vinge << 12
EyeDollarL_WeightTransfer	Ögondollar >> 4 + 5
ClownWig	Clown 1
FireA1	Brand
ElectricFan	Elektrisk fläkt
Cheese	Ost
ElectricFanBlades	Elektriska fläktblad
Guitar_Outline	Gitarr Kontur
Guitar_Color1	Gitarrfärg 1
PaperFanSticks	Fällbar fläkt 2
PaperFanLeaf	Fällbar fläkt 1
Stool	Pall
Slipper	Toffel
Guitar_Color2	Gitarrfärg 2
WinkStar	Blinkning Star
ClownNose	Clown 2
Guitar_Color3	Gitarrfärg 3
SideHairA7_Color	Hårsida 13
PonytailA3_Gradient	Hår hästsvans 6
SideHairA2_Gradient	Hårsida 4
SideHairB5_Color	Hårsida 25
SideHairB3_Gradient	Hårsida 22
PonytailA2_Outline	Hår hästsvans Kontur 3 + 4
PonytailB2_Outline	Hår hästsvans Kontur 13 + 14
PonytailB2_Color	Hår hästsvans 13
Outer7_Outline	Outfit yttre Kontur 7
Outer1_Outline	Outfit yttre Kontur 1
Hand_Color	Hand 1
LaptopLight3	Ljus för bärbar dator 3
Finger	Gnid 1
Scissor	Klipp (sax)
BoopHand	Boop
Trophy	Trofé 1
ProgressBar	Förloppsindikator Behållare
Progress	Förloppsindikator Fyll
