SpriteName	Th
FaceFeatureB5	ลักษณะใบหน้า B 5
PiercingA5_Color	เจาะเอ 5
Loading	กำลังโหลดสติ๊กเกอร์
Nose3	จมูก 3
CapeFront3_Outline	แหลมหน้า | โครงร่างเคป 3
CockroachLeg	แมลงสาบ 1
EarringA5_Color	ต่างหู 5
Eye2_Highlight	ไฮไลท์ตา 2
Angry4	สติกเกอร์โกรธ 4
AnimalEar1_Front_Outline	เส้นร่างหูสัตว์ 1
Main5_Outline	เส้นร่างชุดด้านใน 5
ExclamationMark	สติกเกอร์เครื่องหมายอัศเจรีย์
Mouth_Line	ถ้วยเครื่องดื่ม | ปาก
Eye3_Dollar	ตา(ดอลลาร์) 3
HairShine7_Color	ไฮไลต์ผม 13 + 14
WingG1_Outter_Color	ปีก 10 .1
Eye1_Upperlid	ขนตา 1 .1
WingE1_Middle_Color	ปีก 8 .2
TailE2_Color	หาง 13
SweatWhite	สติกเกอร์เหงื่อตก
Collar6_String	เชือกเสื้อฮู้ด 7
PonytailA5_Color	ผมหางม้า 9
FrameHair_A10_Outline	เส้นร่างผมด้านข้าง 19
HairBang6_Side_Color	ผมหน้าม้า 11
SideHairA5_Outline	เส้นร่างผมด้านข้าง 9 + 10
SideHairA3_Color	ผมด้านข้าง 5
FrameHair_A5_Outline	เส้นร่างผมด้านข้าง 9 + 10
Pigtail_A2_Color	มัดผม 3
SideHairB8_Outline	เส้นร่างผมด้านข้าง 31 + 32
SideHairA3_Outline	เส้นร่างผมด้านข้าง 5 + 6 
PonytailA1_Color	ผมหางม้า 1
PonytailA5_Gradient	ผมหางม้า 10
BellClapper	กระดิ่ง 1
EarringA5_Outline	ต่างหู โครงร่าง 5
HairShine5_Outline	เส้นร่างไฮไลต์ผม 10
Nose1	จมูก 1
HairClip5_Color	กิ๊บติดผม 5
TailC1_Color	หาง 8
PonytailA5_Outline	โครงร่างผมหางม้า 9 + 10
WingB1_Outline	เส้นร่างปีก 4
AlertClick	สติกเกอร์ Alert Effect
HairClip13_Color	กิ๊บติดผม 13
SideHairA7_Outline	เส้นร่างผมด้านข้าง 13 + 14
SideHairA6_Outline	เส้นร่างผมด้านข้าง 11 + 12
CreditCard	รูดบัตร
Hand_Line2	มือ 1 .1
Eye1_Highlight	ไฮไลท์ตา 1
EarringA1_Color	ต่างหู 1
Brow1	คิ้ว 1
FaceFeatureB2	ลักษณะใบหน้า B 2
CortisolMeter	เต้นรำ (คอร์ติซอลต่ำ) 2
HairBang1_Side_Outline	เส้นร่างผมหน้าม้า 1 + 2
Hairline	ฐานผม 1
EarringB1_Color	ต่างหู 6
Palmar_Line2	มือ 1 .2
StrawLiquid_Color	ของเหลวเครื่องดื่ม 2
Mecha5_Color	ส่วนหุ่นยนต์ 5
HairClip13_Outline	เส้นร่างกิ๊บติดผม 13
EasterEgg3	อีสเตอร์ 3
Collar3_Outline	เส้นร่างปกเสื้อ 3
HairHighlight4_Color	ชิ้นส่วนผม >< 1 + 2
Tongue2	ปาก/ลิ้น | เลีย
FaceFeatureA3	ลักษณะใบหน้า A 3
AnimalEar4_Outline	เส้นร่างหูสัตว์ 4
SideHairB8_Gradient	ผมด้านข้าง 32
PonytailA4_Outline	โครงร่างผมหางม้า 7 + 8
HatD1_Outline	เส้นร่างหมวก 8
GasBottle	ถังแก๊ส
SideHairA2_Outline	เส้นร่างผมด้านข้าง 3 + 4
SideHairB5_Outline	เส้นร่างผมด้านข้าง 25 + 26
FacialHair_A4_Color	ขนบนใบหน้า A 4
EarringA2_Color	ต่างหู 2
Eye3_Light	ตา(สีอ่อน) 3
AnimalEar1_Back_Outline	เส้นร่างหูสัตว์ 1 .1
CapeFront5_Outline	แหลมหน้า | โครงร่างเคป 5
SideHairB8_Color	ผมด้านข้าง 31
HairShine6_Color	ไฮไลต์ผม 11 + 12
Hairband5_Outline	เส้นร่างที่คาดผม B 3
CapeBack1_Outline	เคปแบ็ค | โครงร่างเคป 1
Halo3_Color	Halo 3
Eye3_Eyelash	ขนตา 3
Leg	ขา 1
Thumb_Color	มือ 1 .3
HairShine2_Color	ไฮไลต์ผม 3 + 4
Hairband1_Outline	เส้นร่างที่คาดผม A 1
Brow7	คิ้ว 7
Palmar_Line1	มือ 1 .4
PiercingA3_Color	เจาะเอ 3
Pigtail_A7_Color	มัดผม 13
SideHairA3_Gradient	ผมด้านข้าง 6
SideHairA8_Outline	เส้นร่างผมด้านข้าง 15 + 16
PonytailA3_Outline	โครงร่างผมหางม้า 5 + 6
TailF2_Outline	เส้นร่างหาง 16
Ear_Outline	เส้นร่างหู 1
HairClip11_Color	กิ๊บติดผม 11
TailC1_Outline	เส้นร่างหาง 8
Cheek3	แก้ม 3
Eye_Popcat_Light	หน้าโง่ 3 | ตา | Popcat
CandleFire	เปลวเทียน
PiercingA4_Outline	เจาะ โครงร่าง 4
NeckwearA2_Color	เครื่องประดับคอ A 2
little_Color	มือ 1 .5
PiercingA1_Color	เจาะเอ 1
PhoneLight	แสงโทรศัพท์มือถือ
ShakeLine1	กลัว 1
Eye2_Upperlid	ขนตา 2 .1
NeckwearA3_Color	เครื่องประดับคอ A 3
Brow9	คิ้ว 9
EarringA1_Outline	ต่างหู โครงร่าง 1
TailA2_Outline	เส้นร่างหาง 2
Drooling	น้ำลายไหล
PiercingA4_Color	เจาะเอ 4
PonytailA3_Color	ผมหางม้า 5
PonytailA2_Gradient	ผมหางม้า 4
AnimalEar7_Outline	เส้นร่างหูสัตว์ 7
Brow6	คิ้ว 6
PopperConfetti2	คอนเฟตตี้ 2
Swatter	ไม้ตี
Fin1_Outline	เส้นร่างครีบ
HairShine3_Color	ไฮไลต์ผม 5 + 6
TailB1_Color	หาง 3
HammerEffect2	ค้อน 2
Mecha1_Outline	เส้นร่างส่วนหุ่นยนต์ 1
Pigtail_A4_Outline	เส้นร่างมัดผม 7 + 8
HatC1_Outline	เส้นร่างหมวก 6 + 7
Pigtail_B1_Color	มัดผม 17
Flash	ปืนแฟลช
Brow4	คิ้ว 4
CortisolMeterPointer	เต้นรำ (คอร์ติซอลต่ำ) 1
Hand_Line1	มือ 1 .6
RedPacketCoin4	อั่งเปา 4
Cheek4	แก้ม 4
FaceFeatureB3	ลักษณะใบหน้า B 3
Brow2	คิ้ว 2
StickyNote	Sticky Note
Loading_Outline	กำลังโหลดสติ๊กเกอร์ 2
Collar6_Outline	เส้นร่างปกเสื้อ 6 + 7
CapeBack3_Color	เคปแบ็ค 3
SideHairB6_Outline	เส้นร่างผมด้านข้าง 27 + 28
PonytailA1_Outline	โครงร่างผมหางม้า 1 + 2
PonytailA2_Color	ผมหางม้า 3
SideHairA2_Color	ผมด้านข้าง 3
GiftBoxLid	ของขวัญ 2
Collar4_Color	ปกเสื้อด้านใน 4
WingE1_Upper_Color	ปีก 8 .1
WingA1_Color	ปีก 1
FrameHair_B4_Outline	เส้นร่างผมด้านข้าง 29 + 30
FrameHair_Branch_A1_Color	ปอยผม 1
SideHairA7_Gradient	ผมด้านข้าง 14
Wing2_Color	หูปีก 2
TailA1_Color	หาง 1
Eye3_Heart	ตา(หัวใจ) 3
FrameHair_A8_Outline	เส้นร่างผมด้านข้าง 15 + 16
DrawingTablet	แท็บเล็ต
FaceFeatureA2	ลักษณะใบหน้า A 2
PiercingA2_Color	เจาะเอ 2
Eye_Popcat_Highlight	Popcat | ไฮไลท์ตา
Hairband3_Outline	เส้นร่างที่คาดผม B 1
NeckwearB6_Color	เครื่องประดับคอ B 6
Mouth_Popcat1	Popcat | ปาก 1
Rose	ดอกกุหลาบ
HairbandBack2_Outline	เส้นร่างที่คาดผม D 2
Mecha2_Outline	เส้นร่างส่วนหุ่นยนต์ 2
SideHairA8_Gradient	ผมด้านข้าง 16
NeckwearB7_Color	เครื่องประดับคอ B 7
Donut3	โดนัท 3
NeckwearB5_Outline	เส้นร่างเครื่องประดับคอ B 5
StickyNoteText	ข้อความบน Sticky Note
SideHairA6_Gradient	ผมด้านข้าง 12
PonytailA4_Gradient	ผมหางม้า 8
Ahoge_A4_Color	ผม Ahoge 4
Gill2_Color	เหงือก 1 .2
FacialHair_A7_Outline	โครงร่างขนบนใบหน้า A 7
HatC1_Color	หมวก 6 + 7
SideHairA5_Color	ผมด้านข้าง 9
LightStickHandle	ด้ามจับของแท่งไฟ
Eye1_Spiral	ตา(Spiral) 1 + 2
EasterEgg2	อีสเตอร์ 2
EasterEgg1	อีสเตอร์ 1
HairClip5_Outline	เส้นร่างกิ๊บติดผม 5
SideHairA8_Color	ผมด้านข้าง 15
HairHighlight2_Outline	เส้นร่างชิ้นส่วนผม 2 << + 2 >>
Ahoge_A2_Color	ผม Ahoge 2
SideHairB7_Outline	เส้นร่างผมด้านข้าง 29 + 30
AlertBits_Outline	สติกเกอร์ Alert Outline 6
SunGlasses_Frame	แว่นกันแดด
PonytailA4_Color	ผมหางม้า 7
HairHighlight2_Color	ชิ้นส่วนผม 2 << + 2 >>
SideHairA5_Gradient	ผมด้านข้าง 10
SideHairA6_Color	ผมด้านข้าง 11
HairbandBack2_Color	ที่คาดผม D 2
NeckwearB1_Outline	เส้นร่างเครื่องประดับคอ B 2
HairClip3_Outline	เส้นร่างกิ๊บติดผม 3
Bill2	แบงก์เงิน 2
Volume	สติกเกอร์ ระดับเสียง
FrameHair_A1_Color	ผมด้านข้าง 1 
FrameHair_A2_Gradient	ผมด้านข้าง 2 
Pigtail_C2_Color	มัดผม 23
Pigtail_C2_Gradient	มัดผม 24
WingF1_Lower_Outline	เส้นร่างปีก 9 .2
Glasses_Frame3	แว่นตา 3
WingA2_Outline	เส้นร่างปีก 2
PalmarGlove1_Outline	มือ 2 .1
Eye1_Sparkling	ตา(ประกาย) 1
SideHairB2_Color	ผมด้านข้าง 19
SideHairB2_Gradient	ผมด้านข้าง 20
SideHairA1_Outline	เส้นร่างผมด้านข้าง 1 + 2
EarringA3_Color	ต่างหู 3
EarringA4_Color	ต่างหู 4
TailF_Outline	เส้นร่างหาง 15 + 16 + 17 + 18 + 24 + 25
Halo2_Outline	เส้นร่าง Halo 2
HairBang4_Side_Outline	เส้นร่างผมหน้าม้า 7 + 8
TailD1_Outline	เส้นร่างหาง 11
Pigtail_A8_Outline	เส้นร่างมัดผม 15 + 16
HairBang4_Middle_Outline	เส้นร่างผมหน้าม้า >< 4
SideHairB2_Outline	เส้นร่างผมด้านข้าง 19 + 20
ShakeLine2	กลัว 2
EarringB2_Color	ต่างหู 7
TailA2_Color	หาง 2
TailF_Color	หาง 15 + 16 + 17 + 18 + 24 + 25
SideHairB6_Color	ผมด้านข้าง 27
Controller	คอนโทรลเลอร์
HairBang3_Middle_Gradient	ผมหน้าม้า >< 6
HairBang3_Middle_Color	ผมหน้าม้า >< 5
Horn4_Color	เขา 4
HatD1_Color	หมวก 8
PonytailA1_Gradient	ผมหางม้า 2
SideHairB4_Outline	เส้นร่างผมด้านข้าง 23 + 24
SideHairB6_Gradient	ผมด้านข้าง 28
EarringA4_Outline	ต่างหู โครงร่าง 4
PopperConfetti1	คอนเฟตตี้ 1
Collar1_Outline	เส้นร่างปกเสื้อ 1
FacialHair_B5_Outline	โครงร่างขนบนใบหน้า B 5
EarringA2_Outline	ต่างหู โครงร่าง 2
TailF4_Outline	เส้นร่างหาง 18
LightStickLight	แท่งไฟ
HatA1_Outline	เส้นร่างหมวก 1 + 2
SideHairB1_Outline	เส้นร่างผมด้านข้าง 17 + 18
HairClip3_Color	กิ๊บติดผม 3
NeckwearA4_Color	เครื่องประดับคอ A 4
NeckwearA5_Color	เครื่องประดับคอ A 5
WingC1_Lower_Outline	เส้นร่างปีก 5 .2
FrameHair_A2_Outline	เส้นร่างผมด้านข้าง 3 + 4
HatB1_Outline	เส้นร่างหมวก 3
MagicWand	มายากล
HairBang2_Middle_Color	ผมหน้าม้า >< 3
HairBang2_Middle_Gradient	ผมหน้าม้า >< 4
Hairband5_Color	ที่คาดผม B 3
TailE2_Outline	เส้นร่างหาง 13
Brow5	คิ้ว 5
Tie1_Color	เครื่องประดับคอ C 1
WingF1_Lower_Color	ปีก 9 .2
FrameHair_A4_Outline	เส้นร่างผมด้านข้าง 7 + 8
PryBar	ชะแลง
FacialHair_A2_Color	ขนบนใบหน้า A 2
Outer2_Color	ชุดด้านนอก 2
Tie3_Outline	เส้นร่างเครื่องประดับคอ C 3
TailB4_Outline	เส้นร่างหาง 6
HairShine3_Outline	เส้นร่างไฮไลต์ผม 6
AlertHeart_Color	สติกเกอร์ Alert 1
WingD2_Lower_Outline	เส้นร่างปีก 7 .2
SideHairA1_Color	ผมด้านข้าง 1
HatA1_Color	หมวก 1 + 2
SideHairB3_Color	ผมด้านข้าง 21
FrameHair_A11_Gradient	ผมด้านข้าง 22
FrameHair_A11_Color	ผมด้านข้าง 21
SideHairB4_Gradient	ผมด้านข้าง 24
SideHairA4_Outline	เส้นร่างผมด้านข้าง 7 + 8
SideHairA1_Gradient	ผมด้านข้าง 2
CapeFront2_Color	แหลมหน้า 2
CapeFront5_Color	แหลมหน้า 5
CapeFront2_Outline	แหลมหน้า | โครงร่างเคป 2
SideHairB3_Outline	เส้นร่างผมด้านข้าง 21 + 22
SideHairB4_Color	ผมด้านข้าง 23
SideHairB5_Gradient	ผมด้านข้าง 26
TailB5_Color	หาง 7
WingC1_Upper_Outline	เส้นร่างปีก 5 .1
Mecha3_Outline	เส้นร่างส่วนหุ่นยนต์ 3
HairHighlight1_Color	ชิ้นส่วนผม 1 << + 1 >> 
LoveLetter	จดหมายรัก
Hairband6_Outline	เส้นร่างที่คาดผม B 4
MusicalNote1	โน้ตดนตรี 1
PiercingA2_Outline	เจาะ โครงร่าง 2
StrawLiquid_Outline	ถ้วยเครื่องดื่ม 2
Eyepatch2_Color	ผ้าปิดตา 3 + 4
AnimalEar2_Front_Outline	เส้นร่างหูสัตว์ 2
AnimalEar1_Fur_Color	หูสัตว์ ขน 1
EarringB3_Color	ต่างหู 8
Pigtail_A7_Gradient	มัดผม 14
AnimalEar5_Color	หูสัตว์  5
EarringB4_Color	ต่างหู 4
HairClip2_Color	กิ๊บติดผม 2
Glasses_Lens2	แว่นตา Lens 2
HairBang6_Side_Gradient	ผมหน้าม้า 12
HairBang3_Middle_Outline	เส้นร่างผมหน้าม้า >< 5 + 6
AnimalEar9_Outline	เส้นร่างหูสัตว์ 9
HatB3_Color	หมวก 5
PiercingA1_Outline	เจาะ โครงร่าง 1
Brow8	คิ้ว 8
HairClip1_Outline	เส้นร่างกิ๊บติดผม 1
Eyepatch1_Color	ผ้าปิดตา 1 + 2
NeckwearA1_Color	เครื่องประดับคอ A 1
Eye1_Eyelash	ขนตา 1 + 2
ShakeLine3	กลัว 3
WingE1_Upper_Outline	เส้นร่างปีก 8 .1
PopperConfetti3	คอนเฟตตี้ 3
Star	สติกเกอร์ดาว
HairBang1_Middle_Outline	เส้นร่างผมหน้าม้า >< 1 + 2
SideHairA4_Gradient	ผมด้านข้าง 8
PiercingA3_Outline	เจาะ โครงร่าง 3
FaceFeatureB4	ลักษณะใบหน้า B 4
EarringA3_Outline	ต่างหู โครงร่าง 3
TailF4_Color	หาง 18
AnimalEar2_Fur_Color	หูสัตว์ ขน 2
AnimalEar3_Outline	เส้นร่างหูสัตว์ 3
Straw	ถ้วยเครื่องดื่ม 4
AnimalEar8_Outline	เส้นร่างหูสัตว์ 8
AnimalEar6_Color	หูสัตว์  6
TailF3_Color	หาง 17
EarringB5_Outline	ต่างหู โครงร่าง 10
HairClip12_Color	กิ๊บติดผม 12
Collar6_Color	ปกเสื้อด้านใน 6 + 7
AnimalEar6_Outline	เส้นร่างหูสัตว์ 6
AnimalEar3_Color	หูสัตว์  3
Brow3	คิ้ว 3
Glasses_Lens3	แว่นตา Lens 3
EarringB5_Color	ต่างหู 10
LaptopLight2	แสงแล็ปท็อป 2
PhoneScreenPattern1	หน้าจอโทรศัพท์  1
TailF2_Color	หาง 16
LaptopLight1	แสงแล็ปท็อป 1
AnimalEar7_Color	หูสัตว์  7
AnimalEar9_Color	หูสัตว์  9
HairBang7_Middle_Outline	เส้นร่างผมหน้าม้า >< 13 + 14
Hairband6_Color	ที่คาดผม B 4
AnimalEar2_Back_Outline	เส้นร่างหูสัตว์ 2 .1
HairClip1_Color	กิ๊บติดผม 1
EarringB2_Outline	ต่างหู โครงร่าง 7
Middle_Color	มือ 1 .7
AnimalEar5_Outline	เส้นร่างหูสัตว์ 5
Hairband2_Color	ที่คาดผม A 2
AnimalEar1_Front_Color	หูสัตว์  1
Chopstick	ตะเกียบ
AnimalEar2_Front_Color	หูสัตว์  2
EarringB3_Outline	ต่างหู โครงร่าง 8
TailF1_Color	หาง 15
AnimalEar4_Color	หูสัตว์  4
HairBang4_Side_Color	ผมหน้าม้า 7
SideHairB7_Gradient	ผมด้านข้าง 30
SideHairB1_Color	ผมด้านข้าง 17
FacialHair_A7_Color	ขนบนใบหน้า A 7
HairClip4_Outline	เส้นร่างกิ๊บติดผม 4
EarringB1_Outline	ต่างหู โครงร่าง 6
Index_Color	มือ 1 .8
PiercingA5_Outline	เจาะ โครงร่าง 5
TailF1_Outline	เส้นร่างหาง 15
AnimalEar1_Fur_Outline	เส้นร่างหูสัตว์ ขน 1
TailE3_Color	หาง 14
AnimalEar1_Back_Color	หูสัตว์  1 .1
AnimalEar2_Fur_Outline	เส้นร่างหูสัตว์ ขน 2
CupSteam	ไอน้ำจากถ้วยน้ำ
AnimalEar2_Back_Color	หูสัตว์  2 .1
AnimalEar8_Color	หูสัตว์  8
EarringB4_Outline	ต่างหู โครงร่าง 9
FacialHair_A8_Outline	โครงร่างขนบนใบหน้า A 8
SideHairB7_Color	ผมด้านข้าง 29
SideHairA4_Color	ผมด้านข้าง 7
SideHairB1_Gradient	ผมด้านข้าง 18
BackHair3_Color	ผมด้านหลัง 5
Pigtail_A5_Color	มัดผม 9
Pigtail_A5_Gradient	มัดผม 10
Pigtail_A2_Outline	เส้นร่างมัดผม 3 + 4
HairShine6_Outline	เส้นร่างไฮไลต์ผม 12
Antenna1_Outline	เส้นร่างหนวดแมลง 1
AlertLike_Outline	สติกเกอร์ Alert Outline 4
FacialHair_A5_Outline	โครงร่างขนบนใบหน้า A 5
Horn5_Outline	เส้นร่างเขา 5
FrameHair_A8_Color	ผมด้านข้าง 15
FrameHair_A8_Gradient	ผมด้านข้าง 16
FrameHair_Top_Color	ผมด้านข้าง top
HairBang5_Middle_Color	ผมหน้าม้า >< 9
HairShine1_Outline	เส้นร่างไฮไลต์ผม 2
WingG1_Inner_Outline	เส้นร่างปีก 10 .2
VideoCamera	กล้องวิดีโอ
FrameHair_A7_Gradient	ผมด้านข้าง 14
FrameHair_A7_Color	ผมด้านข้าง 13
Index_Outline	มือ 1 .9
Mouth	ปาก
TailC3_Outline	เส้นร่างหาง 10
Wing2_Outline	เส้นร่างหูปีก 2
Wing1_Color	เส้นร่างหูปีก 1
WingC1_Upper_Color	เส้นร่างปีก 5 .1
Main7_Color	ชุดด้านใน 7
HairHighlight3_Color	ชิ้นส่วนผม 3 << + 3 >>
HairHighlight4_Outline	เส้นร่างชิ้นส่วนผม >< 1 + 2
ErrorPopup	หยุดทำงาน
TrashBinLid	ถังขยะ 2
BackHair1_Outline	เส้นร่างผมด้านหลัง 1 + 2
BackHair2_Outline	เส้นร่างผมด้านหลัง 3 + 4
Horn6_Color	เขา 6
HairBang7_Middle_Color	ผมหน้าม้า >< 13
little_Outline	มือ 1 .10
HornF1_Outline	เส้นร่าง เขาด้านหน้า 1
TailC2_Outline	เส้นร่างหาง 9
Outer2_Outline	เส้นร่างชุดด้านนอก 2
BackHair3_Outline	เส้นร่างผมด้านหลัง 5 + 6
Tongue_Shadow	เงาลิ้น
Blush	แก้มแดง
FacialHair_B5_Color	ขนบนใบหน้า B 5 
Knife	น้ำลายไหล (ส้อมและมีด) 2
HairBang3_Side_Outline	เส้นร่างผมหน้าม้า 5 + 6
HairBang5_Side_Outline	เส้นร่างผมหน้าม้า 9 + 10
Horn7_Outline	เส้นร่างเขา 7
PopcornBucket	กิน (ป๊อปคอร์น) 1
Pigtail_A3_Outline	เส้นร่างมัดผม 5 + 6
Collar7_Color	ปกเสื้อด้านใน 8
Hairband3_Color	ที่คาดผม B 1
Hammer	ค้อน
TailE3_Outline	เส้นร่างหาง 14
HairBang6_Side_Outline	เส้นร่างผมหน้าม้า 11 + 12
HairBang2_Side_Outline	เส้นร่างผมหน้าม้า 3 + 4
HairShine7_Outline	เส้นร่างไฮไลต์ผม 14
EyepatchBandage_Color	ผ้าปิดตา 5 + 6
EyepatchBandage_Outline	โครงร่างผ้าปิดตา 5 + 6
HairbandBack1_Color	ที่คาดผม D 1
Hairband4_Outline	เส้นร่างที่คาดผม B 2
KeyboardKeyA	พิมพ์ (ปกติ) 1
Thumb_Outline	มือ 1 .11
FacialHair_B3_Color	ขนบนใบหน้า B 3
Hairband2_Outline	เส้นร่างที่คาดผม A 2
HairbandBack1_Outline	เส้นร่างที่คาดผม D 1
TailB3_Color	หาง 5
FrameHair_A7_Outline	เส้นร่างผมด้านข้าง 13 + 14
FrameHair_A10_Color	ผมด้านข้าง 19
FrameHair_A10_Gradient	ผมด้านข้าง 20
FrameHair_A11_Outline	เส้นร่างผมด้านข้าง 21 + 22
FrameHair_A9_Color	ผมด้านข้าง 17
FacialHair_A3_Color	ขนบนใบหน้า A 3
BackHair1_Color	ผมด้านหลัง 1
Laptop	แล็ปท็อป
SignRound	ป้ายกลม
HairBang1_Side_Color	ผมหน้าม้า 1
HairBang4_Side_Gradient	ผมหน้าม้า 8
HairBang5_Side_Color	ผมหน้าม้า 9
BackHair2_Color	ผมด้านหลัง 3
Pigtail_A6_Outline	เส้นร่างมัดผม 11 + 12
Pigtail_A7_Outline	เส้นร่างมัดผม 13 + 14
Watermelon	กิน (แตงโม)
Cheek2	แก้ม 2
HairClip6_Color	กิ๊บติดผม 6
Spoon	เดินมาหา (ช้อน)
Tape	เทป
HatB2_Outline	เส้นร่างหมวก 4
HairShine2_Outline	เส้นร่างไฮไลต์ผม 4
HairBang1_Side_Gradient	ผมหน้าม้า 2
HairBang2_Side_Color	ผมหน้าม้า 3
HairBang5_Side_Gradient	ผมหน้าม้า 10
BackHair2_Gradient	ผมด้านหลัง 4
FrameHair_B3_Outline	เส้นร่างผมด้านข้าง 28
FaceFeatureC1	ลักษณะใบหน้า C 1
Pigtail_A8_Color	มัดผม 15
NeckwearB4_Color	เครื่องประดับคอ B 4
WingE1_Lower_Color	ปีก 8 .3
PhoneScreen	หน้าจอโทรศัพท์  3
AngrySteam	สติกเกอร์ไอน้ำ
Outer1_Color	ชุดด้านนอก 1
SideHair_Branch_C2_Outline	เส้นร่างปอยผมด้านหลัง C 2
Hairband4_Color	ที่คาดผม B 2
Pigtail_A3_Color	มัดผม 5
BackHair3_Gradient	ผมด้านหลัง 6
HairBang2_Side_Gradient	ผมหน้าม้า 4
PixelSunglasses	แว่นกันแดดพิกเซล
HatB1_Color	หมวก 3
FacialHair_B3_Outline	โครงร่างขนบนใบหน้า B 3
CapeBack1_Color	เคปแบ็ค 1
HairShine1_Color	ไฮไลต์ผม 1 + 2
Palmar_Color	มือ 1 .12
Ahoge_B1_Color	ผม Ahoge 5
HatA2_Outline	เส้นร่างหมวก 2
Pigtail_A5_Outline	เส้นร่างมัดผม 9 + 10
Pigtail_A3_Gradient	มัดผม 6
HairBang3_Side_Color	ผมหน้าม้า 5
HairBang3_Side_Gradient	ผมหน้าม้า 6
HairShine4_Outline	เส้นร่างไฮไลต์ผม 8
BackHair1_Gradient	ผมด้านหลัง 2
SignSquare	ป้ายสี่เหลี่ยม
Horn4_Outline	เขา 4
PonytailB1_Gradient	ผมหางม้า 12
PonytailB1_Color	ผมหางม้า 11
FrameHair_A1_Outline	เส้นร่างผมด้านข้าง 1 + 2
Collar7_Outline	เส้นร่างปกเสื้อ 8
NeckwearA3_Outline	เส้นร่างเครื่องประดับคอ A 3
NeckwearA2_Outline	เส้นร่างเครื่องประดับคอ A 2
TailA1_Outline	เส้นร่างหาง 1
Horn3_Outline	เส้นร่างเขา 3
Pigtail_A8_Gradient	มัดผม 16
SunglassesReflection	แว่นกันแดดสะท้อนแสง
NeckwearA6_Color	เครื่องประดับคอ A 6
Tie2_Outline	เส้นร่างเครื่องประดับคอ C 2
Halo4_Color	Halo 5 + 6
FrameHair_A6_Color	ผมด้านข้าง 11
Middle_Outline	มือ 1 .13
RedPacketCoin2	อั่งเปา 3
NeckwearB5_Color	เครื่องประดับคอ B 5
Eye1_HighlightCry	ตา 1 | ร้องไห้ 
Collar3_Color	ปกเสื้อด้านใน 3
TailC3_Color	หาง 10
ElfEar_Color	หู 1.1
Surprise	สติกเกอร์เซอร์ไพรส์
Gill3_Outline	เส้นร่างเหงือก 1 .3
Pigtail_A4_Gradient	มัดผม 8
Pigtail_A1_Color	มัดผม 1
Eye_U	นอนหลับ (UU)
Cockroach	แมลงสาบ
Halo3_Outline	เส้นร่าง Halo 3
Wing3_Outline	เส้นร่างหูปีก 3
Halo4_Outline	เส้นร่าง Halo 5 + 6
Wing3_Color	หูปีก 3
WingD1_Outline	เส้นร่างปีก 6
FacialHair_A1_Color	ขนบนใบหน้า A 1
Ghost	สติกเกอร์วิญญาณ
Hairband7_Outline	เส้นร่างที่คาดผม C 1
Horn6_Outline	เส้นร่างเขา 6
HairHighlight3_Outline	เส้นร่างชิ้นส่วนผม 3 << + 3 >>
Glasses_Frame2	แว่นตา 2
NeckwearA4_Outline	เส้นร่างเครื่องประดับคอ A 4
Ear_Color	หู 1
HatB2_Color	หมวก 4
FacialHair_A4_Outline	โครงร่างขนบนใบหน้า A 4
PonytailB1_Outline	โครงร่างผมหางม้า 11 + 12
Collar1_Color	ปกเสื้อด้านใน 1
CapeBack3_Outline	เคปแบ็ค | โครงร่างเคป 3
Pigtail_A1_Outline	เส้นร่างมัดผม 1 + 2
Tie2_Color	เครื่องประดับคอ C 2
TailE1_Color	หาง 12
PatHand	มือลูบหัว
Main6_Outline	เส้นร่างชุดด้านใน 6
Pigtail_A6_Color	มัดผม 11
Card	ย้อนกลับ
FacialHair_A8_Color	ขนบนใบหน้า A 8
CapeBack2_Outline	เคปแบ็ค | โครงร่างเคป 2
CapeFront6_Color	แหลมหน้า 6
PonytailB2_Gradient	ผมหางม้า 14
Megaphone	โทรโข่ง
Glasses_Frame1	แว่นตา 1
Pigtail_B1_Outline	เส้นร่างมัดผม 17 + 18
Eye1_Dollar	ตา(ดอลลาร์) 1 + 2
FaceFeatureA1	ลักษณะใบหน้า A 1
Eye1_Heart	ตา(หัวใจ) 1 + 2
Collar2_Color	ปกเสื้อด้านใน 2
Pigtail_A6_Gradient	มัดผม 12
FrameHair_B3_Gradient	ผมด้านข้าง 28
FrameHair_B3_Color	ผมด้านข้าง 27
FrameHair_TopBack_Outline	เส้นร่างผมด้านข้าง top 2
Horn5_Color	เขา 5
Fork	น้ำลายไหล (ส้อมและมีด) 1
SteeringWheel	พวงมาลัย
Hairband1_Color	ที่คาดผม A 1
HatB3_Outline	เส้นร่างหมวก 5
FrameHair_A4_Color	ผมด้านข้าง 7
NeckwearB3_Color	เครื่องประดับคอ B 3
HammerEffect1	ค้อน 1
HairHighlight6_Color	ชิ้นส่วนผม >< 5 + 6
Pigtail_B2_Outline	เส้นร่างมัดผม 19 + 20
WingF1_Upper_Outline	เส้นร่างปีก 9 .1
Pigtail_A2_Gradient	มัดผม 4
RedPacketCoin3	อั่งเปา 2
FrameHair_A9_Gradient	ผมด้านข้าง 18
TrashBin	ถังขยะ 1
FacialHair_A2_Outline	โครงร่างขนบนใบหน้า A 2
Tongue1	เลีย | ลิ้น
HairShine4_Color	ไฮไลต์ผม 7 + 8
Toilet	ห้องน้ำ
FrameHair_A5_Gradient	ผมด้านข้าง 10
CapeFront6_Outline	แหลมหน้า | โครงร่างเคป 6
FrameHair_A5_Color	ผมด้านข้าง 9
CapeBack2_Color	เคปแบ็ค 2
SunGlasses_Lens	แว่นกันแดด Lens
FrameHair_A9_Outline	เส้นร่างผมด้านข้าง 17 + 18
Main8_Outline	เส้นร่างชุดด้านใน 8
Pigtail_A4_Color	มัดผม 7
KeyboardKeyB	พิมพ์ (ปกติ) 2
Tie3_Color	เครื่องประดับคอ C 3
Nose2	จมูก 2
FacialHair_A5_Color	ขนบนใบหน้า A 5
AlertCustom_Color	สติกเกอร์ Alert 2
AlertCustom_Outline	สติกเกอร์ Alert Outline 2
SideHair_Branch_A2_Outline	เส้นร่างปอยผมด้านหลัง A 2
Horn1_Color	เขา 1
Outer3_Outline	เส้นร่างชุดด้านนอก 3
SideHair_Branch_B1_Outline	เส้นร่างปอยผมด้านหลัง B 1
ElfEar_Outline	เส้นร่าง หู 1.1
Outer4_Color	ชุดด้านนอก 4
Outer3_Color	ชุดด้านนอก 3
HairHighlight5_Outline	เส้นร่างชิ้นส่วนผม >< 3 +4
SideHair_Branch_C1_Outline	เส้นร่างปอยผมด้านหลัง C 1
Stylus	ปากกาสไตลัส
Tear2_Outline	น้ำตา 3
Donut1	โดนัท 1
Donut2	โดนัท 2
SideHair_Branch_A1_Outline	เส้นร่างปอยผมด้านหลัง A 1
Eye1_Light	ตา(สีอ่อน) 1 + 2
Angry2	สติกเกอร์โกรธ 2
WingF1_Upper_Color	ปีก 9 .1
NeckwearB2_Color	เครื่องประดับคอ B 1 + 2
SideHair_Branch_A1_Color	ปอยผมด้านหลัง A 1
SignRoundText1	ข้อความบนป้ายกลม
Collar2_Outline	เส้นร่างปกเสื้อ 2
MusicalNote2	โน้ตดนตรี 2
FacialHair_B4_Color	ขนบนใบหน้า B 4
Mecha2_Color	ส่วนหุ่นยนต์ 2
Six	หมายเลขหก
PointHand	มือชี้
HairClip8_Color	กิ๊บติดผม 8
FaceFeatureB1	ลักษณะใบหน้า B 1
Pigtail_B2_Gradient	มัดผม 20
Main8_Color	ชุดด้านใน 8
Tear2_Color	น้ำตา 2
Eye3_Dark	ตา(สีเข้ม) 3
Outer4_Outline	เส้นร่างชุดด้านนอก 4
Glasses_Lens1	แว่นตา Lens 1
WingA3_Outline	เส้นร่างปีก 3
Ahoge_B2_Color	ผม Ahoge 6
CapeFront1_Outline	แหลมหน้า | โครงร่างเคป 1
Cake	เค้ก
WingD1_Color	ปีก 6
Pigtail_B1_Gradient	มัดผม 18
Outer7_Color	ชุดด้านนอก 7
Ahoge_B1_Outline	เส้นร่างผม Ahoge 5
HornM1_Outline	เส้นร่างเขาด้านหน้า ><  1
HornF2_Color	เขาด้านหน้า 2
CapeFront4_Color	แหลมหน้า 4
FrameHair_Branch_A3_Color	ปอยผม 3
Main2_Outline	เส้นร่างชุดด้านใน 2
Wing1_Outline	เส้นร่างหูปีก 1
WingD2_Upper_Outline	เส้นร่างปีก 7 .1
Mecha4_Color	ส่วนหุ่นยนต์ 4
Horn1_Outline	เส้นร่างเขา 1
WingA2_Color	ปีก 2
EasterEggBasket	อีสเตอร์ 4
Mecha4_Outline	เส้นร่างส่วนหุ่นยนต์ 4
Antenna2_Color	หนวดแมลง 2
Mecha1_Color	ส่วนหุ่นยนต์ 1
Ahoge_A3_Outline	เส้นร่างผม Ahoge 3
Main1_Outline	เส้นร่างชุดด้านใน 1
Horn2_Color	เขา 2
HairBang4_Middle_Gradient	ผมหน้าม้า >< 8
CapeFront3_Color	แหลมหน้า 3
Notepad	สมุดบันทึก
Outer5_Color	ชุดด้านนอก 5
WingA3_Color	ปีก 3
WingB1_Color	ปีก 4
Pistol	ปืน
Horn7_Color	เขา 7
Bottle	โค้กเชค
Outer6_Color	ชุดด้านนอก 6
Laugh2	สติกเกอร์หัวเราะ 2
FrameHair_B1_Gradient	ผมด้านข้าง 24
Outer5_Outline	เส้นร่างชุดด้านนอก 5
FrameHair_Top_Outline	เส้นร่างผมด้านข้าง top
WingG1_Inner_Color	ปีก 10 .2
HairBang5_Middle_Outline	เส้นร่างผมหน้าม้า >< 9 + 10
Beer	ไชโย
HairBang4_Middle_Color	ผมหน้าม้า >< 7
TailE1_Outline	เส้นร่างหาง 12
TailC2_Color	หาง 9
HornF2_Outline	เส้นร่างเขา 9
HairBang2_Middle_Outline	เส้นร่างผมหน้าม้า >< 3 + 4
Ahoge_B2_Outline	เส้นร่างผม Ahoge 6
Bell	กระดิ่ง 2
FrameHair_Branch_A3_Outline	เส้นร่างปอยผม 3
FrameHair_A3_Color	ผมด้านข้าง 5
FrameHair_A3_Gradient	ผมด้านข้าง 6
Horn2_Outline	เส้นร่างเขา 2
Outer6_Outline	เส้นร่างชุดด้านนอก 6
WingD2_Upper_Color	ปีก 7 .1
Antenna2_Outline	เส้นร่างหนวดแมลง 2
TailB5_Outline	เส้นร่างหาง 7
HairBang5_Middle_Gradient	ผมหน้าม้า >< 10
HairBang1_Middle_Color	ผมหน้าม้า >< 1
QuestionMark	สติกเกอร์เครื่องหมายคำถาม
Horn3_Color	เขา 3
SignSquareText1	ข้อความป้ายสี่เหลี่ยม
Antenna1_Color	หนวดแมลง 1
FrameHair_A2_Gradient	ผมด้านข้าง 4
HairHighlight1_Outline	เส้นร่างชิ้นส่วนผม 1 << + 1 >>
TailD1_Color	หาง 11
HairBang6_Middle_Outline	เส้นร่างผมหน้าม้า >< 11 + 12
HairBang7_Middle_Gradient	ผมหน้าม้า >< 14
HairBang6_Middle_Color	ผมหน้าม้า >< 11
HairBang6_Middle_Gradient	ผมหน้าม้า >< 12
CapeFront4_Outline	แหลมหน้า | โครงร่างเคป 4
FrameHair_A2_Color	ผมด้านข้าง 3
FacialHair_A1_Outline	โครงร่างขนบนใบหน้า A 1
HairBang1_Middle_Gradient	ผมหน้าม้า >< 2
HornM1_Color	เขาด้านหน้า >< 1
TailB4_Color	หาง 6
TailB2_Color	หาง 4
Pigtail_B2_Color	มัดผม 19
Fin1_Color	ครีบ 1
TailB3_Outline	เส้นร่างหาง 5
Halo1_Color	Halo 1
TailB2_Outline	เส้นร่างหาง 4
FrameHair_A3_Outline	เส้นร่างผมด้านข้าง 5 + 6
FrameHair_B1_Color	ผมด้านข้าง 23
HairClip7_Color	กิ๊บติดผม 7
FacialHair_A6_Color	ขนบนใบหน้า A 6
FacialHair_A3_Outline	ขนบนใบหน้า A 3
Halo1_Outline	เส้นร่าง Halo 1
Hairband7_Color	ที่คาดผม C 1
Keyboard	พิมพ์ (ปกติ) 3
FrameHair_A6_Outline	เส้นร่างผมด้านข้าง 11 + 12
VolumeOff	สติกเกอร์ ระดับเสียง 2
PalmarGlove1_Color	มือ 2 .2
FacialHair_A6_Outline	โครงร่างขนบนใบหน้า A 6
TailB1_Outline	เส้นร่างหาง 3
Pigtail_A1_Gradient	มัดผม 2
FrameHair_A4_Gradient	ผมด้านข้าง 8
KitchenKnife	มีดทำครัว
Halo2_Color	Halo 2
FrameHair_A6_Gradient	ผมด้านข้าง 12
HairShine5_Color	ไฮไลต์ผม 9 + 10
FrameHair_B2_Color	ผมด้านข้าง 25
FacialHair_B1_Outline	โครงร่างขนบนใบหน้า B 1
Main3_Outline	เส้นร่างชุดด้านใน 3
Main4_Outline	เส้นร่างชุดด้านใน 4
Main7_Outline	เส้นร่างชุดด้านใน 7
HatA2_Color	หมวก 2
Pigtail_C2_Outline	เส้นร่างมัดผม 23 + 24
Main1_Color	ชุดด้านใน 1
Eyepatch2_Outline	โครงร่างผ้าปิดตา 3 + 4
SideHair_Branch_C2_Color	ปอยผมด้านหลัง C 2
HairHighlight6_Outline	เส้นร่างชิ้นส่วนผม >< 5 + 6
SideHair_Branch_C1_Color	ปอยผมด้านหลัง C 1
Eyepatch1_Outline	โครงร่างผ้าปิดตา 1 + 2
AlertCoin_Outline	สติกเกอร์ Alert Outline 3
Eye_Dum_Outline	เส้นร่างตาหน้าโง่ 1 + 2
FrameHair_Branch_A2_Outline	เส้นร่างปอยผม 2
Main5_Color	ชุดด้านใน 5
Pompom	 ปอมปอม
HairClip10_Outline	เส้นร่างกิ๊บติดผม 10
WaveHand	คลื่นมือ
HeartItem	หัวใจ
FrameHair_Branch_A2_Color	ปอยผม 2
FrameHair_Branch_A1_Outline	เส้นร่างปอยผม 1
Eye_Dum_Color	ตาขาว
AlertCoin_Color	สติกเกอร์ Alert 3
Button	ปุ่ม
SideHair_Branch_B2_Outline	เส้นร่างปอยผมด้านหลัง B 2
Face_Shadow	เงาบนหน้า
AlertStar_Outline	สติกเกอร์ Alert Outline 5
Pigtail_C1_Outline	เส้นร่างมัดผม 21 + 22
AlertHeart_Outline	สติกเกอร์ Alert Outline 1
AlertLike_Color	สติกเกอร์ Alert 4
AlertStar_Color	สติกเกอร์ Alert 5
Sleep	สติกเกอร์นอน
Square	ประตู/ผนัง | ลูกกรงคุก | ผ้าห่มด้านนอก
SideHair_Branch_A2_Color	ปอยผมด้านหลัง A 2
Beverage	ถ้วยเครื่องดื่ม 3
HairClip8_Outline	เส้นร่างกิ๊บติดผม 8
HairClip9_Outline	เส้นร่างกิ๊บติดผม 9
GiftBox	ของขวัญ 1
Mecha5_Outline	เส้นร่างส่วนหุ่นยนต์ 5
WingC1_Lower_Color	ปีก 5 .2
Gill3_Color	เหงือก 1 .3
FacialHair_B6_Outline	โครงร่างขนบนใบหน้า B 6
HairClip10_Color	กิ๊บติดผม 10
SideHair_Branch_B2_Color	ปอยผมด้านหลัง B 2
SideHair_Branch_B1_Color	ปอยผมด้านหลัง B 1
Bowl	ชาม
Pigtail_C1_Color	มัดผม 21
Pigtail_C1_Gradient	มัดผม 22
HairClip7_Outline	เส้นร่างกิ๊บติดผม 7
HairHighlight5_Color	ชิ้นส่วนผม >< 3 + 4
HairClip6_Outline	เส้นร่างกิ๊บติดผม 6
Bill1	แบงก์เงิน 1
LubricantSpray	สเปรย์
Ahoge_A1_Outline	เส้นร่างผม Ahoge 1
Gill1_Outline	เส้นร่างเหงือก 1 .1
FacialHair_B6_Color	ขนบนใบหน้า B 6 
Heart	สติกเกอร์หัวใจ
Popper	ป็อปเปอร์
Pencil	ดินสอ
Ahoge_A3_Color	ผม Ahoge 3
BeverageCup	ถ้วยเครื่องดื่ม
Mouth_Popcat2	Popcat | ปาก 2
HairClip9_Color	กิ๊บติดผม 9
AlertBits_Color	สติกเกอร์ Alert 6
Seven	หมายเลขเจ็ด
PhoneFront	โทรศัพท์มือถือ 1
Gill2_Outline	เส้นร่างเหงือก 1 .2
FrameHair_B2_Outline	เส้นร่างผมด้านข้าง 25 + 26
NeckwearB7_Outline	เส้นร่างเครื่องประดับคอ B 7
Angry1	สติกเกอร์โกรธ 1
Cup	ถ้วยน้ำ
Phone	โทรศัพท์มือถือ 2
Palmar_Outline	มือ 1 .14
FrameHair_B1_Outline	เส้นร่างผมด้านข้าง 23 + 24
WingD2_Lower_Color	ปีก 7 .2
HairClip11_Outline	เส้นร่างกิ๊บติดผม 11
RedPacket	อั่งเปา 1
HairClip12_Outline	เส้นร่างกิ๊บติดผม 12
Gill1_Color	เหงือก 1 .1
Eye1_Dark	ตา(สีเข้ม) 1 + 2
NeckwearB3_Outline	เส้นร่างเครื่องประดับคอ B 3
LightBulb	สติ๊กเกอร์หลอดไฟ
Mecha3_Color	ส่วนหุ่นยนต์ 3
Mecha6_Outline	เส้นร่างส่วนหุ่นยนต์ 6
Ahoge_A1_Color	ผม Ahoge 1
WingA1_Outline	เส้นร่างปีก 1
RedPacketCoin1	อั่งเปา 5
SweatBlue	สติกเกอร์เหงื่อตก (ใหญ่)
HornF1_Color	เขาด้านหน้า 1
Sparkle	แวววาว
Ahoge_A2_Outline	เส้นร่างผม Ahoge 
FaceFeatureC2	ลักษณะใบหน้า C 2
Glove1_Outline	ถุงมือ โครงร่าง
PalmGlove1_Color	มือ 2 .3
PalmGlove1_Outline	มือ 2 .4
FacialHair_B2_Outline	ขนบนใบหน้า B 2
Mecha6_Color	ส่วนหุ่นยนต์ 6
CapeFront1_Color	แหลมหน้า 1
HairClip4_Color	กิ๊บติดผม 4
NeckwearB1_Color	เครื่องประดับคอ B 2
Cheek1	แก้ม 1
Lubricant	น้ำมันหล่อลื่น
Ahoge_A4_Outline	เส้นร่างผม Ahoge 4
Angry3	สติกเกอร์โกรธ 3
Microphone	ไมโครโฟน
NeckwearB4_Outline	เส้นร่างเครื่องประดับคอ B 4
WingE1_Middle_Outline	เส้นร่างปีก 8 .2
FacialHair_B2_Color	ขนบนใบหน้า B 2
Collar4_Outline	เส้นร่างปกเสื้อ 4
TailF3_Outline	เส้นร่างหาง 17
Donut4	โดนัท 4
Laugh3	สติกเกอร์หัวเราะ 3
Tear1	น้ำตา 1
NeckwearA6_Outline	เส้นร่างเครื่องประดับคอ A 6
Confetti1	คอนเฟตตี้ 4
Eye_Dum_Pupil	ตาหน้าโง่
NeckwearB2_Outline	เส้นร่างเครื่องประดับคอ B 1 + 2
FrameHair_B4_Color	ผมด้านข้าง 29
FrameHair_B4_Gradient	ผมด้านข้าง 30
NeckwearB6_Outline	เส้นร่างเครื่องประดับคอ B 6
Eye_Popcat_Dark	หน้าโง่ 3 | ตา | Popcat 2
HairClip2_Outline	เส้นร่างกิ๊บติดผม 2
FrameHair_B2_Gradient	ผมด้านข้าง 26
Hand_Outline	มือ 1 .15
Glove1_Color	ถุงมือ
NeckwearA1_Outline	เส้นร่างเครื่องประดับคอ A 1
WingE1_Lower_Outline	เส้นร่างปีก 8 .3
Mouse	เม้าส์
Collar5_Color	ปกเสื้อด้านใน 5
Tie1_Outline	เส้นร่างเครื่องประดับคอ C 1
Eyebag	ถุงใต้ตา
WingG1_Outter_Outline	เส้นร่างปีก 10 .1
Laugh1	สติกเกอร์หัวเราะ 1
Popcorn	กิน (ป๊อปคอร์น) 2
NeckwearA5_Outline	เส้นร่างเครื่องประดับคอ A 5
BeverageLiquid	ของเหลวเครื่องดื่ม
Eye3_HighlightCry	ตา 3 | ร้องไห้ 
Eye3_Sparkling	ตา(ประกาย) 3
Confetti2	คอนเฟตตี้ 5
Eye3_Spiral	ตา(Spiral) 3
FacialHair_B1_Color	ขนบนใบหน้า B 1
PhoneScreenPattern2	หน้าจอโทรศัพท์  2
VolumeOn	สติกเกอร์ ระดับเสียง 3
FacialHair_B4_Outline	โครงร่างขนบนใบหน้า B 4
Collar5_Outline	เส้นร่างปกเสื้อ 5
WingEL_Lower_WeightTransfer	ปีก >> 15 .3
NeckwearB1_WeightTransfer	เครื่องประดับคอ B 8
FloatingL_WeightTransfer	ส่วนหุ่นยนต์ >> 7
HairBang_SideL_WeightTransfer	ผมหน้าม้า >> 13
FloatingR_WeightTransfer	ส่วนหุ่นยนต์ << 7
Glasses_WeightTransfer	แว่นตา 4
AhogeA_WeightTransfer	ผม Ahoge 7
BackHair_WeightTransfer	ผมด้านหลัง 7
AnimalEarBL_WeightTransfer	หูสัตว์  >> 11
EyepatchA_WeightTransfer	ผ้าปิดตา 7
TailD_WeightTransfer	หาง 22
HairBang_Middle_WeightTransfer	ผมหน้าม้า >< 15
Face_WeightTransfer	ลักษณะใบหน้า C 3
NeckwearB2_WeightTransfer	เครื่องประดับคอ B 9
EarringBR_WeightTransfer	ต่างหู << 12
EarringBL_WeightTransfer	ต่างหู >> 12
NeckwearC_WeightTransfer	เครื่องประดับคอ C 4
HatC_WeightTransfer	หมวก 11
TailFSoft_WeightTransfer	หาง 25
TailFHard_WeightTransfer	หาง 24
EarringAR_WeightTransfer	ต่างหู << 11
EarringAL_WeightTransfer	ต่างหู >> 11
HatA_WeightTransfer	หมวก 9
LegR_WeightTransfer	ขา << 2
LegL_WeightTransfer	ขา >> 2
HatD_WeightTransfer	หมวก 12
FrameHair_WeightTransfer	ผมด้านข้าง >< 
TailE_WeightTransfer	หาง 23
TailA_WeightTransfer	หาง 19
SideHairB_WeightTransfer	ผมด้านข้าง 34
SideHairA_WeightTransfer	ผมด้านข้าง 33
PonytailA_WeightTransfer	ผมหางม้า 15
WingER_Upper_WeightTransfer	ปีก << 15 .1
WingER_Middle_WeightTransfer	ปีก << 15 .2
OutfitOuter_WeightTransfer	ชุดด้านนอก 8
WingAL_WeightTransfer	ปีก >> 11
PalmarL_WeightTransfer	มือ >> 3 .5
HeadWingAL_WeightTransfer	หูปีก >> 4
BrowL_WeightTransfer	คิ้ว >> 10
BrowR_WeightTransfer	คิ้ว << 10
MustacheA_WeightTransfer	ขนบนใบหน้า B 7
TailC_WeightTransfer	หาง 21
FrameHair_BranchL_WeightTransfer	ปอยผม >> 4
HandL_Middle_WeightTransfer	มือ >> 3 .1
HandL_Thumb_WeightTransfer	มือ >> 3 .2
NeckwearA_WeightTransfer	เครื่องประดับคอ A 7
WingER_Lower_WeightTransfer	ปีก << 15 .3
WingEL_Upper_WeightTransfer	ปีก >> 15 .1
WingGL_Outter_WeightTransfer	ปีก >> 17 .1
WingCL_Upper_WeightTransfer	ปีก >> 13 .1
WingGR_Inner_WeightTransfer	ปีก << 17 .2
WingCR_Upper_WeightTransfer	ปีก << 13 .1
EarL_WeightTransfer	หู 2 >>
EarR_WeightTransfer	หู 2 <<
CapeBack_WeightTransfer	เคปแบ็ค 4
CapeFront_WeightTransfer	แหลมหน้า 7
WingEL_Middle_WeightTransfer	ปีก >> 15 .2
WingFR_Upper_WeightTransfer	ปีก << 16 .1
AntennaR_WeightTransfer	หนวดแมลง << 3
AnimalEarAR_WeightTransfer	หูสัตว์  << 10
WingDL_WeightTransfer	ปีก >> 14
AnimalEarCL_WeightTransfer	หูสัตว์  >> 12
WingGL_Inner_WeightTransfer	ปีก >> 17 .2
Halo_WeightTransfer	Halo 7
FinR_WeightTransfer	ครีบ << 2
HatB_WeightTransfer	หมวก 10
AnimalEarAL_WeightTransfer	หูสัตว์  >> 10
TailB_WeightTransfer	หาง 20
HandL_Little_WeightTransfer	มือ >> 3 .3
HandL_Index_WeightTransfer	มือ >> 3 .4
FinL_WeightTransfer	ครีบ >> 2
AntennaL_WeightTransfer	หนวดแมลง >> 3
PonytailAR_WeightTransfer	มัดผม << 25
OutfitInner_WeightTransfer	ชุดด้านใน 9
MustacheB_WeightTransfer	ขนบนใบหน้า B 8
PonytailB_WeightTransfer	ผมหางม้า 16
HairBandA_WeightTransfer	ที่คาดผม A 3
HairBang_SideR_WeightTransfer	ผมหน้าม้า << 13
EyepatchB_WeightTransfer	ผ้าปิดตา 8
WingFL_Lower_WeightTransfer	ปีก >> 16 .2
WingBL_WeightTransfer	ปีก >> 12
PonytailCL_WeightTransfer	มัดผม >> 26
HairbandB_WeightTransfer	ที่คาดผม B 5
BeardA_WeightTransfer	ขนบนใบหน้า A 9
PonytailAL_WeightTransfer	มัดผม >> 25
AnimalEarBR_WeightTransfer	หูสัตว์  << 11
EyelashR_WeightTransfer	ตา 4 | ขนตา <<
GillR_WeightTransfer	เหงือก << 2
PiercingAL_WeightTransfer	เจาะเอ A >> 6
PiercingAR_WeightTransfer	เจาะเอ A << 6
WingFR_Lower_WeightTransfer	ปีก << 16 .2
WingFL_Upper_WeightTransfer	ปีก >> 16 .1
HairBandC_WeightTransfer	ที่คาดผม D 3
HornL_WeightTransfer	เขา >> 8
HornR_WeightTransfer	เขา << 8
EyelashL_WeightTransfer	ตา 4 | ขนตา >>
GillL_WeightTransfer	เหงือก >> 2
HornFrontL_WeightTransfer	เขาด้านหน้า >> 3
HornFrontR_WeightTransfer	เขาด้านหน้า << 3
WingDR_WeightTransfer	ปีก << 14
FrameHair_BranchR_WeightTransfer	ปอยผม << 4
HeadWingAR_WeightTransfer	หูปีก << 4
HornFrontM_WeightTransfer	เขาด้านหน้า >< 2
WingGR_Outter_WeightTransfer	ปีก << 17 .1
EyeDollarR_WeightTransfer	ตา(ดอลลาร์) << 4 + 5
EyeHeartL_WeightTransfer	ตา(หัวใจ) >> 4 + 5
EyeHeartR_WeightTransfer	ตา(หัวใจ) << 4 + 5
EyeHighlightCryL_WeightTransfer	ตา 4 + 5 >> | ร้องไห้ 
EyeHighlightCryR_WeightTransfer	ตา 4 + 5 << | ร้องไห้ 
EyeL_WeightTransfer	ตา >> 4 + 5
EyeR_WeightTransfer	ตา << 4 + 5
EyeSparklingL_WeightTransfer	ตา(ประกาย) >> 4 + 5
EyeSparklingR_WeightTransfer	ตา(ประกาย) << 4 + 5
EyeSpiralL_WeightTransfer	ตา(Spiral) >> 4 + 5
EyeSpiralR_WeightTransfer	ตา(Spiral) << 4 + 5
AnimalEarCR_WeightTransfer	หูสัตว์  << 12
WingAR_WeightTransfer	ปีก << 11
PonytailCR_WeightTransfer	มัดผม << 26
PiercingBL_WeightTransfer	เจาะเอ B >> 6
PiercingBR_WeightTransfer	เจาะเอ B << 6
HandL_WeightTransfer	มือ >> 3
HandR_Index_WeightTransfer	มือ << 3 .4
HandR_Little_WeightTransfer	มือ << 3 .3
HandR_Middle_WeightTransfer	มือ << 3 .1
HandR_Thumb_WeightTransfer	มือ << 3 .2
HandR_WeightTransfer	มือ << 3
PalmarR_WeightTransfer	มือ << 3 .5
WingCL_Lower_WeightTransfer	ปีก >> 13
WingCR_Lower_WeightTransfer	ปีก << 13
WingBR_WeightTransfer	ปีก << 12
EyeDollarL_WeightTransfer	ตา(ดอลลาร์) >> 4 + 5
ClownWig	ตัวตลก 1
FireA1	ไฟ
ElectricFan	พัดลมไฟฟ้า
Cheese	ชีส
ElectricFanBlades	ใบพัดลมไฟฟ้า
Guitar_Outline	โครงร่างกีตาร์
Guitar_Color1	สีกีตาร์ 1
PaperFanSticks	พัดลมพับ 2
PaperFanLeaf	พัดลมพับ 1
Stool	สตูล
Slipper	รองเท้าแตะ
Guitar_Color2	สีกีตาร์ 2
WinkStar	วิงค์สตาร์
ClownNose	ตัวตลก 2
Guitar_Color3	สีกีตาร์ 3
SideHairA7_Color	ผมด้านข้าง 13
PonytailA3_Gradient	ผมหางม้า 6
SideHairA2_Gradient	ผมด้านข้าง 4
SideHairB5_Color	ผมด้านข้าง 25
SideHairB3_Gradient	ผมด้านข้าง 22
PonytailA2_Outline	โครงร่างผมหางม้า 3 + 4
PonytailB2_Outline	โครงร่างผมหางม้า 13 + 14
PonytailB2_Color	ผมหางม้า 13
Outer7_Outline	เส้นร่างชุดด้านนอก 7
Outer1_Outline	เส้นร่างชุดด้านนอก 1
Hand_Color	มือ 1
LaptopLight3	แสงแล็ปท็อป 3
Finger	ถู 1
Scissor	ตัด (กรรไกร)
BoopHand	บู๊
Trophy	ถ้วยรางวัล 1
ProgressBar	คอนเทนเนอร์แถบความคืบหน้า
Progress	เติมแถบความคืบหน้า
