SpriteName	Tr
FaceFeatureB5	Yüz Özelliği B 5
PiercingA5_Color	Pirsing 5
Loading	İşaret Yükleniyor
Nose3	Burun 3
CapeFront3_Outline	Pelerin Önü | Pelerin Anahat 3
CockroachLeg	Hamamböceği 1
EarringA5_Color	Küpe 5
Eye2_Highlight	Göz Detayı 2
Angry4	İşaret Sinirli 4
AnimalEar1_Front_Outline	Hayvan Kulağı Anahat 1
Main5_Outline	Kıyafet İçi Anahat 5
ExclamationMark	İşaret Ünlem
Mouth_Line	Bardak | Ağız
Eye3_Dollar	Göz Paracık 3
HairShine7_Color	Saç Parıltısı 13 + 14
WingG1_Outter_Color	Kanatlar 10 .1
Eye1_Upperlid	Kirpikler 1 .1
WingE1_Middle_Color	Kanatlar 8 .2
TailE2_Color	Kuyruk 13
SweatWhite	İşaret Ter
Collar6_String	Kıyafet Yaka İpi 7
PonytailA5_Color	Saç At Kuyruğu 9
FrameHair_A10_Outline	Saç Ucu Anahat 19
HairBang6_Side_Color	Kahkül 11
SideHairA5_Outline	Saçın Yanı Anahat 9 + 10
SideHairA3_Color	Saçın Yanı 5
FrameHair_A5_Outline	Saç Ucu Anahat 9 + 10
Pigtail_A2_Color	Saç Topuzu 3
SideHairB8_Outline	Saçın Yanı Anahat 31 + 32
SideHairA3_Outline	Saçın Yanı Anahat 5 + 6 
PonytailA1_Color	Saç At Kuyruğu 1
PonytailA5_Gradient	Saç At Kuyruğu 10
BellClapper	Zil 1
EarringA5_Outline	Küpe Anahat 5
HairShine5_Outline	Saç Parıltısı Anahat 10
Nose1	Burun 1
HairClip5_Color	Saç Tokası 5
TailC1_Color	Kuyruk 8
PonytailA5_Outline	Saç At Kuyruğu Anahattı 9 + 10
WingB1_Outline	Kanatlar Anahat 4
AlertClick	Bildirim Çizgileri
HairClip13_Color	Saç Tokası 13
SideHairA7_Outline	Saçın Yanı Anahat 13 + 14
SideHairA6_Outline	Saçın Yanı Anahat 11 + 12
CreditCard	Kart Kaydırma
Hand_Line2	El 1 .1
Eye1_Highlight	Göz Detayı 1
EarringA1_Color	Küpe 1
Brow1	Kaş 1
FaceFeatureB2	Yüz Özelliği B 2
CortisolMeter	Dans (Low Cortisol) 2
HairBang1_Side_Outline	Kahkül Anahat 1 + 2
Hairline	Saç Hattı 1
EarringB1_Color	Küpe 6
Palmar_Line2	El 1 .2
StrawLiquid_Color	Bardaktaki Sıvı 2
Mecha5_Color	Mecha 5
HairClip13_Outline	Saç Tokası Anahat 13
EasterEgg3	Paskalya 3
Collar3_Outline	Kıyafet Yaka Anahat 3
HairHighlight4_Color	Saç Detayı >< 1 + 2
Tongue2	Ağız/Dil | Yala Yala
FaceFeatureA3	Yüz Özelliği A 3
AnimalEar4_Outline	Hayvan Kulağı Anahat 4
SideHairB8_Gradient	Saçın Yanı 32
PonytailA4_Outline	Saç At Kuyruğu Anahattı 7 + 8
HatD1_Outline	Şapka Anahat 8
GasBottle	Gaz Şişesi
SideHairA2_Outline	Saçın Yanı Anahat 3 + 4
SideHairB5_Outline	Saçın Yanı Anahat 25 + 26
FacialHair_A4_Color	Sakal A 4
EarringA2_Color	Küpe 2
Eye3_Light	Göz İris Açıklığı 3
AnimalEar1_Back_Outline	Hayvan Kulağı Anahat 1 .1
CapeFront5_Outline	Pelerin Önü | Pelerin Anahat 5
SideHairB8_Color	Saçın Yanı 31
HairShine6_Color	Saç Parıltısı 11 + 12
Hairband5_Outline	Saç Bandı B Anahat 3
CapeBack1_Outline	Pelerin Arkası | Pelerin Anahat 1
Halo3_Color	Hale 3
Eye3_Eyelash	Kirpikler 3
Leg	Bacak 1
Thumb_Color	El 1 .3
HairShine2_Color	Saç Parıltısı 3 + 4
Hairband1_Outline	Saç Bandı A Anahat 1
Brow7	Kaş 7
Palmar_Line1	El 1 .4
PiercingA3_Color	Pirsing 3
Pigtail_A7_Color	Saç Topuzu 13
SideHairA3_Gradient	Saçın Yanı 6
SideHairA8_Outline	Saçın Yanı Anahat 15 + 16
PonytailA3_Outline	Saç At Kuyruğu Anahattı 5 + 6
TailF2_Outline	Kuyruk Anahat 16
Ear_Outline	Kulaklar Anahat 1
HairClip11_Color	Saç Tokası 11
TailC1_Outline	Kuyruk Anahat 8
Cheek3	Yanak 3
Eye_Popcat_Light	Enayi 3 | Gözler | Popcat Düz
CandleFire	Mum Ateşi
PiercingA4_Outline	Pirsing Anahat 4
NeckwearA2_Color	Boyun Takıları A 2
little_Color	El 1 .5
PiercingA1_Color	Pirsing 1
PhoneLight	Telefon Işığı
ShakeLine1	Korkmuş 1
Eye2_Upperlid	Kirpikler 2 .1
NeckwearA3_Color	Boyun Takıları A 3
Brow9	Kaş 9
EarringA1_Outline	Küpe Anahat 1
TailA2_Outline	Kuyruk Anahat 2
Drooling	Ağzım Sulandı
PiercingA4_Color	Pirsing 4
PonytailA3_Color	Saç At Kuyruğu 5
PonytailA2_Gradient	Saç At Kuyruğu 4
AnimalEar7_Outline	Hayvan Kulağı Anahat 7
Brow6	Kaş 6
PopperConfetti2	Konfeti 2
Swatter	Sineklik
Fin1_Outline	Yüzgeç Anahat
HairShine3_Color	Saç Parıltısı 5 + 6
TailB1_Color	Kuyruk 3
HammerEffect2	Çekiç 2
Mecha1_Outline	Mecha Anahat 1
Pigtail_A4_Outline	Saç Topuzu Anahat 7 + 8
HatC1_Outline	Şapka Anahat 6 + 7
Pigtail_B1_Color	Saç Topuzu 17
Flash	Silah Işığı
Brow4	Kaş 4
CortisolMeterPointer	Dans (Low Cortisol) 1
Hand_Line1	El 1 .6
RedPacketCoin4	Kırmızı Paket 4
Cheek4	Yanak 4
FaceFeatureB3	Yüz Özelliği B 3
Brow2	Kaş 2
StickyNote	Yapışkan Not
Loading_Outline	İşaret Yükleniyor 2
Collar6_Outline	Kıyafet Yaka Anahat 6 + 7
CapeBack3_Color	Pelerin Arkası 3
SideHairB6_Outline	Saçın Yanı Anahat 27 + 28
PonytailA1_Outline	Saç At Kuyruğu Anahattı 1 + 2
PonytailA2_Color	Saç At Kuyruğu 3
SideHairA2_Color	Saçın Yanı 3
GiftBoxLid	Hediye 2
Collar4_Color	Kıyafet Yakası 4
WingE1_Upper_Color	Kanatlar 8 .1
WingA1_Color	Kanatlar 1
FrameHair_B4_Outline	Saç Ucu Anahat 29 + 30
FrameHair_Branch_A1_Color	Saç Kalkıklığı 1
SideHairA7_Gradient	Saçın Yanı 14
Wing2_Color	Kulak Kanadı 2
TailA1_Color	Kuyruk 1
Eye3_Heart	Göz Kalp 3
FrameHair_A8_Outline	Saç Ucu Anahat 15 + 16
DrawingTablet	Tablet
FaceFeatureA2	Yüz Özelliği A 2
PiercingA2_Color	Pirsing 2
Eye_Popcat_Highlight	Popcat | Göz Detayı
Hairband3_Outline	Saç Bandı B Anahat 1
NeckwearB6_Color	Boyun Takıları B 6
Mouth_Popcat1	Popcat | Ağız 1
Rose	Gül
HairbandBack2_Outline	Saç Bandı D Anahat 2
Mecha2_Outline	Mecha Anahat 2
SideHairA8_Gradient	Saçın Yanı 16
NeckwearB7_Color	Boyun Takıları B 7
Donut3	Çörek 3
NeckwearB5_Outline	Boyun Takıları B Anahat 5
StickyNoteText	Yapışkan Not Metni
SideHairA6_Gradient	Saçın Yanı 12
PonytailA4_Gradient	Saç At Kuyruğu 8
Ahoge_A4_Color	Ahoge Saçı 4
Gill2_Color	Solungaç 1 .2
FacialHair_A7_Outline	Sakal A Anahat 7
HatC1_Color	Şapka 6 + 7
SideHairA5_Color	Saçın Yanı 9
LightStickHandle	Işık Çubuğu Tutacağı
Eye1_Spiral	Göz Spiral 1 + 2
EasterEgg2	Paskalya 2
EasterEgg1	Paskalya 1
HairClip5_Outline	Saç Tokası Anahat 5
SideHairA8_Color	Saçın Yanı 15
HairHighlight2_Outline	Saç Detayı Anahat 2 << + 2 >>
Ahoge_A2_Color	Ahoge Saçı 2
SideHairB7_Outline	Saçın Yanı Anahat 29 + 30
AlertBits_Outline	Bildirim Sembolü Anahat 6
SunGlasses_Frame	Güneş Gözlüğü
PonytailA4_Color	Saç At Kuyruğu 7
HairHighlight2_Color	Saç Detayı 2 << + 2 >>
SideHairA5_Gradient	Saçın Yanı 10
SideHairA6_Color	Saçın Yanı 11
HairbandBack2_Color	Saç Bandı D 2
NeckwearB1_Outline	Boyun Takıları B Anahat 2
HairClip3_Outline	Saç Tokası Anahat 3
Bill2	Para 2
Volume	İşaret Ses
FrameHair_A1_Color	Saç Ucu 1 
FrameHair_A2_Gradient	Saç Ucu 2
Pigtail_C2_Color	Saç Topuzu 23
Pigtail_C2_Gradient	Saç Topuzu 24
WingF1_Lower_Outline	Kanatlar Anahat 9 .2
Glasses_Frame3	Gözlük 3
WingA2_Outline	Kanatlar Anahat 2
PalmarGlove1_Outline	El 2 .1
Eye1_Sparkling	Göz Parıltısı 1
SideHairB2_Color	Saçın Yanı 19
SideHairB2_Gradient	Saçın Yanı 20
SideHairA1_Outline	Saçın Yanı Anahat 1 + 2
EarringA3_Color	Küpe 3
EarringA4_Color	Küpe 4
TailF_Outline	Kuyruk Anahat 15 + 16 + 17 + 18 + 24 + 25
Halo2_Outline	Hale Anahat 2
HairBang4_Side_Outline	Kahkül Anahat 7 + 8
TailD1_Outline	Kuyruk Anahat 11
Pigtail_A8_Outline	Saç Topuzu Anahat 15 + 16
HairBang4_Middle_Outline	Kahkül >< Anahat 4
SideHairB2_Outline	Saçın Yanı Anahat 19 + 20
ShakeLine2	Korkmuş 2
EarringB2_Color	Küpe 7
TailA2_Color	Kuyruk 2
TailF_Color	Kuyruk 15 + 16 + 17 + 18 + 24 + 25
SideHairB6_Color	Saçın Yanı 27
Controller	Controller
HairBang3_Middle_Gradient	Kahkül >< 6
HairBang3_Middle_Color	Kahkül >< 5
Horn4_Color	Boynuz 4
HatD1_Color	Şapka 8
PonytailA1_Gradient	Saç At Kuyruğu 2
SideHairB4_Outline	Saçın Yanı Anahat 23 + 24
SideHairB6_Gradient	Saçın Yanı 28
EarringA4_Outline	Küpe Anahat 4
PopperConfetti1	Konfeti 1
Collar1_Outline	Kıyafet Yaka Anahat 1
FacialHair_B5_Outline	Sakal B Anahat 5
EarringA2_Outline	Küpe Anahat 2
TailF4_Outline	Kuyruk Anahat 18
LightStickLight	Işık Çubuğu
HatA1_Outline	Şapka Anahat 1 + 2
SideHairB1_Outline	Saçın Yanı Anahat 17 + 18
HairClip3_Color	Saç Tokası 3
NeckwearA4_Color	Boyun Takıları A 4
NeckwearA5_Color	Boyun Takıları A 5
WingC1_Lower_Outline	Kanatlar Anahat 5 .2
FrameHair_A2_Outline	Saç Ucu Anahat 3 + 4
HatB1_Outline	Şapka Anahat 3
MagicWand	Büyü
HairBang2_Middle_Color	Kahkül >< 3
HairBang2_Middle_Gradient	Kahkül >< 4
Hairband5_Color	Saç Bandı B 3
TailE2_Outline	Kuyruk Anahat 13
Brow5	Kaş 5
Tie1_Color	Boyun Takıları C 1
WingF1_Lower_Color	Kanatlar 9 .2
FrameHair_A4_Outline	Saç Ucu Anahat 7 + 8
PryBar	Levye
FacialHair_A2_Color	Sakal A 2
Outer2_Color	Kıyafet Dışı 2
Tie3_Outline	Boyun Takıları C Anahat 3
TailB4_Outline	Kuyruk Anahat 6
HairShine3_Outline	Saç Parıltısı Anahat 6
AlertHeart_Color	Bildirim Sembolü 1
WingD2_Lower_Outline	Kanatlar Anahat 7 .2
SideHairA1_Color	Saçın Yanı 1
HatA1_Color	Şapka 1 + 2
SideHairB3_Color	Saçın Yanı 21
FrameHair_A11_Gradient	Saç Ucu 22
FrameHair_A11_Color	Saç Ucu 21
SideHairB4_Gradient	Saçın Yanı 24
SideHairA4_Outline	Saçın Yanı Anahat 7 + 8
SideHairA1_Gradient	Saçın Yanı 2
CapeFront2_Color	Pelerin Önü 2
CapeFront5_Color	Pelerin Önü 5
CapeFront2_Outline	Pelerin Önü | Pelerin Anahat 2
SideHairB3_Outline	Saçın Yanı Anahat 21 + 22
SideHairB4_Color	Saçın Yanı 23
SideHairB5_Gradient	Saçın Yanı 26
TailB5_Color	Kuyruk 7
WingC1_Upper_Outline	Kanatlar Anahat 5 .1
Mecha3_Outline	Mecha Anahat 3
HairHighlight1_Color	Saç Detayı 1 << + 1 >> 
LoveLetter	Aşk Mektubu
Hairband6_Outline	Saç Bandı B Anahat 4
MusicalNote1	Müzik Notası 1
PiercingA2_Outline	Pirsing Anahat 2
StrawLiquid_Outline	Bardak 2
Eyepatch2_Color	Göz bandı 3 + 4
AnimalEar2_Front_Outline	Hayvan Kulağı Anahat 2
AnimalEar1_Fur_Color	Hayvan Kulağı Kürk 1
EarringB3_Color	Küpe 8
Pigtail_A7_Gradient	Saç Topuzu 14
AnimalEar5_Color	Hayvan Kulağı 5
EarringB4_Color	Küpe 4
HairClip2_Color	Saç Tokası 2
Glasses_Lens2	Gözlük Lens 2
HairBang6_Side_Gradient	Kahkül 12
HairBang3_Middle_Outline	Kahkül >< Anahat 5 + 6
AnimalEar9_Outline	Hayvan Kulağı Anahat 9
HatB3_Color	Şapka 5
PiercingA1_Outline	Pirsing Anahat 1
Brow8	Kaş 8
HairClip1_Outline	Saç Tokası Anahat 1
Eyepatch1_Color	Göz bandı 1 + 2
NeckwearA1_Color	Boyun Takıları A 1
Eye1_Eyelash	Kirpikler 1 + 2
ShakeLine3	Korkmuş 3
WingE1_Upper_Outline	Kanatlar Anahat 8 .1
PopperConfetti3	Konfeti 3
Star	İşaret Yıldız
HairBang1_Middle_Outline	Kahkül >< Anahat 1 + 2
SideHairA4_Gradient	Saçın Yanı 8
PiercingA3_Outline	Pirsing Anahat 3
FaceFeatureB4	Yüz Özelliği B 4
EarringA3_Outline	Küpe Anahat 3
TailF4_Color	Kuyruk 18
AnimalEar2_Fur_Color	Hayvan Kulağı Kürk 2
AnimalEar3_Outline	Hayvan Kulağı Anahat 3
Straw	Bardak 4
AnimalEar8_Outline	Hayvan Kulağı Anahat 8
AnimalEar6_Color	Hayvan Kulağı 6
TailF3_Color	Kuyruk 17
EarringB5_Outline	Küpe Anahat 10
HairClip12_Color	Saç Tokası 12
Collar6_Color	Kıyafet Yakası 6 + 7
AnimalEar6_Outline	Hayvan Kulağı Anahat 6
AnimalEar3_Color	Hayvan Kulağı 3
Brow3	Kaş 3
Glasses_Lens3	Gözlük Lens 3
EarringB5_Color	Küpe 10
LaptopLight2	Dizüstü Bilgisayar Işığı 2
PhoneScreenPattern1	Telefon Ekranı 1
TailF2_Color	Kuyruk 16
LaptopLight1	Dizüstü Bilgisayar Işığı 1
AnimalEar7_Color	Hayvan Kulağı 7
AnimalEar9_Color	Hayvan Kulağı 9
HairBang7_Middle_Outline	Kahkül >< Anahat 13 + 14
Hairband6_Color	Saç Bandı B 4
AnimalEar2_Back_Outline	Hayvan Kulağı Anahat 2 .1
HairClip1_Color	Saç Tokası 1
EarringB2_Outline	Küpe Anahat 7
Middle_Color	El 1 .7
AnimalEar5_Outline	Hayvan Kulağı Anahat 5
Hairband2_Color	Saç Bandı A 2
AnimalEar1_Front_Color	Hayvan Kulağı 1
Chopstick	Chopstick
AnimalEar2_Front_Color	Hayvan Kulağı 2
EarringB3_Outline	Küpe Anahat 8
TailF1_Color	Kuyruk 15
AnimalEar4_Color	Hayvan Kulağı 4
HairBang4_Side_Color	Kahkül 7
SideHairB7_Gradient	Saçın Yanı 30
SideHairB1_Color	Saçın Yanı 17
FacialHair_A7_Color	Sakal A 7
HairClip4_Outline	Saç Tokası Anahat 4
EarringB1_Outline	Küpe Anahat 6
Index_Color	El 1 .8
PiercingA5_Outline	Pirsing Anahat 5
TailF1_Outline	Kuyruk Anahat 15
AnimalEar1_Fur_Outline	Hayvan Kulağı Kürk Anahat 1
TailE3_Color	Kuyruk 14
AnimalEar1_Back_Color	Hayvan Kulağı 1 .1
AnimalEar2_Fur_Outline	Hayvan Kulağı Kürk Anahat 2
CupSteam	Kupa Buharı
AnimalEar2_Back_Color	Hayvan Kulağı 2 .1
AnimalEar8_Color	Hayvan Kulağı 8
EarringB4_Outline	Küpe Anahat 9
FacialHair_A8_Outline	Sakal A Anahat 8
SideHairB7_Color	Saçın Yanı 29
SideHairA4_Color	Saçın Yanı 7
SideHairB1_Gradient	Saçın Yanı 18
BackHair3_Color	Saçın Arkası 5
Pigtail_A5_Color	Saç Topuzu 9
Pigtail_A5_Gradient	Saç Topuzu 10
Pigtail_A2_Outline	Saç Topuzu Anahat 3 + 4
HairShine6_Outline	Saç Parıltısı Anahat 12
Antenna1_Outline	Anten Anahat 1
AlertLike_Outline	Bildirim Sembolü Anahat 4
FacialHair_A5_Outline	Sakal A Anahat 5
Horn5_Outline	Boynuz Anahat 5
FrameHair_A8_Color	Saç Ucu 15
FrameHair_A8_Gradient	Saç Ucu 16
FrameHair_Top_Color	Saç Ucu top
HairBang5_Middle_Color	Kahkül >< 9
HairShine1_Outline	Saç Parıltısı Anahat 2
WingG1_Inner_Outline	Kanatlar Anahat 10 .2
VideoCamera	Video kamera
FrameHair_A7_Gradient	Saç Ucu 14
FrameHair_A7_Color	Saç Ucu 13
Index_Outline	El 1 .9
Mouth	Ağız
TailC3_Outline	Kuyruk Anahat 10
Wing2_Outline	Kulak Kanadı Anahat 2
Wing1_Color	Kulak Kanadı Anahat 1
WingC1_Upper_Color	Kanatlar Anahat 5 .1
Main7_Color	Kıyafet İçi 7
HairHighlight3_Color	Saç Detayı 3 << + 3 >>
HairHighlight4_Outline	Saç Detayı >< Anahat 1 + 2
ErrorPopup	Hata Verdim
TrashBinLid	Çöp Kutusu 2
BackHair1_Outline	Saçın Arkası Anahat 1 + 2
BackHair2_Outline	Saçın Arkası Anahat 3 + 4
Horn6_Color	Boynuz 6
HairBang7_Middle_Color	Kahkül >< 13
little_Outline	El 1 .10
HornF1_Outline	Ön Boynuz Anahat 1
TailC2_Outline	Kuyruk Anahat 9
Outer2_Outline	Kıyafet Dışı Anahat 2
BackHair3_Outline	Saçın Arkası Anahat 5 + 6
Tongue_Shadow	Dil Gölgesi
Blush	Yüz Kızarklığı
FacialHair_B5_Color	Sakal B 5 
Knife	Ağzım Sulandı (Çatal ve Bıçak) 2
HairBang3_Side_Outline	Kahkül Anahat 5 + 6
HairBang5_Side_Outline	Kahkül Anahat 9 + 10
Horn7_Outline	Boynuz Anahat 7
PopcornBucket	Yemek (Patlamış mısır) 1
Pigtail_A3_Outline	Saç Topuzu Anahat 5 + 6
Collar7_Color	Kıyafet Yakası 8
Hairband3_Color	Saç Bandı B 1
Hammer	Çekiç
TailE3_Outline	Kuyruk Anahat 14
HairBang6_Side_Outline	Kahkül Anahat 11 + 12
HairBang2_Side_Outline	Kahkül Anahat 3 + 4
HairShine7_Outline	Saç Parıltısı Anahat 14
EyepatchBandage_Color	Göz bandı 5 + 6
EyepatchBandage_Outline	Göz Bandı Anahattı 5 + 6
HairbandBack1_Color	Saç Bandı D 1
Hairband4_Outline	Saç Bandı B Anahat 2
KeyboardKeyA	Yaz Normal 1
Thumb_Outline	El 1 .11
FacialHair_B3_Color	Sakal B 3
Hairband2_Outline	Saç Bandı A Anahat 2
HairbandBack1_Outline	Saç Bandı D Anahat 1
TailB3_Color	Kuyruk 5
FrameHair_A7_Outline	Saç Ucu Anahat 13 + 14
FrameHair_A10_Color	Saç Ucu 19
FrameHair_A10_Gradient	Saç Ucu 20
FrameHair_A11_Outline	Saç Ucu Anahat 21 + 22
FrameHair_A9_Color	Saç Ucu 17
FacialHair_A3_Color	Sakal A 3
BackHair1_Color	Saçın Arkası 1
Laptop	Dizüstü Bilgisayar
SignRound	Yuvarlak İşaret
HairBang1_Side_Color	Kahkül 1
HairBang4_Side_Gradient	Kahkül 8
HairBang5_Side_Color	Kahkül 9
BackHair2_Color	Saçın Arkası 3
Pigtail_A6_Outline	Saç Topuzu Anahat 11 + 12
Pigtail_A7_Outline	Saç Topuzu Anahat 13 + 14
Watermelon	Yemek (Karpuz)
Cheek2	Yanak 2
HairClip6_Color	Saç Tokası 6
Spoon	Geldim (Kaşık)
Tape	Bant
HatB2_Outline	Şapka Anahat 4
HairShine2_Outline	Saç Parıltısı Anahat 4
HairBang1_Side_Gradient	Kahkül 2
HairBang2_Side_Color	Kahkül 3
HairBang5_Side_Gradient	Kahkül 10
BackHair2_Gradient	Saçın Arkası 4
FrameHair_B3_Outline	Saç Ucu Anahat 28
FaceFeatureC1	Yüz Özelliği C 1
Pigtail_A8_Color	Saç Topuzu 15
NeckwearB4_Color	Boyun Takıları B 4
WingE1_Lower_Color	Kanatlar 8 .3
PhoneScreen	Telefon Ekranı 3
AngrySteam	İşaret Buhar
Outer1_Color	Kıyafet Dışı 1
SideHair_Branch_C2_Outline	Yan Saç Kalkıklığı C Anahat 2
Hairband4_Color	Saç Bandı B 2
Pigtail_A3_Color	Saç Topuzu 5
BackHair3_Gradient	Saçın Arkası 6
HairBang2_Side_Gradient	Kahkül 4
PixelSunglasses	Piksel Güneş Gözlüğü
HatB1_Color	Şapka 3
FacialHair_B3_Outline	Sakal B Anahat 3
CapeBack1_Color	Pelerin Arkası 1
HairShine1_Color	Saç Parıltısı 1 + 2
Palmar_Color	El 1 .12
Ahoge_B1_Color	Ahoge Saçı 5
HatA2_Outline	Şapka Anahat 2
Pigtail_A5_Outline	Saç Topuzu Anahat 9 + 10
Pigtail_A3_Gradient	Saç Topuzu 6
HairBang3_Side_Color	Kahkül 5
HairBang3_Side_Gradient	Kahkül 6
HairShine4_Outline	Saç Parıltısı Anahat 8
BackHair1_Gradient	Saçın Arkası 2
SignSquare	Kare İşaret
Horn4_Outline	Boynuz 4
PonytailB1_Gradient	Saç At Kuyruğu 12
PonytailB1_Color	Saç At Kuyruğu 11
FrameHair_A1_Outline	Saç Ucu Anahat 1 + 2
Collar7_Outline	Kıyafet Yaka Anahat 8
NeckwearA3_Outline	Boyun Takıları A Anahat 3
NeckwearA2_Outline	Boyun Takıları A Anahat 2
TailA1_Outline	Kuyruk Anahat 1
Horn3_Outline	Boynuz Anahat 3
Pigtail_A8_Gradient	Saç Topuzu 16
SunglassesReflection	Güneş Gözlüğü Yansıması
NeckwearA6_Color	Boyun Takıları A 6
Tie2_Outline	Boyun Takıları C Anahat 2
Halo4_Color	Hale 5 + 6
FrameHair_A6_Color	Saç Ucu 11
Middle_Outline	El 1 .13
RedPacketCoin2	Kırmızı Paket 3
NeckwearB5_Color	Boyun Takıları B 5
Eye1_HighlightCry	Gözler 1 | Ağla
Collar3_Color	Kıyafet Yakası 3
TailC3_Color	Kuyruk 10
ElfEar_Color	Kulaklar 1.1
Surprise	İşaret Sürpriz
Gill3_Outline	Solungaç Anahat 1 .3
Pigtail_A4_Gradient	Saç Topuzu 8
Pigtail_A1_Color	Saç Topuzu 1
Eye_U	Uyu (UU)
Cockroach	Hamamböceği
Halo3_Outline	Hale Anahat 3
Wing3_Outline	Kulak Kanadı Anahat 3
Halo4_Outline	Hale Anahat 5 + 6
Wing3_Color	Kulak Kanadı 3
WingD1_Outline	Kanatlar Anahat 6
FacialHair_A1_Color	Sakal A 1
Ghost	İşaret Hayalet
Hairband7_Outline	Saç Bandı C Anahat 1
Horn6_Outline	Boynuz Anahat 6
HairHighlight3_Outline	Saç Detayı Anahat 3 << + 3 >>
Glasses_Frame2	Gözlük 2
NeckwearA4_Outline	Boyun Takıları A Anahat 4
Ear_Color	Kulaklar 1
HatB2_Color	Şapka 4
FacialHair_A4_Outline	Sakal A Anahat 4
PonytailB1_Outline	Saç At Kuyruğu Anahattı 11 + 12
Collar1_Color	Kıyafet Yakası 1
CapeBack3_Outline	Pelerin Arkası | Pelerin Anahat 3
Pigtail_A1_Outline	Saç Topuzu Anahat 1 + 2
Tie2_Color	Boyun Takıları C 2
TailE1_Color	Kuyruk 12
PatHand	Okşayan El
Main6_Outline	Kıyafet İçi Anahat 6
Pigtail_A6_Color	Saç Topuzu 11
Card	Tersi
FacialHair_A8_Color	Sakal A 8
CapeBack2_Outline	Pelerin Arkası | Pelerin Anahat 2
CapeFront6_Color	Pelerin Önü 6
PonytailB2_Gradient	Saç At Kuyruğu 14
Megaphone	Megafon
Glasses_Frame1	Gözlük 1
Pigtail_B1_Outline	Saç Topuzu Anahat 17 + 18
Eye1_Dollar	Göz Paracık 1 + 2
FaceFeatureA1	Yüz Özelliği A 1
Eye1_Heart	Göz Kalp 1 + 2
Collar2_Color	Kıyafet Yakası 2
Pigtail_A6_Gradient	Saç Topuzu 12
FrameHair_B3_Gradient	Saç Ucu 28
FrameHair_B3_Color	Saç Ucu 27
FrameHair_TopBack_Outline	Saç Ucu top Anahat 2
Horn5_Color	Boynuz 5
Fork	Ağzım Sulandı (Çatal ve Bıçak) 1
SteeringWheel	Direksiyon
Hairband1_Color	Saç Bandı A 1
HatB3_Outline	Şapka Anahat 5
FrameHair_A4_Color	Saç Ucu 7
NeckwearB3_Color	Boyun Takıları B 3
HammerEffect1	Çekiç 1
HairHighlight6_Color	Saç Detayı >< 5 + 6
Pigtail_B2_Outline	Saç Topuzu Anahat 19 + 20
WingF1_Upper_Outline	Kanatlar Anahat 9 .1
Pigtail_A2_Gradient	Saç Topuzu 4
RedPacketCoin3	Kırmızı Paket 2
FrameHair_A9_Gradient	Saç Ucu 18
TrashBin	Çöp Kutusu 1
FacialHair_A2_Outline	Sakal A Anahat 2
Tongue1	Yala Yala | Dil
HairShine4_Color	Saç Parıltısı 7 + 8
Toilet	Tuvalet
FrameHair_A5_Gradient	Saç Ucu 10
CapeFront6_Outline	Pelerin Önü | Pelerin Anahat 6
FrameHair_A5_Color	Saç Ucu 9
CapeBack2_Color	Pelerin Arkası 2
SunGlasses_Lens	Güneş Gözlüğü Lens
FrameHair_A9_Outline	Saç Ucu Anahat 17 + 18
Main8_Outline	Kıyafet İçi Anahat 8
Pigtail_A4_Color	Saç Topuzu 7
KeyboardKeyB	Yaz Normal 2
Tie3_Color	Boyun Takıları C 3
Nose2	Burun 2
FacialHair_A5_Color	Sakal A 5
AlertCustom_Color	Bildirim Sembolü 2
AlertCustom_Outline	Bildirim Sembolü Anahat 2
SideHair_Branch_A2_Outline	Yan Saç Kalkıklığı A Anahat 2
Horn1_Color	Boynuz 1
Outer3_Outline	Kıyafet Dışı Anahat 3
SideHair_Branch_B1_Outline	Yan Saç Kalkıklığı B Anahat 1
ElfEar_Outline	Kulaklar Anahat 1.1
Outer4_Color	Kıyafet Dışı 4
Outer3_Color	Kıyafet Dışı 3
HairHighlight5_Outline	Saç Detayı >< Anahat 3 +4
SideHair_Branch_C1_Outline	Yan Saç Kalkıklığı C Anahat 1
Stylus	Çizim Tableti Kalemi
Tear2_Outline	Göz Yaşı 3
Donut1	Çörek 1
Donut2	Çörek 2
SideHair_Branch_A1_Outline	Yan Saç Kalkıklığı A Anahat 1
Eye1_Light	Göz İris Açıklığı 1 + 2
Angry2	İşaret Sinirli 2
WingF1_Upper_Color	Kanatlar 9 .1
NeckwearB2_Color	Boyun Takıları B 1 + 2
SideHair_Branch_A1_Color	Yan Saç Kalkıklığı A 1
SignRoundText1	Yuvarlak İşaret Metni
Collar2_Outline	Kıyafet Yaka Anahat 2
MusicalNote2	Müzik Notası 2
FacialHair_B4_Color	Sakal B 4
Mecha2_Color	Mecha 2
Six	Altı Numara
PointHand	İşaret Eden El
HairClip8_Color	Saç Tokası 8
FaceFeatureB1	Yüz Özelliği B 1
Pigtail_B2_Gradient	Saç Topuzu 20
Main8_Color	Kıyafet İçi 8
Tear2_Color	Göz Yaşı 2
Eye3_Dark	Göz İris Koyuluğu 3
Outer4_Outline	Kıyafet Dışı Anahat 4
Glasses_Lens1	Gözlük Lens 1
WingA3_Outline	Kanatlar Anahat 3
Ahoge_B2_Color	Ahoge Saçı 6
CapeFront1_Outline	Pelerin Önü | Pelerin Anahat 1
Cake	Kek
WingD1_Color	Kanatlar 6
Pigtail_B1_Gradient	Saç Topuzu 18
Outer7_Color	Kıyafet Dışı 7
Ahoge_B1_Outline	Ahoge Saçı Anahat 5
HornM1_Outline	Ön Boynuz >< Anahat 1
HornF2_Color	Ön Boynuz 2
CapeFront4_Color	Pelerin Önü 4
FrameHair_Branch_A3_Color	Saç Kalkıklığı 3
Main2_Outline	Kıyafet İçi Anahat 2
Wing1_Outline	Kulak Kanadı Anahat 1
WingD2_Upper_Outline	Kanatlar Anahat 7 .1
Mecha4_Color	Mecha 4
Horn1_Outline	Boynuz Anahat 1
WingA2_Color	Kanatlar 2
EasterEggBasket	Paskalya 4
Mecha4_Outline	Mecha Anahat 4
Antenna2_Color	Anten 2
Mecha1_Color	Mecha 1
Ahoge_A3_Outline	Ahoge Saçı Anahat 3
Main1_Outline	Kıyafet İçi Anahat 1
Horn2_Color	Boynuz 2
HairBang4_Middle_Gradient	Kahkül >< 8
CapeFront3_Color	Pelerin Önü 3
Notepad	Not Defteri
Outer5_Color	Kıyafet Dışı 5
WingA3_Color	Kanatlar 3
WingB1_Color	Kanatlar 4
Pistol	Silah
Horn7_Color	Boynuz 7
Bottle	Kola Shake
Outer6_Color	Kıyafet Dışı 6
Laugh2	İşaret Gülmek 2
FrameHair_B1_Gradient	Saç Ucu 24
Outer5_Outline	Kıyafet Dışı Anahat 5
FrameHair_Top_Outline	Saç Ucu top Anahat
WingG1_Inner_Color	Kanatlar 10 .2
HairBang5_Middle_Outline	Kahkül >< Anahat 9 + 10
Beer	Şerefe
HairBang4_Middle_Color	Kahkül >< 7
TailE1_Outline	Kuyruk Anahat 12
TailC2_Color	Kuyruk 9
HornF2_Outline	Boynuz Anahat 9
HairBang2_Middle_Outline	Kahkül >< Anahat 3 + 4
Ahoge_B2_Outline	Ahoge Saçı Anahat 6
Bell	Zil 2
FrameHair_Branch_A3_Outline	Saç Kalkıklığı Anahat 3
FrameHair_A3_Color	Saç Ucu 5
FrameHair_A3_Gradient	Saç Ucu 6
Horn2_Outline	Boynuz Anahat 2
Outer6_Outline	Kıyafet Dışı Anahat 6
WingD2_Upper_Color	Kanatlar 7 .1
Antenna2_Outline	Anten Anahat 2
TailB5_Outline	Kuyruk Anahat 7
HairBang5_Middle_Gradient	Kahkül >< 10
HairBang1_Middle_Color	Kahkül >< 1
QuestionMark	İşaret Soru
Horn3_Color	Boynuz 3
SignSquareText1	Kare İşaret Metni
Antenna1_Color	Anten 1
FrameHair_A2_Gradient	Saç Ucu 4
HairHighlight1_Outline	Saç Detayı Anahat 1 << + 1 >>
TailD1_Color	Kuyruk 11
HairBang6_Middle_Outline	Kahkül >< Anahat 11 + 12
HairBang7_Middle_Gradient	Kahkül >< 14
HairBang6_Middle_Color	Kahkül >< 11
HairBang6_Middle_Gradient	Kahkül >< 12
CapeFront4_Outline	Pelerin Önü | Pelerin Anahat 4
FrameHair_A2_Color	Saç Ucu 3
FacialHair_A1_Outline	Sakal A Anahat 1
HairBang1_Middle_Gradient	Kahkül >< 2
HornM1_Color	Ön Boynuz >< 1
TailB4_Color	Kuyruk 6
TailB2_Color	Kuyruk 4
Pigtail_B2_Color	Saç Topuzu 19
Fin1_Color	Yüzgeç 1
TailB3_Outline	Kuyruk Anahat 5
Halo1_Color	Hale 1
TailB2_Outline	Kuyruk Anahat 4
FrameHair_A3_Outline	Saç Ucu Anahat 5 + 6
FrameHair_B1_Color	Saç Ucu 23
HairClip7_Color	Saç Tokası 7
FacialHair_A6_Color	Sakal A 6
FacialHair_A3_Outline	Sakal A 3
Halo1_Outline	Hale Anahat 1
Hairband7_Color	Saç Bandı C 1
Keyboard	Yaz Normal 3
FrameHair_A6_Outline	Saç Ucu Anahat 11 + 12
VolumeOff	İşaret Ses 2
PalmarGlove1_Color	El 2 .2
FacialHair_A6_Outline	Sakal A Anahat 6
TailB1_Outline	Kuyruk Anahat 3
Pigtail_A1_Gradient	Saç Topuzu 2
FrameHair_A4_Gradient	Saç Ucu 8
KitchenKnife	Mutfak Bıçağı
Halo2_Color	Hale 2
FrameHair_A6_Gradient	Saç Ucu 12
HairShine5_Color	Saç Parıltısı 9 + 10
FrameHair_B2_Color	Saç Ucu 25
FacialHair_B1_Outline	Sakal B Anahat 1
Main3_Outline	Kıyafet İçi Anahat 3
Main4_Outline	Kıyafet İçi Anahat 4
Main7_Outline	Kıyafet İçi Anahat 7
HatA2_Color	Şapka 2
Pigtail_C2_Outline	Saç Topuzu Anahat 23 + 24
Main1_Color	Kıyafet İçi 1
Eyepatch2_Outline	Göz Bandı Anahattı 3 + 4
SideHair_Branch_C2_Color	Yan Saç Kalkıklığı C 2
HairHighlight6_Outline	Saç Detayı >< Anahat 5 + 6
SideHair_Branch_C1_Color	Yan Saç Kalkıklığı C 1
Eyepatch1_Outline	Göz Bandı Anahattı 1 + 2
AlertCoin_Outline	Bildirim Sembolü Anahat 3
Eye_Dum_Outline	Göz (Enayi) Anahat 1 + 2
FrameHair_Branch_A2_Outline	Saç Kalkıklığı Anahat 2
Main5_Color	Kıyafet İçi 5
Pompom	Ponpon
HairClip10_Outline	Saç Tokası Anahat 10
WaveHand	El Salla
HeartItem	Kalp
FrameHair_Branch_A2_Color	Saç Kalkıklığı 2
FrameHair_Branch_A1_Outline	Saç Kalkıklığı Anahat 1
Eye_Dum_Color	Göz Beyazı
AlertCoin_Color	Bildirim Sembolü 3
Button	Düğme
SideHair_Branch_B2_Outline	Yan Saç Kalkıklığı B Anahat 2
Face_Shadow	Yüz Gölgesi
AlertStar_Outline	Bildirim Sembolü Anahat 5
Pigtail_C1_Outline	Saç Topuzu Anahat 21 + 22
AlertHeart_Outline	Bildirim Sembolü Anahat 1
AlertLike_Color	Bildirim Sembolü 4
AlertStar_Color	Bildirim Sembolü 5
Sleep	İşaret Uyku
Square	Kapı/Duvar | Hapishane Demiri | Battaniye Dışı
SideHair_Branch_A2_Color	Yan Saç Kalkıklığı A 2
Beverage	Bardak 3
HairClip8_Outline	Saç Tokası Anahat 8
HairClip9_Outline	Saç Tokası Anahat 9
GiftBox	Hediye 1
Mecha5_Outline	Mecha Anahat 5
WingC1_Lower_Color	Kanatlar 5 .2
Gill3_Color	Solungaç 1 .3
FacialHair_B6_Outline	Sakal B Anahat 6
HairClip10_Color	Saç Tokası 10
SideHair_Branch_B2_Color	Yan Saç Kalkıklığı B 2
SideHair_Branch_B1_Color	Yan Saç Kalkıklığı B 1
Bowl	Kâse
Pigtail_C1_Color	Saç Topuzu 21
Pigtail_C1_Gradient	Saç Topuzu 22
HairClip7_Outline	Saç Tokası Anahat 7
HairHighlight5_Color	Saç Detayı >< 3 + 4
HairClip6_Outline	Saç Tokası Anahat 6
Bill1	Para 1
LubricantSpray	Sprey
Ahoge_A1_Outline	Ahoge Saçı Anahat 1
Gill1_Outline	Solungaç Anahat 1 .1
FacialHair_B6_Color	Sakal B 6 
Heart	İşaret Kalp
Popper	Konfeti Patlatıcı
Pencil	Kalem
Ahoge_A3_Color	Ahoge Saçı 3
BeverageCup	Bardak
Mouth_Popcat2	Popcat | Ağız 2
HairClip9_Color	Saç Tokası 9
AlertBits_Color	Bildirim Sembolü 6
Seven	Yedi Numara
PhoneFront	Telefon 1
Gill2_Outline	Solungaç Anahat 1 .2
FrameHair_B2_Outline	Saç Ucu Anahat 25 + 26
NeckwearB7_Outline	Boyun Takıları B Anahat 7
Angry1	İşaret Sinirli 1
Cup	Kupa
Phone	Telefon 2
Palmar_Outline	El 1 .14
FrameHair_B1_Outline	Saç Ucu Anahat 23 + 24
WingD2_Lower_Color	Kanatlar 7 .2
HairClip11_Outline	Saç Tokası Anahat 11
RedPacket	Kırmızı Paket 1
HairClip12_Outline	Saç Tokası Anahat 12
Gill1_Color	Solungaç 1 .1
Eye1_Dark	Göz İris Koyuluğu 1 + 2
NeckwearB3_Outline	Boyun Takıları B Anahat 3
LightBulb	İşaret Ampul
Mecha3_Color	Mecha 3
Mecha6_Outline	Mecha Anahat 6
Ahoge_A1_Color	Ahoge Saçı 1
WingA1_Outline	Kanatlar Anahat 1
RedPacketCoin1	Kırmızı Paket 5
SweatBlue	İşaret Ter Büyük
HornF1_Color	Ön Boynuz 1
Sparkle	Video Kamera Işığı
Ahoge_A2_Outline	Ahoge Saçı Anahat 
FaceFeatureC2	Yüz Özelliği C 2
Glove1_Outline	Eldiven Anahat
PalmGlove1_Color	El 2 .3
PalmGlove1_Outline	El 2 .4
FacialHair_B2_Outline	Sakal B 2
Mecha6_Color	Mecha 6
CapeFront1_Color	Pelerin Önü 1
HairClip4_Color	Saç Tokası 4
NeckwearB1_Color	Boyun Takıları B 2
Cheek1	Yanak 1
Lubricant	Sprey Kutusu
Ahoge_A4_Outline	Ahoge Saçı Anahat 4
Angry3	İşaret Sinirli 3
Microphone	Mikrofon
NeckwearB4_Outline	Boyun Takıları B Anahat 4
WingE1_Middle_Outline	Kanatlar Anahat 8 .2
FacialHair_B2_Color	Sakal B 2
Collar4_Outline	Kıyafet Yaka Anahat 4
TailF3_Outline	Kuyruk Anahat 17
Donut4	Çörek 4
Laugh3	İşaret Gülmek 3
Tear1	Göz Yaşı 1
NeckwearA6_Outline	Boyun Takıları A Anahat 6
Confetti1	Konfeti 4
Eye_Dum_Pupil	Göz(Enayi) Gözbebeği
NeckwearB2_Outline	Boyun Takıları B Anahat 1 + 2
FrameHair_B4_Color	Saç Ucu 29
FrameHair_B4_Gradient	Saç Ucu 30
NeckwearB6_Outline	Boyun Takıları B Anahat 6
Eye_Popcat_Dark	Enayi 3 | Gözler | Popcat Düz 2
HairClip2_Outline	Saç Tokası Anahat 2
FrameHair_B2_Gradient	Saç Ucu 26
Hand_Outline	El 1 .15
Glove1_Color	Eldiven
NeckwearA1_Outline	Boyun Takıları A Anahat 1
WingE1_Lower_Outline	Kanatlar Anahat 8 .3
Mouse	Fare
Collar5_Color	Kıyafet Yakası 5
Tie1_Outline	Boyun Takıları C Anahat 1
Eyebag	Göz torbası
WingG1_Outter_Outline	Kanatlar Anahat 10 .1
Laugh1	İşaret Gülmek 1
Popcorn	Yemek (Patlamış mısır) 2
NeckwearA5_Outline	Boyun Takıları A Anahat 5
BeverageLiquid	Bardaktaki Sıvı
Eye3_HighlightCry	Gözler 3 | Ağla
Eye3_Sparkling	Göz Parıltısı 3
Confetti2	Konfeti 5
Eye3_Spiral	Göz Spiral 3
FacialHair_B1_Color	Sakal B 1
PhoneScreenPattern2	Telefon Ekranı 2
VolumeOn	İşaret Ses 3
FacialHair_B4_Outline	Sakal B Anahat 4
Collar5_Outline	Kıyafet Yaka Anahat 5
WingEL_Lower_WeightTransfer	Kanatlar >> 15 .3
NeckwearB1_WeightTransfer	Boyun Takıları B 8
FloatingL_WeightTransfer	Mecha >> 7
HairBang_SideL_WeightTransfer	Kahkül >> 13
FloatingR_WeightTransfer	Mecha << 7
Glasses_WeightTransfer	Gözlük 4
AhogeA_WeightTransfer	Ahoge Saçı 7
BackHair_WeightTransfer	Saçın Arkası 7
AnimalEarBL_WeightTransfer	Hayvan Kulağı >> 11
EyepatchA_WeightTransfer	Göz bandı 7
TailD_WeightTransfer	Kuyruk 22
HairBang_Middle_WeightTransfer	Kahkül >< 15
Face_WeightTransfer	Yüz Özelliği C 3
NeckwearB2_WeightTransfer	Boyun Takıları B 9
EarringBR_WeightTransfer	Küpe << 12
EarringBL_WeightTransfer	Küpe >> 12
NeckwearC_WeightTransfer	Boyun Takıları C 4
HatC_WeightTransfer	Şapka 11
TailFSoft_WeightTransfer	Kuyruk 25
TailFHard_WeightTransfer	Kuyruk 24
EarringAR_WeightTransfer	Küpe << 11
EarringAL_WeightTransfer	Küpe >> 11
HatA_WeightTransfer	Şapka 9
LegR_WeightTransfer	Bacak << 2
LegL_WeightTransfer	Bacak >> 2
HatD_WeightTransfer	Şapka 12
FrameHair_WeightTransfer	Saç Ucu >< 
TailE_WeightTransfer	Kuyruk 23
TailA_WeightTransfer	Kuyruk 19
SideHairB_WeightTransfer	Saçın Yanı 34
SideHairA_WeightTransfer	Saçın Yanı 33
PonytailA_WeightTransfer	Saç At Kuyruğu 15
WingER_Upper_WeightTransfer	Kanatlar << 15 .1
WingER_Middle_WeightTransfer	Kanatlar << 15 .2
OutfitOuter_WeightTransfer	Kıyafet Dışı 8
WingAL_WeightTransfer	Kanatlar >> 11
PalmarL_WeightTransfer	El >> 3 .5
HeadWingAL_WeightTransfer	Kulak Kanadı >> 4
BrowL_WeightTransfer	Kaş >> 10
BrowR_WeightTransfer	Kaş << 10
MustacheA_WeightTransfer	Sakal B 7
TailC_WeightTransfer	Kuyruk 21
FrameHair_BranchL_WeightTransfer	Saç Kalkıklığı >> 4
HandL_Middle_WeightTransfer	El >> 3 .1
HandL_Thumb_WeightTransfer	El >> 3 .2
NeckwearA_WeightTransfer	Boyun Takıları A 7
WingER_Lower_WeightTransfer	Kanatlar << 15 .3
WingEL_Upper_WeightTransfer	Kanatlar >> 15 .1
WingGL_Outter_WeightTransfer	Kanatlar >> 17 .1
WingCL_Upper_WeightTransfer	Kanatlar >> 13 .1
WingGR_Inner_WeightTransfer	Kanatlar << 17 .2
WingCR_Upper_WeightTransfer	Kanatlar << 13 .1
EarL_WeightTransfer	Kulaklar 2 >>
EarR_WeightTransfer	Kulaklar 2 <<
CapeBack_WeightTransfer	Pelerin Arkası 4
CapeFront_WeightTransfer	Pelerin Önü 7
WingEL_Middle_WeightTransfer	Kanatlar >> 15 .2
WingFR_Upper_WeightTransfer	Kanatlar << 16 .1
AntennaR_WeightTransfer	Anten << 3
AnimalEarAR_WeightTransfer	Hayvan Kulağı << 10
WingDL_WeightTransfer	Kanatlar >> 14
AnimalEarCL_WeightTransfer	Hayvan Kulağı >> 12
WingGL_Inner_WeightTransfer	Kanatlar >> 17 .2
Halo_WeightTransfer	Hale 7
FinR_WeightTransfer	Yüzgeç << 2
HatB_WeightTransfer	Şapka 10
AnimalEarAL_WeightTransfer	Hayvan Kulağı >> 10
TailB_WeightTransfer	Kuyruk 20
HandL_Little_WeightTransfer	El >> 3 .3
HandL_Index_WeightTransfer	El >> 3 .4
FinL_WeightTransfer	Yüzgeç >> 2
AntennaL_WeightTransfer	Anten >> 3
PonytailAR_WeightTransfer	Saç Topuzu << 25
OutfitInner_WeightTransfer	Kıyafet İçi 9
MustacheB_WeightTransfer	Sakal B 8
PonytailB_WeightTransfer	Saç At Kuyruğu 16
HairBandA_WeightTransfer	Saç Bandı A 3
HairBang_SideR_WeightTransfer	Kahkül << 13
EyepatchB_WeightTransfer	Göz bandı 8
WingFL_Lower_WeightTransfer	Kanatlar >> 16 .2
WingBL_WeightTransfer	Kanatlar >> 12
PonytailCL_WeightTransfer	Saç Topuzu >> 26
HairbandB_WeightTransfer	Saç Bandı B 5
BeardA_WeightTransfer	Sakal A 9
PonytailAL_WeightTransfer	Saç Topuzu >> 25
AnimalEarBR_WeightTransfer	Hayvan Kulağı << 11
EyelashR_WeightTransfer	Gözler 4 | Kirpikler <<
GillR_WeightTransfer	Solungaç << 2
PiercingAL_WeightTransfer	Pirsing A >> 6
PiercingAR_WeightTransfer	Pirsing A << 6
WingFR_Lower_WeightTransfer	Kanatlar << 16 .2
WingFL_Upper_WeightTransfer	Kanatlar >> 16 .1
HairBandC_WeightTransfer	Saç Bandı D 3
HornL_WeightTransfer	Boynuz >> 8
HornR_WeightTransfer	Boynuz << 8
EyelashL_WeightTransfer	Gözler 4 | Kirpikler >>
GillL_WeightTransfer	Solungaç >> 2
HornFrontL_WeightTransfer	Ön Boynuz >> 3
HornFrontR_WeightTransfer	Ön Boynuz << 3
WingDR_WeightTransfer	Kanatlar << 14
FrameHair_BranchR_WeightTransfer	Saç Kalkıklığı << 4
HeadWingAR_WeightTransfer	Kulak Kanadı << 4
HornFrontM_WeightTransfer	Ön Boynuz >< 2
WingGR_Outter_WeightTransfer	Kanatlar << 17 .1
EyeDollarR_WeightTransfer	Göz Paracık << 4 + 5
EyeHeartL_WeightTransfer	Göz Kalp >> 4 + 5
EyeHeartR_WeightTransfer	Göz Kalp << 4 + 5
EyeHighlightCryL_WeightTransfer	Gözler 4 + 5 >> | Ağla
EyeHighlightCryR_WeightTransfer	Gözler 4 + 5 << | Ağla
EyeL_WeightTransfer	Gözler >> 4 + 5
EyeR_WeightTransfer	Gözler << 4 + 5
EyeSparklingL_WeightTransfer	Göz Parıltısı >> 4 + 5
EyeSparklingR_WeightTransfer	Göz Parıltısı << 4 + 5
EyeSpiralL_WeightTransfer	Göz Spiral >> 4 + 5
EyeSpiralR_WeightTransfer	Göz Spiral << 4 + 5
AnimalEarCR_WeightTransfer	Hayvan Kulağı << 12
WingAR_WeightTransfer	Kanatlar << 11
PonytailCR_WeightTransfer	Saç Topuzu << 26
PiercingBL_WeightTransfer	Pirsing B >> 6
PiercingBR_WeightTransfer	Pirsing B << 6
HandL_WeightTransfer	El >> 3
HandR_Index_WeightTransfer	El << 3 .4
HandR_Little_WeightTransfer	El << 3 .3
HandR_Middle_WeightTransfer	El << 3 .1
HandR_Thumb_WeightTransfer	El << 3 .2
HandR_WeightTransfer	El << 3
PalmarR_WeightTransfer	El << 3 .5
WingCL_Lower_WeightTransfer	Kanatlar >> 13
WingCR_Lower_WeightTransfer	Kanatlar << 13
WingBR_WeightTransfer	Kanatlar << 12
EyeDollarL_WeightTransfer	Göz Paracık >> 4 + 5
ClownWig	Palyaço 1
FireA1	Ateş
ElectricFan	Elektrikli Fan
Cheese	Peynir
ElectricFanBlades	Elektrikli Fan Kanatları
Guitar_Outline	Gitar Anahattı
Guitar_Color1	Gitar Rengi 1
PaperFanSticks	Katlanır Yelpaze 2
PaperFanLeaf	Katlanır Yelpaze 1
Stool	Dışkı
Slipper	Terlik
Guitar_Color2	Gitar Rengi 2
WinkStar	Göz Kırpma Yıldızı
ClownNose	Palyaço 2
Guitar_Color3	Gitar Rengi 3
SideHairA7_Color	Saçın Yanı 13
PonytailA3_Gradient	Saç At Kuyruğu 6
SideHairA2_Gradient	Saçın Yanı 4
SideHairB5_Color	Saçın Yanı 25
SideHairB3_Gradient	Saçın Yanı 22
PonytailA2_Outline	Saç At Kuyruğu Anahattı 3 + 4
PonytailB2_Outline	Saç At Kuyruğu Anahattı 13 + 14
PonytailB2_Color	Saç At Kuyruğu 13
Outer7_Outline	Kıyafet Dışı Anahat 7
Outer1_Outline	Kıyafet Dışı Anahat 1
Hand_Color	El 1
LaptopLight3	Dizüstü Bilgisayar Işığı 3
Finger	ovmak 1
Scissor	Kesim (Makas)
BoopHand	Bop
Trophy	Kupa 1
ProgressBar	İlerleme Çubuğu Kabı
Progress	İlerleme Çubuğu Doldurma
