SpriteName	Uk
FaceFeatureB5	Риса обличчя B 5
PiercingA5_Color	Пірсинг 5
Loading	Завантаження наклейки
Nose3	ніс 3
CapeFront3_Outline	Капський фронт | Контур мису 3
CockroachLeg	Тарган 1
EarringA5_Color	Сережка 5
Eye2_Highlight	Підсвічування очей 2
Angry4	Наклейка Angry (Злий) 4
AnimalEar1_Front_Outline	Вухо тварин Схема 1
Main5_Outline	Внутрішній контур спорядження 5
ExclamationMark	Наклейка знак оклику
Mouth_Line	Чашка для напоїв | Рот
Eye3_Dollar	Око Долар 3
HairShine7_Color	Блиск волосся 13 + 14
WingG1_Outter_Color	Крило 10 .1
Eye1_Upperlid	вії 1 .1
WingE1_Middle_Color	Крило 8 .2
TailE2_Color	хвіст 13
SweatWhite	Наклейка Піт
Collar6_String	Спорядження Комір рядок 7
PonytailA5_Color	Хвіст для волосся 9
FrameHair_A10_Outline	Обрамлення волосся Контур 19
HairBang6_Side_Color	Чубчик для волосся 11
SideHairA5_Outline	Контур волосся збоку 9 + 10
SideHairA3_Color	Сторона волосся 5
FrameHair_A5_Outline	Обрамлення волосся Контур 9 + 10
Pigtail_A2_Color	 Косичка для волосся 3
SideHairB8_Outline	Контур волосся збоку 31 + 32
SideHairA3_Outline	Контур волосся збоку 5 + 6 
PonytailA1_Color	Хвіст для волосся 1
PonytailA5_Gradient	Хвіст для волосся 10
BellClapper	дзвоник 1
EarringA5_Outline	Сережка Контур 5
HairShine5_Outline	Контур блиску волосся 10
Nose1	ніс 1
HairClip5_Color	Заколка для волосся 5
TailC1_Color	хвіст 8
PonytailA5_Outline	Контур зачіски в хвіст 9 + 10
WingB1_Outline	Крило Контур 4
AlertClick	Ефект сповіщення про наклейку
HairClip13_Color	Заколка для волосся 13
SideHairA7_Outline	Контур волосся збоку 13 + 14
SideHairA6_Outline	Контур волосся збоку 11 + 12
CreditCard	Свайп картки
Hand_Line2	Рука 1 .1
Eye1_Highlight	Підсвічування очей 1
EarringA1_Color	Сережка 1
Brow1	Брова 1
FaceFeatureB2	Риса обличчя B 2
CortisolMeter	Танці (низький кортизол) 2
HairBang1_Side_Outline	Чубчик для волосся контур 1 + 2
Hairline	Базове волосся 1
EarringB1_Color	Сережка 6
Palmar_Line2	Рука 1 .2
StrawLiquid_Color	Рідина для напоїв 2
Mecha5_Color	(Механічний) Меха 5
HairClip13_Outline	Заколка для волосся Контур 13
EasterEgg3	Великдень 3
Collar3_Outline	Контур коміра одягу 3
HairHighlight4_Color	Мелірування волосся >< 1 + 2
Tongue2	Рот/Язик | лизати
FaceFeatureA3	Риса обличчя A 3
AnimalEar4_Outline	Вухо тварин Схема 4
SideHairB8_Gradient	Сторона волосся 32
PonytailA4_Outline	Контур зачіски в хвіст 7 + 8
HatD1_Outline	Контур капелюха 8
GasBottle	газовий балон
SideHairA2_Outline	Контур волосся збоку 3 + 4
SideHairB5_Outline	Контур волосся збоку 25 + 26
FacialHair_A4_Color	Волосся на обличчі A 4
EarringA2_Color	Сережка 2
Eye3_Light	Світло райдужної оболонки очей 3
AnimalEar1_Back_Outline	Вухо тварин Схема 1 .1
CapeFront5_Outline	Капський фронт | Контур мису 5
SideHairB8_Color	Сторона волосся 31
HairShine6_Color	Блиск волосся 11 + 12
Hairband5_Outline	Гумка для волосся B Контур 3
CapeBack1_Outline	Мис Назад | Контур мису 1
Halo3_Color	Ореол 3
Eye3_Eyelash	вії 3
Leg	Нога 1
Thumb_Color	Рука 1 .3
HairShine2_Color	Блиск волосся 3 + 4
Hairband1_Outline	Гумка для волосся A Контур 1
Brow7	Брова 7
Palmar_Line1	Рука 1 .4
PiercingA3_Color	Пірсинг 3
Pigtail_A7_Color	 Косичка для волосся 13
SideHairA3_Gradient	Сторона волосся 6
SideHairA8_Outline	Контур волосся збоку 15 + 16
PonytailA3_Outline	Контур зачіски в хвіст 5 + 6
TailF2_Outline	Контур хвоста 16
Ear_Outline	Контур вуха 1
HairClip11_Color	Заколка для волосся 11
TailC1_Outline	Контур хвоста 8
Cheek3	щока 3
Eye_Popcat_Light	Думка 3 | Око | Рамка Popcat
CandleFire	Вогонь свічки
PiercingA4_Outline	Пірсинг Контур 4
NeckwearA2_Color	Одяг для шиї A 2
little_Color	Рука 1 .5
PiercingA1_Color	Пірсинг 1
PhoneLight	Світло телефону
ShakeLine1	Наляканий 1
Eye2_Upperlid	вії 2 .1
NeckwearA3_Color	Одяг для шиї A 3
Brow9	Брова 9
EarringA1_Outline	Сережка Контур 1
TailA2_Outline	Контур хвоста 2
Drooling	Слини
PiercingA4_Color	Пірсинг 4
PonytailA3_Color	Хвіст для волосся 5
PonytailA2_Gradient	Хвіст для волосся 4
AnimalEar7_Outline	Вухо тварин Схема 7
Brow6	Брова 6
PopperConfetti2	Конфетті 2
Swatter	Бійка
Fin1_Outline	(Плавник) Fin Контур
HairShine3_Color	Блиск волосся 5 + 6
TailB1_Color	хвіст 3
HammerEffect2	Молоток 2
Mecha1_Outline	Механічний контур 1
Pigtail_A4_Outline	Косичка для волосся Контур 7 + 8
HatC1_Outline	Контур капелюха 6 + 7
Pigtail_B1_Color	 Косичка для волосся 17
Flash	Спалах пістолета
Brow4	Брова 4
CortisolMeterPointer	Танці (низький кортизол) 1
Hand_Line1	Рука 1 .6
RedPacketCoin4	RedPacket (Червоний пакет) 4
Cheek4	щока 4
FaceFeatureB3	Риса обличчя B 3
Brow2	Брова 2
StickyNote	Наліпка
Loading_Outline	Завантаження наклейки 2
Collar6_Outline	Контур коміра одягу 6 + 7
CapeBack3_Color	Мис Назад 3
SideHairB6_Outline	Контур волосся збоку 27 + 28
PonytailA1_Outline	Контур зачіски в хвіст 1 + 2
PonytailA2_Color	Хвіст для волосся 3
SideHairA2_Color	Сторона волосся 3
GiftBoxLid	Подарунок 2
Collar4_Color	Внутрішній комір наряду 4
WingE1_Upper_Color	Крило 8 .1
WingA1_Color	Крило 1
FrameHair_B4_Outline	Обрамлення волосся Контур 29 + 30
FrameHair_Branch_A1_Color	Волосся Гілка 1
SideHairA7_Gradient	Сторона волосся 14
Wing2_Color	Вухо Крило 2
TailA1_Color	хвіст 1
Eye3_Heart	Око Серце 3
FrameHair_A8_Outline	Обрамлення волосся Контур 15 + 16
DrawingTablet	планшет
FaceFeatureA2	Риса обличчя A 2
PiercingA2_Color	Пірсинг 2
Eye_Popcat_Highlight	Popcat | Підсвічування очей
Hairband3_Outline	Гумка для волосся B Контур 1
NeckwearB6_Color	Одяг для шиї B 6
Mouth_Popcat1	Popcat | Рот 1
Rose	Роза
HairbandBack2_Outline	Гумка для волосся D Контур 2
Mecha2_Outline	Механічний контур 2
SideHairA8_Gradient	Сторона волосся 16
NeckwearB7_Color	Одяг для шиї B 7
Donut3	Пончик 3
NeckwearB5_Outline	(Одяг для шиї) Спорядження Neckwear B контур 5
StickyNoteText	Текст липкої нотатки
SideHairA6_Gradient	Сторона волосся 12
PonytailA4_Gradient	Хвіст для волосся 8
Ahoge_A4_Color	Волосся Ahoge 4
Gill2_Color	зябер 1 .2
FacialHair_A7_Outline	Волосся на обличчі A контур 7
HatC1_Color	Капелюх 6 + 7
SideHairA5_Color	Сторона волосся 9
LightStickHandle	Ручка Lightstick (Світлова паличка)
Eye1_Spiral	Очна спіраль 1 + 2
EasterEgg2	Великдень 2
EasterEgg1	Великдень 1
HairClip5_Outline	Заколка для волосся Контур 5
SideHairA8_Color	Сторона волосся 15
HairHighlight2_Outline	Мелірування волосся Контур 2 << + 2 >>
Ahoge_A2_Color	Волосся Ahoge 2
SideHairB7_Outline	Контур волосся збоку 29 + 30
AlertBits_Outline	Схема попередження про наклейку 6
SunGlasses_Frame	Сонцезахисні окуляри
PonytailA4_Color	Хвіст для волосся 7
HairHighlight2_Color	Мелірування волосся 2 << + 2 >>
SideHairA5_Gradient	Сторона волосся 10
SideHairA6_Color	Сторона волосся 11
HairbandBack2_Color	Гумка для волосся D 2
NeckwearB1_Outline	(Одяг для шиї) Спорядження Neckwear B контур 2
HairClip3_Outline	Заколка для волосся Контур 3
Bill2	Білл 2
Volume	Обсяг наклейки
FrameHair_A1_Color	Обрамлення волосся 1 
FrameHair_A2_Gradient	Обрамлення волосся 2 
Pigtail_C2_Color	Косичка для волосся 23
Pigtail_C2_Gradient	Косичка для волосся 24
WingF1_Lower_Outline	Крило Контур 9 .2
Glasses_Frame3	Окуляри 3
WingA2_Outline	Крило Контур 2
PalmarGlove1_Outline	Рука 2 .1
Eye1_Sparkling	Блискучі очі 1
SideHairB2_Color	Сторона волосся 19
SideHairB2_Gradient	Сторона волосся 20
SideHairA1_Outline	Контур волосся збоку 1 + 2
EarringA3_Color	Сережка 3
EarringA4_Color	Сережка 4
TailF_Outline	Контур хвоста 15 + 16 + 17 + 18 + 24 + 25
Halo2_Outline	Контур Halo (Ореол) 2
HairBang4_Side_Outline	Чубчик для волосся контур 7 + 8
TailD1_Outline	Контур хвоста 11
Pigtail_A8_Outline	Косичка для волосся Контур 15 + 16
HairBang4_Middle_Outline	Чубчик для волосся >< контур 4
SideHairB2_Outline	Контур волосся збоку 19 + 20
ShakeLine2	Наляканий 2
EarringB2_Color	Сережка 7
TailA2_Color	хвіст 2
TailF_Color	хвіст 15 + 16 + 17 + 18 + 24 + 25
SideHairB6_Color	Сторона волосся 27
Controller	Контролер
HairBang3_Middle_Gradient	Чубчик для волосся >< 6
HairBang3_Middle_Color	Чубчик для волосся >< 5
Horn4_Color	Ріг 4
HatD1_Color	Капелюх 8
PonytailA1_Gradient	Хвіст для волосся 2
SideHairB4_Outline	Контур волосся збоку 23 + 24
SideHairB6_Gradient	Сторона волосся 28
EarringA4_Outline	Сережка Контур 4
PopperConfetti1	Конфетті 1
Collar1_Outline	Контур коміра одягу 1
FacialHair_B5_Outline	Волосся на обличчі B контур 5
EarringA2_Outline	Сережка Контур 2
TailF4_Outline	Контур хвоста 18
LightStickLight	Світлова паличка
HatA1_Outline	Контур капелюха 1 + 2
SideHairB1_Outline	Контур волосся збоку 17 + 18
HairClip3_Color	Заколка для волосся 3
NeckwearA4_Color	Одяг для шиї A 4
NeckwearA5_Color	Одяг для шиї A 5
WingC1_Lower_Outline	Крило Контур 5 .2
FrameHair_A2_Outline	Обрамлення волосся Контур 3 + 4
HatB1_Outline	Контур капелюха 3
MagicWand	Магія
HairBang2_Middle_Color	Чубчик для волосся >< 3
HairBang2_Middle_Gradient	Чубчик для волосся >< 4
Hairband5_Color	Гумка для волосся B 3
TailE2_Outline	Контур хвоста 13
Brow5	Брова 5
Tie1_Color	Одяг для шиї C 1
WingF1_Lower_Color	Крило 9 .2
FrameHair_A4_Outline	Обрамлення волосся Контур 7 + 8
PryBar	Лом
FacialHair_A2_Color	Волосся на обличчі A 2
Outer2_Color	Одяг Зовнішній 2
Tie3_Outline	(Одяг для шиї) Спорядження Neckwear C контур 3
TailB4_Outline	Контур хвоста 6
HairShine3_Outline	Контур блиску волосся 6
AlertHeart_Color	Сповіщення про наклейку 1
WingD2_Lower_Outline	Крило Контур 7 .2
SideHairA1_Color	Сторона волосся 1
HatA1_Color	Капелюх 1 + 2
SideHairB3_Color	Сторона волосся 21
FrameHair_A11_Gradient	Обрамлення волосся 22
FrameHair_A11_Color	Обрамлення волосся 21
SideHairB4_Gradient	Сторона волосся 24
SideHairA4_Outline	Контур волосся збоку 7 + 8
SideHairA1_Gradient	Сторона волосся 2
CapeFront2_Color	Капський фронт 2
CapeFront5_Color	Капський фронт 5
CapeFront2_Outline	Капський фронт | Контур мису 2
SideHairB3_Outline	Контур волосся збоку 21 + 22
SideHairB4_Color	Сторона волосся 23
SideHairB5_Gradient	Сторона волосся 26
TailB5_Color	хвіст 7
WingC1_Upper_Outline	Крило Контур 5 .1
Mecha3_Outline	Механічний контур 3
HairHighlight1_Color	Мелірування волосся 1 << + 1 >> 
LoveLetter	Любовний лист
Hairband6_Outline	Гумка для волосся B Контур 4
MusicalNote1	Музична нота 1
PiercingA2_Outline	Пірсинг Контур 2
StrawLiquid_Outline	Чашка для напоїв 2
Eyepatch2_Color	Пов'язка на око 3 + 4
AnimalEar2_Front_Outline	Вухо тварин Схема 2
AnimalEar1_Fur_Color	Вухо тварин Хутро 1
EarringB3_Color	Сережка 8
Pigtail_A7_Gradient	 Косичка для волосся 14
AnimalEar5_Color	Вухо тварин 5
EarringB4_Color	Сережка 4
HairClip2_Color	Заколка для волосся 2
Glasses_Lens2	Окуляри Lens 2
HairBang6_Side_Gradient	Чубчик для волосся 12
HairBang3_Middle_Outline	Чубчик для волосся >< контур 5 + 6
AnimalEar9_Outline	Вухо тварин Схема 9
HatB3_Color	Капелюх 5
PiercingA1_Outline	Пірсинг Контур 1
Brow8	Брова 8
HairClip1_Outline	Заколка для волосся Контур 1
Eyepatch1_Color	Пов'язка на око 1 + 2
NeckwearA1_Color	Одяг для шиї A 1
Eye1_Eyelash	вії 1 + 2
ShakeLine3	Наляканий 3
WingE1_Upper_Outline	Крило Контур 8 .1
PopperConfetti3	Конфетті 3
Star	Наклейка зірка
HairBang1_Middle_Outline	Чубчик для волосся >< контур 1 + 2
SideHairA4_Gradient	Сторона волосся 8
PiercingA3_Outline	Пірсинг Контур 3
FaceFeatureB4	Риса обличчя B 4
EarringA3_Outline	Сережка Контур 3
TailF4_Color	хвіст 18
AnimalEar2_Fur_Color	Вухо тварин Хутро 2
AnimalEar3_Outline	Вухо тварин Схема 3
Straw	Чашка для напоїв 4
AnimalEar8_Outline	Вухо тварин Схема 8
AnimalEar6_Color	Вухо тварин 6
TailF3_Color	хвіст 17
EarringB5_Outline	Сережка Контур 10
HairClip12_Color	Заколка для волосся 12
Collar6_Color	Внутрішній комір наряду 6 + 7
AnimalEar6_Outline	Вухо тварин Схема 6
AnimalEar3_Color	Вухо тварин 3
Brow3	Брова 3
Glasses_Lens3	Окуляри Lens 3
EarringB5_Color	Сережка 10
LaptopLight2	Світло ноутбука 2
PhoneScreenPattern1	Екран телефону 1
TailF2_Color	хвіст 16
LaptopLight1	Світло ноутбука 1
AnimalEar7_Color	Вухо тварин 7
AnimalEar9_Color	Вухо тварин 9
HairBang7_Middle_Outline	Чубчик для волосся >< контур 13 + 14
Hairband6_Color	Гумка для волосся B 4
AnimalEar2_Back_Outline	Вухо тварин Схема 2 .1
HairClip1_Color	Заколка для волосся 1
EarringB2_Outline	Сережка Контур 7
Middle_Color	Рука 1 .7
AnimalEar5_Outline	Вухо тварин Схема 5
Hairband2_Color	Гумка для волосся A 2
AnimalEar1_Front_Color	Вухо тварин 1
Chopstick	Паличка для їжі
AnimalEar2_Front_Color	Вухо тварин 2
EarringB3_Outline	Сережка Контур 8
TailF1_Color	хвіст 15
AnimalEar4_Color	Вухо тварин 4
HairBang4_Side_Color	Чубчик для волосся 7
SideHairB7_Gradient	Сторона волосся 30
SideHairB1_Color	Сторона волосся 17
FacialHair_A7_Color	Волосся на обличчі A 7
HairClip4_Outline	Заколка для волосся Контур 4
EarringB1_Outline	Сережка Контур 6
Index_Color	Рука 1 .8
PiercingA5_Outline	Пірсинг Контур 5
TailF1_Outline	Контур хвоста 15
AnimalEar1_Fur_Outline	Вухо тварини Контур хутра 1
TailE3_Color	хвіст 14
AnimalEar1_Back_Color	Вухо тварин 1 .1
AnimalEar2_Fur_Outline	Вухо тварини Контур хутра 2
CupSteam	Чашка Steam (Пара з чашки)
AnimalEar2_Back_Color	Вухо тварин 2 .1
AnimalEar8_Color	Вухо тварин 8
EarringB4_Outline	Сережка Контур 9
FacialHair_A8_Outline	Волосся на обличчі A контур 8
SideHairB7_Color	Сторона волосся 29
SideHairA4_Color	Сторона волосся 7
SideHairB1_Gradient	Сторона волосся 18
BackHair3_Color	Волосся ззаду 5
Pigtail_A5_Color	 Косичка для волосся 9
Pigtail_A5_Gradient	 Косичка для волосся 10
Pigtail_A2_Outline	Косичка для волосся Контур 3 + 4
HairShine6_Outline	Контур блиску волосся 12
Antenna1_Outline	Антена Схема 1
AlertLike_Outline	Схема попередження про наклейку 4
FacialHair_A5_Outline	Волосся на обличчі A контур 5
Horn5_Outline	Ріг Контур 5
FrameHair_A8_Color	Обрамлення волосся 15
FrameHair_A8_Gradient	Обрамлення волосся 16
FrameHair_Top_Color	Обрамлення волосся top
HairBang5_Middle_Color	Чубчик для волосся >< 9
HairShine1_Outline	Контур блиску волосся 2
WingG1_Inner_Outline	Крило Контур 10 .2
VideoCamera	Відеокамера
FrameHair_A7_Gradient	Обрамлення волосся 14
FrameHair_A7_Color	Обрамлення волосся 13
Index_Outline	Рука 1 .9
Mouth	Рот
TailC3_Outline	Контур хвоста 10
Wing2_Outline	Вухо Крило Контур 2
Wing1_Color	Вухо Крило Контур 1
WingC1_Upper_Color	Крило Контур 5 .1
Main7_Color	Наряд Внутрішній 7
HairHighlight3_Color	Мелірування волосся 3 << + 3 >>
HairHighlight4_Outline	Мелірування волосся >< Контур 1 + 2
ErrorPopup	Припиняє працювати
TrashBinLid	Відро для сміття 2
BackHair1_Outline	Контур волосся ззаду 1 + 2
BackHair2_Outline	Контур волосся ззаду 3 + 4
Horn6_Color	Ріг 6
HairBang7_Middle_Color	Чубчик для волосся >< 13
little_Outline	Рука 1 .10
HornF1_Outline	Ріговий фронт Контур 1
TailC2_Outline	Контур хвоста 9
Outer2_Outline	(Одяг) Зовнішній контур спорядження 2
BackHair3_Outline	Контур волосся ззаду 5 + 6
Tongue_Shadow	Тінь язика
Blush	Рум'яна для обличчя
FacialHair_B5_Color	Волосся на обличчі B 5 
Knife	Слини (виделка та ніж) 2
HairBang3_Side_Outline	Чубчик для волосся контур 5 + 6
HairBang5_Side_Outline	Чубчик для волосся контур 9 + 10
Horn7_Outline	Ріг Контур 7
PopcornBucket	Їсти (попкорн) 1
Pigtail_A3_Outline	Косичка для волосся Контур 5 + 6
Collar7_Color	Внутрішній комір наряду 8
Hairband3_Color	Гумка для волосся B 1
Hammer	Молоток
TailE3_Outline	Контур хвоста 14
HairBang6_Side_Outline	Чубчик для волосся контур 11 + 12
HairBang2_Side_Outline	Чубчик для волосся контур 3 + 4
HairShine7_Outline	Контур блиску волосся 14
EyepatchBandage_Color	Пов'язка на око 5 + 6
EyepatchBandage_Outline	Контур пов'язки 5 + 6
HairbandBack1_Color	Гумка для волосся D 1
Hairband4_Outline	Гумка для волосся B Контур 2
KeyboardKeyA	Тип Нормальний 1
Thumb_Outline	Рука 1 .11
FacialHair_B3_Color	Волосся на обличчі B 3
Hairband2_Outline	Гумка для волосся A Контур 2
HairbandBack1_Outline	Гумка для волосся D Контур 1
TailB3_Color	хвіст 5
FrameHair_A7_Outline	Обрамлення волосся Контур 13 + 14
FrameHair_A10_Color	Обрамлення волосся 19
FrameHair_A10_Gradient	Обрамлення волосся 20
FrameHair_A11_Outline	Обрамлення волосся Контур 21 + 22
FrameHair_A9_Color	Обрамлення волосся 17
FacialHair_A3_Color	Волосся на обличчі A 3
BackHair1_Color	Волосся ззаду 1
Laptop	Ноутбук
SignRound	Круглий знак
HairBang1_Side_Color	Чубчик для волосся 1
HairBang4_Side_Gradient	Чубчик для волосся 8
HairBang5_Side_Color	Чубчик для волосся 9
BackHair2_Color	Волосся ззаду 3
Pigtail_A6_Outline	Косичка для волосся Контур 11 + 12
Pigtail_A7_Outline	Косичка для волосся Контур 13 + 14
Watermelon	Їсти (кавун)
Cheek2	щока 2
HairClip6_Color	Заколка для волосся 6
Spoon	Прибуття (з ложкою)
Tape	Стрічка
HatB2_Outline	Контур капелюха 4
HairShine2_Outline	Контур блиску волосся 4
HairBang1_Side_Gradient	Чубчик для волосся 2
HairBang2_Side_Color	Чубчик для волосся 3
HairBang5_Side_Gradient	Чубчик для волосся 10
BackHair2_Gradient	Волосся ззаду 4
FrameHair_B3_Outline	Обрамлення волосся Контур 28
FaceFeatureC1	Риса обличчя C 1
Pigtail_A8_Color	 Косичка для волосся 15
NeckwearB4_Color	Одяг для шиї B 4
WingE1_Lower_Color	Крило 8 .3
PhoneScreen	Екран телефону 3
AngrySteam	Наклейка Steam (Пара)
Outer1_Color	Одяг Зовнішній 1
SideHair_Branch_C2_Outline	Бокова гілка волосся C Контур 2
Hairband4_Color	Гумка для волосся B 2
Pigtail_A3_Color	 Косичка для волосся 5
BackHair3_Gradient	Волосся ззаду 6
HairBang2_Side_Gradient	Чубчик для волосся 4
PixelSunglasses	Сонцезахисні окуляри Pixel
HatB1_Color	Капелюх 3
FacialHair_B3_Outline	Волосся на обличчі B контур 3
CapeBack1_Color	Мис Назад 1
HairShine1_Color	Блиск волосся 1 + 2
Palmar_Color	Рука 1 .12
Ahoge_B1_Color	Волосся Ahoge 5
HatA2_Outline	Контур капелюха 2
Pigtail_A5_Outline	Косичка для волосся Контур 9 + 10
Pigtail_A3_Gradient	 Косичка для волосся 6
HairBang3_Side_Color	Чубчик для волосся 5
HairBang3_Side_Gradient	Чубчик для волосся 6
HairShine4_Outline	Контур блиску волосся 8
BackHair1_Gradient	Волосся ззаду 2
SignSquare	Квадратний знак
Horn4_Outline	Ріг 4
PonytailB1_Gradient	Хвіст для волосся 12
PonytailB1_Color	Хвіст для волосся 11
FrameHair_A1_Outline	Обрамлення волосся Контур 1 + 2
Collar7_Outline	Контур коміра одягу 8
NeckwearA3_Outline	(Одяг для шиї) Спорядження Neckwear A контур 3
NeckwearA2_Outline	(Одяг для шиї) Спорядження Neckwear A контур 2
TailA1_Outline	Контур хвоста 1
Horn3_Outline	Ріг Контур 3
Pigtail_A8_Gradient	 Косичка для волосся 16
SunglassesReflection	Сонцезахисні окуляри Reflection (Відображення)
NeckwearA6_Color	Одяг для шиї A 6
Tie2_Outline	(Одяг для шиї) Спорядження Neckwear C контур 2
Halo4_Color	Ореол 5 + 6
FrameHair_A6_Color	Обрамлення волосся 11
Middle_Outline	Рука 1 .13
RedPacketCoin2	RedPacket (Червоний пакет) 3
NeckwearB5_Color	Одяг для шиї B 5
Eye1_HighlightCry	Око 1 | Плакати
Collar3_Color	Внутрішній комір наряду 3
TailC3_Color	хвіст 10
ElfEar_Color	вухо 1.1
Surprise	Наклейка Сюрприз
Gill3_Outline	Контур зябер 1 .3
Pigtail_A4_Gradient	 Косичка для волосся 8
Pigtail_A1_Color	 Косичка для волосся 1
Eye_U	Сон (UU)
Cockroach	Тарган
Halo3_Outline	Контур Halo (Ореол) 3
Wing3_Outline	Вухо Крило Контур 3
Halo4_Outline	Контур Halo (Ореол) 5 + 6
Wing3_Color	Вухо Крило 3
WingD1_Outline	Крило Контур 6
FacialHair_A1_Color	Волосся на обличчі A 1
Ghost	Наклейка Привид
Hairband7_Outline	Гумка для волосся C Контур 1
Horn6_Outline	Ріг Контур 6
HairHighlight3_Outline	Мелірування волосся Контур 3 << + 3 >>
Glasses_Frame2	Окуляри 2
NeckwearA4_Outline	(Одяг для шиї) Спорядження Neckwear A контур 4
Ear_Color	Вухо 1
HatB2_Color	Капелюх 4
FacialHair_A4_Outline	Волосся на обличчі A контур 4
PonytailB1_Outline	Контур зачіски в хвіст 11 + 12
Collar1_Color	Внутрішній комір наряду 1
CapeBack3_Outline	Мис Назад | Контур мису 3
Pigtail_A1_Outline	Косичка для волосся Контур 1 + 2
Tie2_Color	Одяг для шиї C 2
TailE1_Color	хвіст 12
PatHand	Пет Хенд
Main6_Outline	Внутрішній контур спорядження 6
Pigtail_A6_Color	 Косичка для волосся 11
Card	Зворотний
FacialHair_A8_Color	Волосся на обличчі A 8
CapeBack2_Outline	Мис Назад | Контур мису 2
CapeFront6_Color	Капський фронт 6
PonytailB2_Gradient	Хвіст для волосся 14
Megaphone	Мегафон
Glasses_Frame1	Окуляри 1
Pigtail_B1_Outline	Косичка для волосся Контур 17 + 18
Eye1_Dollar	Око Долар 1 + 2
FaceFeatureA1	Риса обличчя A 1
Eye1_Heart	Око Серце 1 + 2
Collar2_Color	Внутрішній комір наряду 2
Pigtail_A6_Gradient	 Косичка для волосся 12
FrameHair_B3_Gradient	Обрамлення волосся 28
FrameHair_B3_Color	Обрамлення волосся 27
FrameHair_TopBack_Outline	Обрамлення волосся top Контур 2
Horn5_Color	Ріг 5
Fork	Слини (виделка та ніж) 1
SteeringWheel	Кермо
Hairband1_Color	Гумка для волосся A 1
HatB3_Outline	Контур капелюха 5
FrameHair_A4_Color	Обрамлення волосся 7
NeckwearB3_Color	Одяг для шиї B 3
HammerEffect1	Молоток 1
HairHighlight6_Color	Мелірування волосся >< 5 + 6
Pigtail_B2_Outline	Косичка для волосся Контур 19 + 20
WingF1_Upper_Outline	Крило Контур 9 .1
Pigtail_A2_Gradient	 Косичка для волосся 4
RedPacketCoin3	RedPacket (Червоний пакет) 2
FrameHair_A9_Gradient	Обрамлення волосся 18
TrashBin	Відро для сміття 1
FacialHair_A2_Outline	Волосся на обличчі A контур 2
Tongue1	лизати | Язик
HairShine4_Color	Блиск волосся 7 + 8
Toilet	Туалет
FrameHair_A5_Gradient	Обрамлення волосся 10
CapeFront6_Outline	Капський фронт | Контур мису 6
FrameHair_A5_Color	Обрамлення волосся 9
CapeBack2_Color	Мис Назад 2
SunGlasses_Lens	Сонцезахисні окуляри Lens
FrameHair_A9_Outline	Обрамлення волосся Контур 17 + 18
Main8_Outline	Внутрішній контур спорядження 8
Pigtail_A4_Color	 Косичка для волосся 7
KeyboardKeyB	Тип Нормальний 2
Tie3_Color	Одяг для шиї C 3
Nose2	ніс 2
FacialHair_A5_Color	Волосся на обличчі A 5
AlertCustom_Color	Сповіщення про наклейку 2
AlertCustom_Outline	Схема попередження про наклейку 2
SideHair_Branch_A2_Outline	Бокова гілка волосся A Контур 2
Horn1_Color	Ріг 1
Outer3_Outline	(Одяг) Зовнішній контур спорядження 3
SideHair_Branch_B1_Outline	Бокова гілка волосся B Контур 1
ElfEar_Outline	вухо Контур 1.1
Outer4_Color	Одяг Зовнішній 4
Outer3_Color	Одяг Зовнішній 3
HairHighlight5_Outline	Мелірування волосся >< Контур 3 +4
SideHair_Branch_C1_Outline	Бокова гілка волосся C Контур 1
Stylus	Стилус
Tear2_Outline	Сльоза очей 3
Donut1	Пончик 1
Donut2	Пончик 2
SideHair_Branch_A1_Outline	Бокова гілка волосся A Контур 1
Eye1_Light	Світло райдужної оболонки очей 1 + 2
Angry2	Наклейка Angry (Злий) 2
WingF1_Upper_Color	Крило 9 .1
NeckwearB2_Color	Одяг для шиї B 1 + 2
SideHair_Branch_A1_Color	Бокова гілка волосся A 1
SignRoundText1	круглий знак текст
Collar2_Outline	Контур коміра одягу 2
MusicalNote2	Музична нота 2
FacialHair_B4_Color	Волосся на обличчі B 4
Mecha2_Color	(Механічний) Меха 2
Six	Номер шість
PointHand	Вказати руку
HairClip8_Color	Заколка для волосся 8
FaceFeatureB1	Риса обличчя B 1
Pigtail_B2_Gradient	 Косичка для волосся 20
Main8_Color	Наряд Внутрішній 8
Tear2_Color	Сльоза очей 2
Eye3_Dark	Райдужна оболонка очей темна 3
Outer4_Outline	(Одяг) Зовнішній контур спорядження 4
Glasses_Lens1	Окуляри Lens 1
WingA3_Outline	Крило Контур 3
Ahoge_B2_Color	Волосся Ahoge 6
CapeFront1_Outline	Капський фронт | Контур мису 1
Cake	Торт
WingD1_Color	Крило 6
Pigtail_B1_Gradient	 Косичка для волосся 18
Outer7_Color	Одяг Зовнішній 7
Ahoge_B1_Outline	Контур волосся Ahoge 5
HornM1_Outline	Ріг спереду >< Контур 1
HornF2_Color	Ріговий фронт 2
CapeFront4_Color	Капський фронт 4
FrameHair_Branch_A3_Color	Волосся Гілка 3
Main2_Outline	Внутрішній контур спорядження 2
Wing1_Outline	Вухо Крило Контур 1
WingD2_Upper_Outline	Крило Контур 7 .1
Mecha4_Color	(Механічний) Меха 4
Horn1_Outline	Ріг Контур 1
WingA2_Color	Крило 2
EasterEggBasket	Великдень 4
Mecha4_Outline	Механічний контур 4
Antenna2_Color	Антена 2
Mecha1_Color	(Механічний) Меха 1
Ahoge_A3_Outline	Контур волосся Ahoge 3
Main1_Outline	Внутрішній контур спорядження 1
Horn2_Color	Ріг 2
HairBang4_Middle_Gradient	Чубчик для волосся >< 8
CapeFront3_Color	Капський фронт 3
Notepad	Блокнот
Outer5_Color	Одяг Зовнішній 5
WingA3_Color	Крило 3
WingB1_Color	Крило 4
Pistol	пістолет
Horn7_Color	Ріг 7
Bottle	Кока-кола шейк
Outer6_Color	Одяг Зовнішній 6
Laugh2	Наклейка Сміх 2
FrameHair_B1_Gradient	Обрамлення волосся 24
Outer5_Outline	(Одяг) Зовнішній контур спорядження 5
FrameHair_Top_Outline	Обрамлення волосся top Контур
WingG1_Inner_Color	Крило 10 .2
HairBang5_Middle_Outline	Чубчик для волосся >< контур 9 + 10
Beer	Ура
HairBang4_Middle_Color	Чубчик для волосся >< 7
TailE1_Outline	Контур хвоста 12
TailC2_Color	хвіст 9
HornF2_Outline	Ріг Контур 9
HairBang2_Middle_Outline	Чубчик для волосся >< контур 3 + 4
Ahoge_B2_Outline	Контур волосся Ahoge 6
Bell	дзвоник 2
FrameHair_Branch_A3_Outline	Контур гілки волосся 3
FrameHair_A3_Color	Обрамлення волосся 5
FrameHair_A3_Gradient	Обрамлення волосся 6
Horn2_Outline	Ріг Контур 2
Outer6_Outline	(Одяг) Зовнішній контур спорядження 6
WingD2_Upper_Color	Крило 7 .1
Antenna2_Outline	Антена Схема 2
TailB5_Outline	Контур хвоста 7
HairBang5_Middle_Gradient	Чубчик для волосся >< 10
HairBang1_Middle_Color	Чубчик для волосся >< 1
QuestionMark	Наклейка знак питання
Horn3_Color	Ріг 3
SignSquareText1	Текст квадратного знака
Antenna1_Color	Антена 1
FrameHair_A2_Gradient	Обрамлення волосся 4
HairHighlight1_Outline	Мелірування волосся Контур 1 << + 1 >>
TailD1_Color	хвіст 11
HairBang6_Middle_Outline	Чубчик для волосся >< контур 11 + 12
HairBang7_Middle_Gradient	Чубчик для волосся >< 14
HairBang6_Middle_Color	Чубчик для волосся >< 11
HairBang6_Middle_Gradient	Чубчик для волосся >< 12
CapeFront4_Outline	Капський фронт | Контур мису 4
FrameHair_A2_Color	Обрамлення волосся 3
FacialHair_A1_Outline	Волосся на обличчі A контур 1
HairBang1_Middle_Gradient	Чубчик для волосся >< 2
HornM1_Color	Ріг спереду >< 1
TailB4_Color	хвіст 6
TailB2_Color	хвіст 4
Pigtail_B2_Color	 Косичка для волосся 19
Fin1_Color	Плавник 1
TailB3_Outline	Контур хвоста 5
Halo1_Color	Ореол 1
TailB2_Outline	Контур хвоста 4
FrameHair_A3_Outline	Обрамлення волосся Контур 5 + 6
FrameHair_B1_Color	Обрамлення волосся 23
HairClip7_Color	Заколка для волосся 7
FacialHair_A6_Color	Волосся на обличчі A 6
FacialHair_A3_Outline	Волосся на обличчі A 3
Halo1_Outline	Контур Halo (Ореол) 1
Hairband7_Color	Гумка для волосся C 1
Keyboard	Тип Нормальний 3
FrameHair_A6_Outline	Обрамлення волосся Контур 11 + 12
VolumeOff	Обсяг наклейки 2
PalmarGlove1_Color	Рука 2 .2
FacialHair_A6_Outline	Волосся на обличчі A контур 6
TailB1_Outline	Контур хвоста 3
Pigtail_A1_Gradient	 Косичка для волосся 2
FrameHair_A4_Gradient	Обрамлення волосся 8
KitchenKnife	Кухонний ніж
Halo2_Color	Ореол 2
FrameHair_A6_Gradient	Обрамлення волосся 12
HairShine5_Color	Блиск волосся 9 + 10
FrameHair_B2_Color	Обрамлення волосся 25
FacialHair_B1_Outline	Волосся на обличчі B контур 1
Main3_Outline	Внутрішній контур спорядження 3
Main4_Outline	Внутрішній контур спорядження 4
Main7_Outline	Внутрішній контур спорядження 7
HatA2_Color	Капелюх 2
Pigtail_C2_Outline	Косичка для волосся Контур 23 + 24
Main1_Color	Наряд Внутрішній 1
Eyepatch2_Outline	Контур пов'язки 3 + 4
SideHair_Branch_C2_Color	Бокова гілка волосся C 2
HairHighlight6_Outline	Мелірування волосся >< Контур 5 + 6
SideHair_Branch_C1_Color	Бокова гілка волосся C 1
Eyepatch1_Outline	Контур пов'язки 1 + 2
AlertCoin_Outline	Схема попередження про наклейку 3
Eye_Dum_Outline	Око (Dum) контур 1 + 2
FrameHair_Branch_A2_Outline	Контур гілки волосся 2
Main5_Color	Наряд Внутрішній 5
Pompom	Помпон
HairClip10_Outline	Заколка для волосся Контур 10
WaveHand	Хвиля рукою
HeartItem	серце
FrameHair_Branch_A2_Color	Волосся Гілка 2
FrameHair_Branch_A1_Outline	Контур гілки волосся 1
Eye_Dum_Color	Біле око
AlertCoin_Color	Сповіщення про наклейку 3
Button	Кнопка
SideHair_Branch_B2_Outline	Бокова гілка волосся B Контур 2
Face_Shadow	Тінь обличчя
AlertStar_Outline	Схема попередження про наклейку 5
Pigtail_C1_Outline	Косичка для волосся Контур 21 + 22
AlertHeart_Outline	Схема попередження про наклейку 1
AlertLike_Color	Сповіщення про наклейку 4
AlertStar_Color	Сповіщення про наклейку 5
Sleep	Наклейка Сон
Square	Двері/Стіна | Тюремний гриль | Ковдра Outter (Зовнішня ковдра)
SideHair_Branch_A2_Color	Бокова гілка волосся A 2
Beverage	Чашка для напоїв 3
HairClip8_Outline	Заколка для волосся Контур 8
HairClip9_Outline	Заколка для волосся Контур 9
GiftBox	Подарунок 1
Mecha5_Outline	Механічний контур 5
WingC1_Lower_Color	Крило 5 .2
Gill3_Color	зябер 1 .3
FacialHair_B6_Outline	Волосся на обличчі B контур 6
HairClip10_Color	Заколка для волосся 10
SideHair_Branch_B2_Color	Бокова гілка волосся B 2
SideHair_Branch_B1_Color	Бокова гілка волосся B 1
Bowl	Чаша
Pigtail_C1_Color	 Косичка для волосся 21
Pigtail_C1_Gradient	 Косичка для волосся 22
HairClip7_Outline	Заколка для волосся Контур 7
HairHighlight5_Color	Мелірування волосся >< 3 + 4
HairClip6_Outline	Заколка для волосся Контур 6
Bill1	Білл 1
LubricantSpray	Спрей
Ahoge_A1_Outline	Контур волосся Ahoge 1
Gill1_Outline	Контур зябер 1 .1
FacialHair_B6_Color	Волосся на обличчі B 6 
Heart	Наклейка Серце
Popper	Поппер
Pencil	Олівець
Ahoge_A3_Color	Волосся Ahoge 3
BeverageCup	Чашка для напоїв
Mouth_Popcat2	Popcat | Рот 2
HairClip9_Color	Заколка для волосся 9
AlertBits_Color	Сповіщення про наклейку 6
Seven	Номер сім
PhoneFront	Телефон 1
Gill2_Outline	Контур зябер 1 .2
FrameHair_B2_Outline	Обрамлення волосся Контур 25 + 26
NeckwearB7_Outline	(Одяг для шиї) Спорядження Neckwear B контур 7
Angry1	Наклейка Angry (Злий) 1
Cup	Кубок
Phone	Телефон 2
Palmar_Outline	Рука 1 .14
FrameHair_B1_Outline	Обрамлення волосся Контур 23 + 24
WingD2_Lower_Color	Крило 7 .2
HairClip11_Outline	Заколка для волосся Контур 11
RedPacket	RedPacket (Червоний пакет) 1
HairClip12_Outline	Заколка для волосся Контур 12
Gill1_Color	зябер 1 .1
Eye1_Dark	Райдужна оболонка очей темна 1 + 2
NeckwearB3_Outline	(Одяг для шиї) Спорядження Neckwear B контур 3
LightBulb	Наклейка лампочки
Mecha3_Color	(Механічний) Меха 3
Mecha6_Outline	Механічний контур 6
Ahoge_A1_Color	Волосся Ahoge 1
WingA1_Outline	Крило Контур 1
RedPacketCoin1	RedPacket (Червоний пакет) 5
SweatBlue	Наклейка Піт велика
HornF1_Color	Ріговий фронт 1
Sparkle	блиск
Ahoge_A2_Outline	Контур волосся Ahoge 
FaceFeatureC2	Риса обличчя C 2
Glove1_Outline	Рукавичка Контур
PalmGlove1_Color	Рука 2 .3
PalmGlove1_Outline	Рука 2 .4
FacialHair_B2_Outline	Волосся на обличчі B 2
Mecha6_Color	(Механічний) Меха 6
CapeFront1_Color	Капський фронт 1
HairClip4_Color	Заколка для волосся 4
NeckwearB1_Color	Одяг для шиї B 2
Cheek1	щока 1
Lubricant	мастило
Ahoge_A4_Outline	Контур волосся Ahoge 4
Angry3	Наклейка Angry (Злий) 3
Microphone	мікрофон
NeckwearB4_Outline	(Одяг для шиї) Спорядження Neckwear B контур 4
WingE1_Middle_Outline	Крило Контур 8 .2
FacialHair_B2_Color	Волосся на обличчі B 2
Collar4_Outline	Контур коміра одягу 4
TailF3_Outline	Контур хвоста 17
Donut4	Пончик 4
Laugh3	Наклейка Сміх 3
Tear1	Сльоза очей 1
NeckwearA6_Outline	(Одяг для шиї) Спорядження Neckwear A контур 6
Confetti1	Конфетті 4
Eye_Dum_Pupil	Око (Dum) Зіниця
NeckwearB2_Outline	(Одяг для шиї) Спорядження Neckwear B контур 1 + 2
FrameHair_B4_Color	Обрамлення волосся 29
FrameHair_B4_Gradient	Обрамлення волосся 30
NeckwearB6_Outline	(Одяг для шиї) Спорядження Neckwear B контур 6
Eye_Popcat_Dark	Думка 3 | Око | Рамка Popcat 2
HairClip2_Outline	Заколка для волосся Контур 2
FrameHair_B2_Gradient	Обрамлення волосся 26
Hand_Outline	Рука 1 .15
Glove1_Color	Рукавичка
NeckwearA1_Outline	(Одяг для шиї) Спорядження Neckwear A контур 1
WingE1_Lower_Outline	Крило Контур 8 .3
Mouse	миша
Collar5_Color	Внутрішній комір наряду 5
Tie1_Outline	(Одяг для шиї) Спорядження Neckwear C контур 1
Eyebag	Очний мішок
WingG1_Outter_Outline	Крило Контур 10 .1
Laugh1	Наклейка Сміх 1
Popcorn	Їсти (попкорн) 2
NeckwearA5_Outline	(Одяг для шиї) Спорядження Neckwear A контур 5
BeverageLiquid	Рідина для напоїв
Eye3_HighlightCry	Око 3 | Плакати
Eye3_Sparkling	Блискучі очі 3
Confetti2	Конфетті 5
Eye3_Spiral	Очна спіраль 3
FacialHair_B1_Color	Волосся на обличчі B 1
PhoneScreenPattern2	Екран телефону 2
VolumeOn	Обсяг наклейки 3
FacialHair_B4_Outline	Волосся на обличчі B контур 4
Collar5_Outline	Контур коміра одягу 5
WingEL_Lower_WeightTransfer	Крило >> 15 .3
NeckwearB1_WeightTransfer	Одяг для шиї B 8
FloatingL_WeightTransfer	(Механічний) Меха >> 7
HairBang_SideL_WeightTransfer	Чубчик для волосся >> 13
FloatingR_WeightTransfer	(Механічний) Меха << 7
Glasses_WeightTransfer	Окуляри 4
AhogeA_WeightTransfer	Волосся Ahoge 7
BackHair_WeightTransfer	Волосся ззаду 7
AnimalEarBL_WeightTransfer	Вухо тварин >> 11
EyepatchA_WeightTransfer	Пов'язка на око 7
TailD_WeightTransfer	хвіст 22
HairBang_Middle_WeightTransfer	Чубчик для волосся >< 15
Face_WeightTransfer	Риса обличчя C 3
NeckwearB2_WeightTransfer	Одяг для шиї B 9
EarringBR_WeightTransfer	Сережка << 12
EarringBL_WeightTransfer	Сережка >> 12
NeckwearC_WeightTransfer	Одяг для шиї C 4
HatC_WeightTransfer	Капелюх 11
TailFSoft_WeightTransfer	хвіст 25
TailFHard_WeightTransfer	хвіст 24
EarringAR_WeightTransfer	Сережка << 11
EarringAL_WeightTransfer	Сережка >> 11
HatA_WeightTransfer	Капелюх 9
LegR_WeightTransfer	Нога << 2
LegL_WeightTransfer	Нога >> 2
HatD_WeightTransfer	Капелюх 12
FrameHair_WeightTransfer	Обрамлення волосся >< 
TailE_WeightTransfer	хвіст 23
TailA_WeightTransfer	хвіст 19
SideHairB_WeightTransfer	Сторона волосся 34
SideHairA_WeightTransfer	Сторона волосся 33
PonytailA_WeightTransfer	Хвіст для волосся 15
WingER_Upper_WeightTransfer	Крило << 15 .1
WingER_Middle_WeightTransfer	Крило << 15 .2
OutfitOuter_WeightTransfer	Одяг Зовнішній 8
WingAL_WeightTransfer	Крило >> 11
PalmarL_WeightTransfer	Рука >> 3 .5
HeadWingAL_WeightTransfer	Вухо Крило >> 4
BrowL_WeightTransfer	Брова >> 10
BrowR_WeightTransfer	Брова << 10
MustacheA_WeightTransfer	Волосся на обличчі B 7
TailC_WeightTransfer	хвіст 21
FrameHair_BranchL_WeightTransfer	Волосся Гілка >> 4
HandL_Middle_WeightTransfer	Рука >> 3 .1
HandL_Thumb_WeightTransfer	Рука >> 3 .2
NeckwearA_WeightTransfer	Одяг для шиї A 7
WingER_Lower_WeightTransfer	Крило << 15 .3
WingEL_Upper_WeightTransfer	Крило >> 15 .1
WingGL_Outter_WeightTransfer	Крило >> 17 .1
WingCL_Upper_WeightTransfer	Крило >> 13 .1
WingGR_Inner_WeightTransfer	Крило << 17 .2
WingCR_Upper_WeightTransfer	Крило << 13 .1
EarL_WeightTransfer	вухо 2 >>
EarR_WeightTransfer	вухо 2 <<
CapeBack_WeightTransfer	Мис Назад 4
CapeFront_WeightTransfer	Капський фронт 7
WingEL_Middle_WeightTransfer	Крило >> 15 .2
WingFR_Upper_WeightTransfer	Крило << 16 .1
AntennaR_WeightTransfer	Антена << 3
AnimalEarAR_WeightTransfer	Вухо тварин << 10
WingDL_WeightTransfer	Крило >> 14
AnimalEarCL_WeightTransfer	Вухо тварин >> 12
WingGL_Inner_WeightTransfer	Крило >> 17 .2
Halo_WeightTransfer	Ореол 7
FinR_WeightTransfer	Плавник << 2
HatB_WeightTransfer	Капелюх 10
AnimalEarAL_WeightTransfer	Вухо тварин >> 10
TailB_WeightTransfer	хвіст 20
HandL_Little_WeightTransfer	Рука >> 3 .3
HandL_Index_WeightTransfer	Рука >> 3 .4
FinL_WeightTransfer	Плавник >> 2
AntennaL_WeightTransfer	Антена >> 3
PonytailAR_WeightTransfer	 Косичка для волосся << 25
OutfitInner_WeightTransfer	Наряд Внутрішній 9
MustacheB_WeightTransfer	Волосся на обличчі B 8
PonytailB_WeightTransfer	Хвіст для волосся 16
HairBandA_WeightTransfer	Гумка для волосся A 3
HairBang_SideR_WeightTransfer	Чубчик для волосся << 13
EyepatchB_WeightTransfer	Пов'язка на око 8
WingFL_Lower_WeightTransfer	Крило >> 16 .2
WingBL_WeightTransfer	Крило >> 12
PonytailCL_WeightTransfer	 Косичка для волосся >> 26
HairbandB_WeightTransfer	Гумка для волосся B 5
BeardA_WeightTransfer	Волосся на обличчі A 9
PonytailAL_WeightTransfer	 Косичка для волосся >> 25
AnimalEarBR_WeightTransfer	Вухо тварин << 11
EyelashR_WeightTransfer	Око 4 | вії <<
GillR_WeightTransfer	зябер << 2
PiercingAL_WeightTransfer	Пірсинг A >> 6
PiercingAR_WeightTransfer	Пірсинг A << 6
WingFR_Lower_WeightTransfer	Крило << 16 .2
WingFL_Upper_WeightTransfer	Крило >> 16 .1
HairBandC_WeightTransfer	Гумка для волосся D 3
HornL_WeightTransfer	Ріг >> 8
HornR_WeightTransfer	Ріг << 8
EyelashL_WeightTransfer	Око 4 | вії >>
GillL_WeightTransfer	зябер >> 2
HornFrontL_WeightTransfer	Ріговий фронт >> 3
HornFrontR_WeightTransfer	Ріговий фронт << 3
WingDR_WeightTransfer	Крило << 14
FrameHair_BranchR_WeightTransfer	Волосся Гілка << 4
HeadWingAR_WeightTransfer	Вухо Крило << 4
HornFrontM_WeightTransfer	Ріг спереду >< 2
WingGR_Outter_WeightTransfer	Крило << 17 .1
EyeDollarR_WeightTransfer	Око Долар << 4 + 5
EyeHeartL_WeightTransfer	Око Серце >> 4 + 5
EyeHeartR_WeightTransfer	Око Серце << 4 + 5
EyeHighlightCryL_WeightTransfer	Око 4 + 5 >> | Плакати
EyeHighlightCryR_WeightTransfer	Око 4 + 5 << | Плакати
EyeL_WeightTransfer	Око >> 4 + 5
EyeR_WeightTransfer	Око << 4 + 5
EyeSparklingL_WeightTransfer	Блискучі очі >> 4 + 5
EyeSparklingR_WeightTransfer	Блискучі очі << 4 + 5
EyeSpiralL_WeightTransfer	Очна спіраль >> 4 + 5
EyeSpiralR_WeightTransfer	Очна спіраль << 4 + 5
AnimalEarCR_WeightTransfer	Вухо тварин << 12
WingAR_WeightTransfer	Крило << 11
PonytailCR_WeightTransfer	 Косичка для волосся << 26
PiercingBL_WeightTransfer	Пірсинг B >> 6
PiercingBR_WeightTransfer	Пірсинг B << 6
HandL_WeightTransfer	Рука >> 3
HandR_Index_WeightTransfer	Рука << 3 .4
HandR_Little_WeightTransfer	Рука << 3 .3
HandR_Middle_WeightTransfer	Рука << 3 .1
HandR_Thumb_WeightTransfer	Рука << 3 .2
HandR_WeightTransfer	Рука << 3
PalmarR_WeightTransfer	Рука << 3 .5
WingCL_Lower_WeightTransfer	Крило >> 13
WingCR_Lower_WeightTransfer	Крило << 13
WingBR_WeightTransfer	Крило << 12
EyeDollarL_WeightTransfer	Око Долар >> 4 + 5
ClownWig	Клоун 1
FireA1	Пожежа
ElectricFan	Електричний вентилятор
Cheese	Сир
ElectricFanBlades	Електричні лопаті вентилятора
Guitar_Outline	План гітари
Guitar_Color1	Колір гітари 1
PaperFanSticks	Складний вентилятор 2
PaperFanLeaf	Складний вентилятор 1
Stool	Табурет
Slipper	Тапочки
Guitar_Color2	Колір гітари 2
WinkStar	Wink Star (Підморгування Зірка)
ClownNose	Клоун 2
Guitar_Color3	Колір гітари 3
SideHairA7_Color	Сторона волосся 13
PonytailA3_Gradient	Хвіст для волосся 6
SideHairA2_Gradient	Сторона волосся 4
SideHairB5_Color	Сторона волосся 25
SideHairB3_Gradient	Сторона волосся 22
PonytailA2_Outline	Контур зачіски в хвіст 3 + 4
PonytailB2_Outline	Контур зачіски в хвіст 13 + 14
PonytailB2_Color	Хвіст для волосся 13
Outer7_Outline	(Одяг) Зовнішній контур спорядження 7
Outer1_Outline	(Одяг) Зовнішній контур спорядження 1
Hand_Color	Рука 1
LaptopLight3	Світло ноутбука 3
Finger	Руб 1
Scissor	Вирізати (Ножиці)
BoopHand	Буп
Trophy	Трофей 1
ProgressBar	Контейнер індикатора прогресу
Progress	Заповнення панелі прогресу
