SpriteName	Zh-Hans
FaceFeatureB5	脸部特征 B 5
PiercingA5_Color	耳钉 5
Loading	表情贴纸 加载
Nose3	鼻子 3
CapeFront3_Outline	披风 前 | 披风 轮廓 3
CockroachLeg	蟑螂 1
EarringA5_Color	耳环 5
Eye2_Highlight	眼睛 高光 2
Angry4	表情贴纸 生气 4
AnimalEar1_Front_Outline	兽耳轮廓 1
Main5_Outline	服装 里侧 轮廓 5
ExclamationMark	表情贴纸 感叹号
Mouth_Line	饮料杯 | 嘴
Eye3_Dollar	眼睛 钱 3
HairShine7_Color	头发 高光 13 + 14
WingG1_Outter_Color	翅膀 10 .1
Eye1_Upperlid	眼睛 睫毛 1 .1
WingE1_Middle_Color	翅膀 8 .2
TailE2_Color	尾巴 13
SweatWhite	表情贴纸 汗
Collar6_String	服装 领子 抽绳 7
PonytailA5_Color	头发 单马尾 9
FrameHair_A10_Outline	头发 脸颊 轮廓 19
HairBang6_Side_Color	头发 刘海 11
SideHairA5_Outline	头发 侧面 轮廓 9 + 10
SideHairA3_Color	头发 侧面 5
FrameHair_A5_Outline	头发 脸颊 轮廓 9 + 10
Pigtail_A2_Color	头发 马尾 3
SideHairB8_Outline	头发 侧面 轮廓 31 + 32
SideHairA3_Outline	头发 侧面 轮廓 5 + 6 
PonytailA1_Color	头发 单马尾 1
PonytailA5_Gradient	头发 单马尾 10
BellClapper	铃铛 1
EarringA5_Outline	耳环 轮廓 5
HairShine5_Outline	头发 高光 轮廓 10
Nose1	鼻子 1
HairClip5_Color	发夹 5
TailC1_Color	尾巴 8
PonytailA5_Outline	头发 单马尾 轮廓 9 + 10
WingB1_Outline	翅膀 轮廓 4
AlertClick	表情贴纸 通知/提示 特效
HairClip13_Color	发夹 13
SideHairA7_Outline	头发 侧面 轮廓 13 + 14
SideHairA6_Outline	头发 侧面 轮廓 11 + 12
CreditCard	刷卡
Hand_Line2	手 1 .1
Eye1_Highlight	眼睛 高光 1
EarringA1_Color	耳环 1
Brow1	眉毛 1
FaceFeatureB2	脸部特征 B 2
CortisolMeter	跳舞(低皮质醇) 2
HairBang1_Side_Outline	头发 刘海 轮廓 1 + 2
Hairline	基础头发 1
EarringB1_Color	耳环 6
Palmar_Line2	手 1 .2
StrawLiquid_Color	饮料杯 液体 2
Mecha5_Color	机械 5
HairClip13_Outline	发夹 轮廓 13
EasterEgg3	复活节 3
Collar3_Outline	服装 领子 轮廓 3
HairHighlight4_Color	挑染 >< 1 + 2
Tongue2	嘴/舌头 | 舔舔
FaceFeatureA3	脸部特征 A 3
AnimalEar4_Outline	兽耳轮廓 4
SideHairB8_Gradient	头发 侧面 32
PonytailA4_Outline	头发 单马尾 轮廓 7 + 8
HatD1_Outline	帽子 轮廓 8
GasBottle	压缩气瓶
SideHairA2_Outline	头发 侧面 轮廓 3 + 4
SideHairB5_Outline	头发 侧面 轮廓 25 + 26
FacialHair_A4_Color	胡子 A 4
EarringA2_Color	耳环 2
Eye3_Light	眼睛 虹膜浅色 3
AnimalEar1_Back_Outline	兽耳轮廓 1 .1
CapeFront5_Outline	披风 前 | 披风 轮廓 5
SideHairB8_Color	头发 侧面 31
HairShine6_Color	头发 高光 11 + 12
Hairband5_Outline	发带 B 轮廓 3
CapeBack1_Outline	披风 后 | 披风 轮廓 1
Halo3_Color	光环 3
Eye3_Eyelash	眼睛 睫毛 3
Leg	腿 1
Thumb_Color	手 1 .3
HairShine2_Color	头发 高光 3 + 4
Hairband1_Outline	发带 A 轮廓 1
Brow7	眉毛 7
Palmar_Line1	手 1 .4
PiercingA3_Color	耳钉 3
Pigtail_A7_Color	头发 马尾 13
SideHairA3_Gradient	头发 侧面 6
SideHairA8_Outline	头发 侧面 轮廓 15 + 16
PonytailA3_Outline	头发 单马尾 轮廓 5 + 6
TailF2_Outline	尾巴 轮廓 16
Ear_Outline	耳朵 轮廓 1
HairClip11_Color	发夹 11
TailC1_Outline	尾巴 轮廓 8
Cheek3	脸颊 3
Eye_Popcat_Light	呆 3 | 眼睛 | Popcat 帧
CandleFire	蜡烛 火焰
PiercingA4_Outline	耳钉 轮廓 4
NeckwearA2_Color	服装 颈部装饰 A 2
little_Color	手 1 .5
PiercingA1_Color	耳钉 1
PhoneLight	手机 屏幕光
ShakeLine1	害怕 1
Eye2_Upperlid	眼睛 睫毛 2 .1
NeckwearA3_Color	服装 颈部装饰 A 3
Brow9	眉毛 9
EarringA1_Outline	耳环 轮廓 1
TailA2_Outline	尾巴 轮廓 2
Drooling	馋
PiercingA4_Color	耳钉 4
PonytailA3_Color	头发 单马尾 5
PonytailA2_Gradient	头发 单马尾 4
AnimalEar7_Outline	兽耳轮廓 7
Brow6	眉毛 6
PopperConfetti2	彩纸 2
Swatter	拍子
Fin1_Outline	鳍 轮廓
HairShine3_Color	头发 高光 5 + 6
TailB1_Color	尾巴 3
HammerEffect2	锤子 2
Mecha1_Outline	机械 轮廓 1
Pigtail_A4_Outline	头发 马尾 轮廓 7 + 8
HatC1_Outline	帽子 轮廓 6 + 7
Pigtail_B1_Color	头发 马尾 17
Flash	枪口闪光
Brow4	眉毛 4
CortisolMeterPointer	跳舞(低皮质醇) 1
Hand_Line1	手 1 .6
RedPacketCoin4	红包 4
Cheek4	脸颊 4
FaceFeatureB3	脸部特征 B 3
Brow2	眉毛 2
StickyNote	表情贴纸 便签
Loading_Outline	表情贴纸 加载 2
Collar6_Outline	服装 领子 轮廓 6 + 7
CapeBack3_Color	披风 后 3
SideHairB6_Outline	头发 侧面 轮廓 27 + 28
PonytailA1_Outline	头发 单马尾 轮廓 1 + 2
PonytailA2_Color	头发 单马尾 3
SideHairA2_Color	头发 侧面 3
GiftBoxLid	礼物 2
Collar4_Color	服装 领子 里侧 4
WingE1_Upper_Color	翅膀 8 .1
WingA1_Color	翅膀 1
FrameHair_B4_Outline	头发 脸颊 轮廓 29 + 30
FrameHair_Branch_A1_Color	头发 分叉 1
SideHairA7_Gradient	头发 侧面 14
Wing2_Color	翅膀耳朵 2
TailA1_Color	尾巴 1
Eye3_Heart	眼睛 爱心 3
FrameHair_A8_Outline	头发 脸颊 轮廓 15 + 16
DrawingTablet	画板
FaceFeatureA2	脸部特征 A 2
PiercingA2_Color	耳钉 2
Eye_Popcat_Highlight	Popcat | 眼睛 高光
Hairband3_Outline	发带 B 轮廓 1
NeckwearB6_Color	服装 颈部装饰 B 6
Mouth_Popcat1	Popcat | 嘴 1
Rose	玫瑰
HairbandBack2_Outline	发带 D 轮廓 2
Mecha2_Outline	机械 轮廓 2
SideHairA8_Gradient	头发 侧面 16
NeckwearB7_Color	服装 颈部装饰 B 7
Donut3	甜甜圈 3
NeckwearB5_Outline	服装 颈部装饰 B 轮廓 5
StickyNoteText	表情贴纸 便签 文字
SideHairA6_Gradient	头发 侧面 12
PonytailA4_Gradient	头发 单马尾 8
Ahoge_A4_Color	头发呆毛4
Gill2_Color	腮 1 .2
FacialHair_A7_Outline	胡子 A 轮廓 7
HatC1_Color	帽子 6 + 7
SideHairA5_Color	头发 侧面 9
LightStickHandle	荧光棒 把手
Eye1_Spiral	眼睛 圈圈 1 + 2
EasterEgg2	复活节 2
EasterEgg1	复活节 1
HairClip5_Outline	发夹 轮廓 5
SideHairA8_Color	头发 侧面 15
HairHighlight2_Outline	挑染 轮廓 2 << + 2 >>
Ahoge_A2_Color	头发呆毛2
SideHairB7_Outline	头发 侧面 轮廓 29 + 30
AlertBits_Outline	表情贴纸 通知/提示 轮廓 6
SunGlasses_Frame	太阳镜
PonytailA4_Color	头发 单马尾 7
HairHighlight2_Color	挑染 2 << + 2 >>
SideHairA5_Gradient	头发 侧面 10
SideHairA6_Color	头发 侧面 11
HairbandBack2_Color	发带 D 2
NeckwearB1_Outline	服装 颈部装饰 B 轮廓 2
HairClip3_Outline	发夹 轮廓 3
Bill2	钞票 2
Volume	表情贴纸 音量
FrameHair_A1_Color	头发 脸颊 1 
FrameHair_A2_Gradient	头发 脸颊 2 
Pigtail_C2_Color	头发 马尾 23
Pigtail_C2_Gradient	头发 马尾 24
WingF1_Lower_Outline	翅膀 轮廓 9 .2
Glasses_Frame3	眼镜 3
WingA2_Outline	翅膀 轮廓 2
PalmarGlove1_Outline	手 2 .1
Eye1_Sparkling	眼睛 星星 1
SideHairB2_Color	头发 侧面 19
SideHairB2_Gradient	头发 侧面 20
SideHairA1_Outline	头发 侧面 轮廓 1 + 2
EarringA3_Color	耳环 3
EarringA4_Color	耳环 4
TailF_Outline	尾巴 轮廓 15 + 16 + 17 + 18 + 24 + 25
Halo2_Outline	光环 轮廓 2
HairBang4_Side_Outline	头发 刘海 轮廓 7 + 8
TailD1_Outline	尾巴 轮廓 11
Pigtail_A8_Outline	头发 马尾 轮廓 15 + 16
HairBang4_Middle_Outline	头发 刘海 >< 轮廓 4
SideHairB2_Outline	头发 侧面 轮廓 19 + 20
ShakeLine2	害怕 2
EarringB2_Color	耳环 7
TailA2_Color	尾巴 2
TailF_Color	尾巴 15 + 16 + 17 + 18 + 24 + 25
SideHairB6_Color	头发 侧面 27
Controller	手柄
HairBang3_Middle_Gradient	头发 刘海 >< 6
HairBang3_Middle_Color	头发 刘海 >< 5
Horn4_Color	角 4
HatD1_Color	帽子 8
PonytailA1_Gradient	头发 单马尾 2
SideHairB4_Outline	头发 侧面 轮廓 23 + 24
SideHairB6_Gradient	头发 侧面 28
EarringA4_Outline	耳环 轮廓 4
PopperConfetti1	彩纸 1
Collar1_Outline	服装 领子 轮廓 1
FacialHair_B5_Outline	胡子 B 轮廓 5
EarringA2_Outline	耳环 轮廓 2
TailF4_Outline	尾巴 轮廓 18
LightStickLight	荧光棒
HatA1_Outline	帽子 轮廓 1 + 2
SideHairB1_Outline	头发 侧面 轮廓 17 + 18
HairClip3_Color	发夹 3
NeckwearA4_Color	服装 颈部装饰 A 4
NeckwearA5_Color	服装 颈部装饰 A 5
WingC1_Lower_Outline	翅膀 轮廓 5 .2
FrameHair_A2_Outline	头发 脸颊 轮廓 3 + 4
HatB1_Outline	帽子 轮廓 3
MagicWand	魔法
HairBang2_Middle_Color	头发 刘海 >< 3
HairBang2_Middle_Gradient	头发 刘海 >< 4
Hairband5_Color	发带 B 3
TailE2_Outline	尾巴 轮廓 13
Brow5	眉毛 5
Tie1_Color	服装 颈部装饰 C 1
WingF1_Lower_Color	翅膀 9 .2
FrameHair_A4_Outline	头发 脸颊 轮廓 7 + 8
PryBar	撬棍
FacialHair_A2_Color	胡子 A 2
Outer2_Color	服装 外侧 2
Tie3_Outline	服装 颈部装饰 C 轮廓 3
TailB4_Outline	尾巴 轮廓 6
HairShine3_Outline	头发 高光 轮廓 6
AlertHeart_Color	表情贴纸 通知/提示 1
WingD2_Lower_Outline	翅膀 轮廓 7 .2
SideHairA1_Color	头发 侧面 1
HatA1_Color	帽子 1 + 2
SideHairB3_Color	头发 侧面 21
FrameHair_A11_Gradient	头发 脸颊 22
FrameHair_A11_Color	头发 脸颊 21
SideHairB4_Gradient	头发 侧面 24
SideHairA4_Outline	头发 侧面 轮廓 7 + 8
SideHairA1_Gradient	头发 侧面 2
CapeFront2_Color	披风 前 2
CapeFront5_Color	披风 前 5
CapeFront2_Outline	披风 前 | 披风 轮廓 2
SideHairB3_Outline	头发 侧面 轮廓 21 + 22
SideHairB4_Color	头发 侧面 23
SideHairB5_Gradient	头发 侧面 26
TailB5_Color	尾巴 7
WingC1_Upper_Outline	翅膀 轮廓 5 .1
Mecha3_Outline	机械 轮廓 3
HairHighlight1_Color	挑染 1 << + 1 >> 
LoveLetter	情书
Hairband6_Outline	发带 B 轮廓 4
MusicalNote1	音乐 音符 1
PiercingA2_Outline	耳钉 轮廓 2
StrawLiquid_Outline	饮料杯 2
Eyepatch2_Color	眼罩 3 + 4
AnimalEar2_Front_Outline	兽耳轮廓 2
AnimalEar1_Fur_Color	兽耳毛 1
EarringB3_Color	耳环 8
Pigtail_A7_Gradient	头发 马尾 14
AnimalEar5_Color	兽耳 5
EarringB4_Color	耳环 4
HairClip2_Color	发夹 2
Glasses_Lens2	眼镜 Lens 2
HairBang6_Side_Gradient	头发 刘海 12
HairBang3_Middle_Outline	头发 刘海 >< 轮廓 5 + 6
AnimalEar9_Outline	兽耳轮廓 9
HatB3_Color	帽子 5
PiercingA1_Outline	耳钉 轮廓 1
Brow8	眉毛 8
HairClip1_Outline	发夹 轮廓 1
Eyepatch1_Color	眼罩 1 + 2
NeckwearA1_Color	服装 颈部装饰 A 1
Eye1_Eyelash	眼睛 睫毛 1 + 2
ShakeLine3	害怕 3
WingE1_Upper_Outline	翅膀 轮廓 8 .1
PopperConfetti3	彩纸 3
Star	表情贴纸 星星
HairBang1_Middle_Outline	头发 刘海 >< 轮廓 1 + 2
SideHairA4_Gradient	头发 侧面 8
PiercingA3_Outline	耳钉 轮廓 3
FaceFeatureB4	脸部特征 B 4
EarringA3_Outline	耳环 轮廓 3
TailF4_Color	尾巴 18
AnimalEar2_Fur_Color	兽耳毛 2
AnimalEar3_Outline	兽耳轮廓 3
Straw	饮料杯 4
AnimalEar8_Outline	兽耳轮廓 8
AnimalEar6_Color	兽耳 6
TailF3_Color	尾巴 17
EarringB5_Outline	耳环 轮廓 10
HairClip12_Color	发夹 12
Collar6_Color	服装 领子 里侧 6 + 7
AnimalEar6_Outline	兽耳轮廓 6
AnimalEar3_Color	兽耳 3
Brow3	眉毛 3
Glasses_Lens3	眼镜 Lens 3
EarringB5_Color	耳环 10
LaptopLight2	电脑 屏幕光 2
PhoneScreenPattern1	手机 屏幕 1
TailF2_Color	尾巴 16
LaptopLight1	电脑 屏幕光 1
AnimalEar7_Color	兽耳 7
AnimalEar9_Color	兽耳 9
HairBang7_Middle_Outline	头发 刘海 >< 轮廓 13 + 14
Hairband6_Color	发带 B 4
AnimalEar2_Back_Outline	兽耳轮廓 2 .1
HairClip1_Color	发夹 1
EarringB2_Outline	耳环 轮廓 7
Middle_Color	手 1 .7
AnimalEar5_Outline	兽耳轮廓 5
Hairband2_Color	发带 A 2
AnimalEar1_Front_Color	兽耳 1
Chopstick	筷子
AnimalEar2_Front_Color	兽耳 2
EarringB3_Outline	耳环 轮廓 8
TailF1_Color	尾巴 15
AnimalEar4_Color	兽耳 4
HairBang4_Side_Color	头发 刘海 7
SideHairB7_Gradient	头发 侧面 30
SideHairB1_Color	头发 侧面 17
FacialHair_A7_Color	胡子 A 7
HairClip4_Outline	发夹 轮廓 4
EarringB1_Outline	耳环 轮廓 6
Index_Color	手 1 .8
PiercingA5_Outline	耳钉 轮廓 5
TailF1_Outline	尾巴 轮廓 15
AnimalEar1_Fur_Outline	兽耳毛轮廓 1
TailE3_Color	尾巴 14
AnimalEar1_Back_Color	兽耳 1 .1
AnimalEar2_Fur_Outline	兽耳毛轮廓 2
CupSteam	咖啡杯 蒸汽
AnimalEar2_Back_Color	兽耳 2 .1
AnimalEar8_Color	兽耳 8
EarringB4_Outline	耳环 轮廓 9
FacialHair_A8_Outline	胡子 A 轮廓 8
SideHairB7_Color	头发 侧面 29
SideHairA4_Color	头发 侧面 7
SideHairB1_Gradient	头发 侧面 18
BackHair3_Color	头发 后侧 5
Pigtail_A5_Color	头发 马尾 9
Pigtail_A5_Gradient	头发 马尾 10
Pigtail_A2_Outline	头发 马尾 轮廓 3 + 4
HairShine6_Outline	头发 高光 轮廓 12
Antenna1_Outline	触角轮廓 1
AlertLike_Outline	表情贴纸 通知/提示 轮廓 4
FacialHair_A5_Outline	胡子 A 轮廓 5
Horn5_Outline	角 轮廓 5
FrameHair_A8_Color	头发 脸颊 15
FrameHair_A8_Gradient	头发 脸颊 16
FrameHair_Top_Color	头发 脸颊 top
HairBang5_Middle_Color	头发 刘海 >< 9
HairShine1_Outline	头发 高光 轮廓 2
WingG1_Inner_Outline	翅膀 轮廓 10 .2
VideoCamera	摄像机
FrameHair_A7_Gradient	头发 脸颊 14
FrameHair_A7_Color	头发 脸颊 13
Index_Outline	手 1 .9
Mouth	嘴
TailC3_Outline	尾巴 轮廓 10
Wing2_Outline	翅膀耳朵 轮廓 2
Wing1_Color	翅膀耳朵 轮廓 1
WingC1_Upper_Color	翅膀 轮廓 5 .1
Main7_Color	服装 里侧 7
HairHighlight3_Color	挑染 3 << + 3 >>
HairHighlight4_Outline	挑染 >< 轮廓 1 + 2
ErrorPopup	停止工作
TrashBinLid	垃圾桶 2
BackHair1_Outline	头发 后侧 轮廓 1 + 2
BackHair2_Outline	头发 后侧 轮廓 3 + 4
Horn6_Color	角 6
HairBang7_Middle_Color	头发 刘海 >< 13
little_Outline	手 1 .10
HornF1_Outline	角 前 轮廓 1
TailC2_Outline	尾巴 轮廓 9
Outer2_Outline	服装 外侧 轮廓 2
BackHair3_Outline	头发 后侧 轮廓 5 + 6
Tongue_Shadow	舌头 阴影
Blush	脸红
FacialHair_B5_Color	胡子 B 5 
Knife	馋(刀叉) 2
HairBang3_Side_Outline	头发 刘海 轮廓 5 + 6
HairBang5_Side_Outline	头发 刘海 轮廓 9 + 10
Horn7_Outline	角 轮廓 7
PopcornBucket	吃(爆米花) 1
Pigtail_A3_Outline	头发 马尾 轮廓 5 + 6
Collar7_Color	服装 领子 里侧 8
Hairband3_Color	发带 B 1
Hammer	锤子
TailE3_Outline	尾巴 轮廓 14
HairBang6_Side_Outline	头发 刘海 轮廓 11 + 12
HairBang2_Side_Outline	头发 刘海 轮廓 3 + 4
HairShine7_Outline	头发 高光 轮廓 14
EyepatchBandage_Color	眼罩 5 + 6
EyepatchBandage_Outline	眼罩轮廓 5 + 6
HairbandBack1_Color	发带 D 1
Hairband4_Outline	发带 B 轮廓 2
KeyboardKeyA	打字(普通) 1
Thumb_Outline	手 1 .11
FacialHair_B3_Color	胡子 B 3
Hairband2_Outline	发带 A 轮廓 2
HairbandBack1_Outline	发带 D 轮廓 1
TailB3_Color	尾巴 5
FrameHair_A7_Outline	头发 脸颊 轮廓 13 + 14
FrameHair_A10_Color	头发 脸颊 19
FrameHair_A10_Gradient	头发 脸颊 20
FrameHair_A11_Outline	头发 脸颊 轮廓 21 + 22
FrameHair_A9_Color	头发 脸颊 17
FacialHair_A3_Color	胡子 A 3
BackHair1_Color	头发 后侧 1
Laptop	电脑
SignRound	圆形标牌
HairBang1_Side_Color	头发 刘海 1
HairBang4_Side_Gradient	头发 刘海 8
HairBang5_Side_Color	头发 刘海 9
BackHair2_Color	头发 后侧 3
Pigtail_A6_Outline	头发 马尾 轮廓 11 + 12
Pigtail_A7_Outline	头发 马尾 轮廓 13 + 14
Watermelon	吃(西瓜)
Cheek2	脸颊 2
HairClip6_Color	发夹 6
Spoon	到达(拿勺子)
Tape	胶带
HatB2_Outline	帽子 轮廓 4
HairShine2_Outline	头发 高光 轮廓 4
HairBang1_Side_Gradient	头发 刘海 2
HairBang2_Side_Color	头发 刘海 3
HairBang5_Side_Gradient	头发 刘海 10
BackHair2_Gradient	头发 后侧 4
FrameHair_B3_Outline	头发 脸颊 轮廓 28
FaceFeatureC1	脸部特征 C 1
Pigtail_A8_Color	头发 马尾 15
NeckwearB4_Color	服装 颈部装饰 B 4
WingE1_Lower_Color	翅膀 8 .3
PhoneScreen	手机 屏幕 3
AngrySteam	表情贴纸 气
Outer1_Color	服装 外侧 1
SideHair_Branch_C2_Outline	头发 侧面分叉 C 轮廓 2
Hairband4_Color	发带 B 2
Pigtail_A3_Color	头发 马尾 5
BackHair3_Gradient	头发 后侧 6
HairBang2_Side_Gradient	头发 刘海 4
PixelSunglasses	像素太阳镜
HatB1_Color	帽子 3
FacialHair_B3_Outline	胡子 B 轮廓 3
CapeBack1_Color	披风 后 1
HairShine1_Color	头发 高光 1 + 2
Palmar_Color	手 1 .12
Ahoge_B1_Color	头发呆毛5
HatA2_Outline	帽子 轮廓 2
Pigtail_A5_Outline	头发 马尾 轮廓 9 + 10
Pigtail_A3_Gradient	头发 马尾 6
HairBang3_Side_Color	头发 刘海 5
HairBang3_Side_Gradient	头发 刘海 6
HairShine4_Outline	头发 高光 轮廓 8
BackHair1_Gradient	头发 后侧 2
SignSquare	方形标牌
Horn4_Outline	角 4
PonytailB1_Gradient	头发 单马尾 12
PonytailB1_Color	头发 单马尾 11
FrameHair_A1_Outline	头发 脸颊 轮廓 1 + 2
Collar7_Outline	服装 领子 轮廓 8
NeckwearA3_Outline	服装 颈部装饰 A 轮廓 3
NeckwearA2_Outline	服装 颈部装饰 A 轮廓 2
TailA1_Outline	尾巴 轮廓 1
Horn3_Outline	角 轮廓 3
Pigtail_A8_Gradient	头发 马尾 16
SunglassesReflection	太阳镜反光
NeckwearA6_Color	服装 颈部装饰 A 6
Tie2_Outline	服装 颈部装饰 C 轮廓 2
Halo4_Color	光环 5 + 6
FrameHair_A6_Color	头发 脸颊 11
Middle_Outline	手 1 .13
RedPacketCoin2	红包 3
NeckwearB5_Color	服装 颈部装饰 B 5
Eye1_HighlightCry	眼睛 1 | 哭
Collar3_Color	服装 领子 里侧 3
TailC3_Color	尾巴 10
ElfEar_Color	耳朵 1.1
Surprise	表情贴纸 惊吓
Gill3_Outline	腮 轮廓 1 .3
Pigtail_A4_Gradient	头发 马尾 8
Pigtail_A1_Color	头发 马尾 1
Eye_U	睡觉 (UU)
Cockroach	蟑螂
Halo3_Outline	光环 轮廓 3
Wing3_Outline	翅膀耳朵 轮廓 3
Halo4_Outline	光环 轮廓 5 + 6
Wing3_Color	翅膀耳朵 3
WingD1_Outline	翅膀 轮廓 6
FacialHair_A1_Color	胡子 A 1
Ghost	表情贴纸 幽灵
Hairband7_Outline	发带 C 轮廓 1
Horn6_Outline	角 轮廓 6
HairHighlight3_Outline	挑染 轮廓 3 << + 3 >>
Glasses_Frame2	眼镜 2
NeckwearA4_Outline	服装 颈部装饰 A 轮廓 4
Ear_Color	耳朵 1
HatB2_Color	帽子 4
FacialHair_A4_Outline	胡子 A 轮廓 4
PonytailB1_Outline	头发 单马尾 轮廓 11 + 12
Collar1_Color	服装 领子 里侧 1
CapeBack3_Outline	披风 后 | 披风 轮廓 3
Pigtail_A1_Outline	头发 马尾 轮廓 1 + 2
Tie2_Color	服装 颈部装饰 C 2
TailE1_Color	尾巴 12
PatHand	摸头手
Main6_Outline	服装 里侧 轮廓 6
Pigtail_A6_Color	头发 马尾 11
Card	反转
FacialHair_A8_Color	胡子 A 8
CapeBack2_Outline	披风 后 | 披风 轮廓 2
CapeFront6_Color	披风 前 6
PonytailB2_Gradient	头发 单马尾 14
Megaphone	扩音器
Glasses_Frame1	眼镜 1
Pigtail_B1_Outline	头发 马尾 轮廓 17 + 18
Eye1_Dollar	眼睛 钱 1 + 2
FaceFeatureA1	脸部特征 A 1
Eye1_Heart	眼睛 爱心 1 + 2
Collar2_Color	服装 领子 里侧 2
Pigtail_A6_Gradient	头发 马尾 12
FrameHair_B3_Gradient	头发 脸颊 28
FrameHair_B3_Color	头发 脸颊 27
FrameHair_TopBack_Outline	头发 脸颊 top 轮廓 2
Horn5_Color	角 5
Fork	馋(刀叉) 1
SteeringWheel	方向盘
Hairband1_Color	发带 A 1
HatB3_Outline	帽子 轮廓 5
FrameHair_A4_Color	头发 脸颊 7
NeckwearB3_Color	服装 颈部装饰 B 3
HammerEffect1	锤子 1
HairHighlight6_Color	挑染 >< 5 + 6
Pigtail_B2_Outline	头发 马尾 轮廓 19 + 20
WingF1_Upper_Outline	翅膀 轮廓 9 .1
Pigtail_A2_Gradient	头发 马尾 4
RedPacketCoin3	红包 2
FrameHair_A9_Gradient	头发 脸颊 18
TrashBin	垃圾桶 1
FacialHair_A2_Outline	胡子 A 轮廓 2
Tongue1	舔舔 | 舌头
HairShine4_Color	头发 高光 7 + 8
Toilet	马桶
FrameHair_A5_Gradient	头发 脸颊 10
CapeFront6_Outline	披风 前 | 披风 轮廓 6
FrameHair_A5_Color	头发 脸颊 9
CapeBack2_Color	披风 后 2
SunGlasses_Lens	太阳镜 Lens
FrameHair_A9_Outline	头发 脸颊 轮廓 17 + 18
Main8_Outline	服装 里侧 轮廓 8
Pigtail_A4_Color	头发 马尾 7
KeyboardKeyB	打字(普通) 2
Tie3_Color	服装 颈部装饰 C 3
Nose2	鼻子 2
FacialHair_A5_Color	胡子 A 5
AlertCustom_Color	表情贴纸 通知/提示 2
AlertCustom_Outline	表情贴纸 通知/提示 轮廓 2
SideHair_Branch_A2_Outline	头发 侧面分叉 A 轮廓 2
Horn1_Color	角 1
Outer3_Outline	服装 外侧 轮廓 3
SideHair_Branch_B1_Outline	头发 侧面分叉 B 轮廓 1
ElfEar_Outline	耳朵 轮廓 1.1
Outer4_Color	服装 外侧 4
Outer3_Color	服装 外侧 3
HairHighlight5_Outline	挑染 >< 轮廓 3 +4
SideHair_Branch_C1_Outline	头发 侧面分叉 C 轮廓 1
Stylus	手写笔
Tear2_Outline	眼睛 眼泪 3
Donut1	甜甜圈 1
Donut2	甜甜圈 2
SideHair_Branch_A1_Outline	头发 侧面分叉 A 轮廓 1
Eye1_Light	眼睛 虹膜浅色 1 + 2
Angry2	表情贴纸 生气 2
WingF1_Upper_Color	翅膀 9 .1
NeckwearB2_Color	服装 颈部装饰 B 1 + 2
SideHair_Branch_A1_Color	头发 侧面分叉 A 1
SignRoundText1	圆形标牌 文字
Collar2_Outline	服装 领子 轮廓 2
MusicalNote2	音乐 音符 2
FacialHair_B4_Color	胡子 B 4
Mecha2_Color	机械 2
Six	数字 6
PointHand	指人手
HairClip8_Color	发夹 8
FaceFeatureB1	脸部特征 B 1
Pigtail_B2_Gradient	头发 马尾 20
Main8_Color	服装 里侧 8
Tear2_Color	眼睛 眼泪 2
Eye3_Dark	眼睛 虹膜深色 3
Outer4_Outline	服装 外侧 轮廓 4
Glasses_Lens1	眼镜 Lens 1
WingA3_Outline	翅膀 轮廓 3
Ahoge_B2_Color	头发呆毛6
CapeFront1_Outline	披风 前 | 披风 轮廓 1
Cake	蛋糕
WingD1_Color	翅膀 6
Pigtail_B1_Gradient	头发 马尾 18
Outer7_Color	服装 外侧 7
Ahoge_B1_Outline	头发呆毛轮廓 5
HornM1_Outline	角 前 >< 轮廓 1
HornF2_Color	角 前 2
CapeFront4_Color	披风 前 4
FrameHair_Branch_A3_Color	头发 分叉 3
Main2_Outline	服装 里侧 轮廓 2
Wing1_Outline	翅膀耳朵 轮廓 1
WingD2_Upper_Outline	翅膀 轮廓 7 .1
Mecha4_Color	机械 4
Horn1_Outline	角 轮廓 1
WingA2_Color	翅膀 2
EasterEggBasket	复活节 4
Mecha4_Outline	机械 轮廓 4
Antenna2_Color	触角 2
Mecha1_Color	机械 1
Ahoge_A3_Outline	头发呆毛轮廓 3
Main1_Outline	服装 里侧 轮廓 1
Horn2_Color	角 2
HairBang4_Middle_Gradient	头发 刘海 >< 8
CapeFront3_Color	披风 前 3
Notepad	记事本
Outer5_Color	服装 外侧 5
WingA3_Color	翅膀 3
WingB1_Color	翅膀 4
Pistol	枪
Horn7_Color	角 7
Bottle	摇可乐
Outer6_Color	服装 外侧 6
Laugh2	表情贴纸 笑 2
FrameHair_B1_Gradient	头发 脸颊 24
Outer5_Outline	服装 外侧 轮廓 5
FrameHair_Top_Outline	头发 脸颊 top 轮廓
WingG1_Inner_Color	翅膀 10 .2
HairBang5_Middle_Outline	头发 刘海 >< 轮廓 9 + 10
Beer	干杯
HairBang4_Middle_Color	头发 刘海 >< 7
TailE1_Outline	尾巴 轮廓 12
TailC2_Color	尾巴 9
HornF2_Outline	角 轮廓 9
HairBang2_Middle_Outline	头发 刘海 >< 轮廓 3 + 4
Ahoge_B2_Outline	头发呆毛轮廓 6
Bell	铃铛 2
FrameHair_Branch_A3_Outline	头发 分叉 轮廓 3
FrameHair_A3_Color	头发 脸颊 5
FrameHair_A3_Gradient	头发 脸颊 6
Horn2_Outline	角 轮廓 2
Outer6_Outline	服装 外侧 轮廓 6
WingD2_Upper_Color	翅膀 7 .1
Antenna2_Outline	触角轮廓 2
TailB5_Outline	尾巴 轮廓 7
HairBang5_Middle_Gradient	头发 刘海 >< 10
HairBang1_Middle_Color	头发 刘海 >< 1
QuestionMark	表情贴纸 问号
Horn3_Color	角 3
SignSquareText1	方形标牌 文字
Antenna1_Color	触角 1
FrameHair_A2_Gradient	头发 脸颊 4
HairHighlight1_Outline	挑染 轮廓 1 << + 1 >>
TailD1_Color	尾巴 11
HairBang6_Middle_Outline	头发 刘海 >< 轮廓 11 + 12
HairBang7_Middle_Gradient	头发 刘海 >< 14
HairBang6_Middle_Color	头发 刘海 >< 11
HairBang6_Middle_Gradient	头发 刘海 >< 12
CapeFront4_Outline	披风 前 | 披风 轮廓 4
FrameHair_A2_Color	头发 脸颊 3
FacialHair_A1_Outline	胡子 A 轮廓 1
HairBang1_Middle_Gradient	头发 刘海 >< 2
HornM1_Color	角 前 >< 1
TailB4_Color	尾巴 6
TailB2_Color	尾巴 4
Pigtail_B2_Color	头发 马尾 19
Fin1_Color	鳍 1
TailB3_Outline	尾巴 轮廓 5
Halo1_Color	光环 1
TailB2_Outline	尾巴 轮廓 4
FrameHair_A3_Outline	头发 脸颊 轮廓 5 + 6
FrameHair_B1_Color	头发 脸颊 23
HairClip7_Color	发夹 7
FacialHair_A6_Color	胡子 A 6
FacialHair_A3_Outline	胡子 A 3
Halo1_Outline	光环 轮廓 1
Hairband7_Color	发带 C 1
Keyboard	打字(普通) 3
FrameHair_A6_Outline	头发 脸颊 轮廓 11 + 12
VolumeOff	表情贴纸 音量 2
PalmarGlove1_Color	手 2 .2
FacialHair_A6_Outline	胡子 A 轮廓 6
TailB1_Outline	尾巴 轮廓 3
Pigtail_A1_Gradient	头发 马尾 2
FrameHair_A4_Gradient	头发 脸颊 8
KitchenKnife	厨房刀
Halo2_Color	光环 2
FrameHair_A6_Gradient	头发 脸颊 12
HairShine5_Color	头发 高光 9 + 10
FrameHair_B2_Color	头发 脸颊 25
FacialHair_B1_Outline	胡子 B 轮廓 1
Main3_Outline	服装 里侧 轮廓 3
Main4_Outline	服装 里侧 轮廓 4
Main7_Outline	服装 里侧 轮廓 7
HatA2_Color	帽子 2
Pigtail_C2_Outline	头发 马尾 轮廓 23 + 24
Main1_Color	服装 里侧 1
Eyepatch2_Outline	眼罩轮廓 3 + 4
SideHair_Branch_C2_Color	头发 侧面分叉 C 2
HairHighlight6_Outline	挑染 >< 轮廓 5 + 6
SideHair_Branch_C1_Color	头发 侧面分叉 C 1
Eyepatch1_Outline	眼罩轮廓 1 + 2
AlertCoin_Outline	表情贴纸 通知/提示 轮廓 3
Eye_Dum_Outline	呆眼 轮廓 1 + 2
FrameHair_Branch_A2_Outline	头发 分叉 轮廓 2
Main5_Color	服装 里侧 5
Pompom	拉拉花
HairClip10_Outline	发夹 轮廓 10
WaveHand	挥手 手
HeartItem	爱心
FrameHair_Branch_A2_Color	头发 分叉 2
FrameHair_Branch_A1_Outline	头发 分叉 轮廓 1
Eye_Dum_Color	眼睛 白色部分
AlertCoin_Color	表情贴纸 通知/提示 3
Button	按钮
SideHair_Branch_B2_Outline	头发 侧面分叉 B 轮廓 2
Face_Shadow	脸 阴影
AlertStar_Outline	表情贴纸 通知/提示 轮廓 5
Pigtail_C1_Outline	头发 马尾 轮廓 21 + 22
AlertHeart_Outline	表情贴纸 通知/提示 轮廓 1
AlertLike_Color	表情贴纸 通知/提示 4
AlertStar_Color	表情贴纸 通知/提示 5
Sleep	表情贴纸 睡觉
Square	门/墙 | 监狱栅栏 | 被子 外侧
SideHair_Branch_A2_Color	头发 侧面分叉 A 2
Beverage	饮料杯 3
HairClip8_Outline	发夹 轮廓 8
HairClip9_Outline	发夹 轮廓 9
GiftBox	礼物 1
Mecha5_Outline	机械 轮廓 5
WingC1_Lower_Color	翅膀 5 .2
Gill3_Color	腮 1 .3
FacialHair_B6_Outline	胡子 B 轮廓 6
HairClip10_Color	发夹 10
SideHair_Branch_B2_Color	头发 侧面分叉 B 2
SideHair_Branch_B1_Color	头发 侧面分叉 B 1
Bowl	碗
Pigtail_C1_Color	头发 马尾 21
Pigtail_C1_Gradient	头发 马尾 22
HairClip7_Outline	发夹 轮廓 7
HairHighlight5_Color	挑染 >< 3 + 4
HairClip6_Outline	发夹 轮廓 6
Bill1	钞票 1
LubricantSpray	喷雾
Ahoge_A1_Outline	头发呆毛轮廓 1
Gill1_Outline	腮 轮廓 1 .1
FacialHair_B6_Color	胡子 B 6 
Heart	表情贴纸 爱心
Popper	彩纸筒
Pencil	铅笔
Ahoge_A3_Color	头发呆毛3
BeverageCup	饮料杯
Mouth_Popcat2	Popcat | 嘴 2
HairClip9_Color	发夹 9
AlertBits_Color	表情贴纸 通知/提示 6
Seven	数字 7
PhoneFront	手机 1
Gill2_Outline	腮 轮廓 1 .2
FrameHair_B2_Outline	头发 脸颊 轮廓 25 + 26
NeckwearB7_Outline	服装 颈部装饰 B 轮廓 7
Angry1	表情贴纸 生气 1
Cup	咖啡杯
Phone	手机 2
Palmar_Outline	手 1 .14
FrameHair_B1_Outline	头发 脸颊 轮廓 23 + 24
WingD2_Lower_Color	翅膀 7 .2
HairClip11_Outline	发夹 轮廓 11
RedPacket	红包 1
HairClip12_Outline	发夹 轮廓 12
Gill1_Color	腮 1 .1
Eye1_Dark	眼睛 虹膜深色 1 + 2
NeckwearB3_Outline	服装 颈部装饰 B 轮廓 3
LightBulb	表情贴纸 灯泡
Mecha3_Color	机械 3
Mecha6_Outline	机械 轮廓 6
Ahoge_A1_Color	头发呆毛1
WingA1_Outline	翅膀 轮廓 1
RedPacketCoin1	红包 5
SweatBlue	表情贴纸 汗（大）
HornF1_Color	角 前 1
Sparkle	光晕
Ahoge_A2_Outline	头发呆毛轮廓 
FaceFeatureC2	脸部特征 C 2
Glove1_Outline	手套 轮廓
PalmGlove1_Color	手 2 .3
PalmGlove1_Outline	手 2 .4
FacialHair_B2_Outline	胡子 B 2
Mecha6_Color	机械 6
CapeFront1_Color	披风 前 1
HairClip4_Color	发夹 4
NeckwearB1_Color	服装 颈部装饰 B 2
Cheek1	脸颊 1
Lubricant	润滑剂
Ahoge_A4_Outline	头发呆毛轮廓 4
Angry3	表情贴纸 生气 3
Microphone	麦克风
NeckwearB4_Outline	服装 颈部装饰 B 轮廓 4
WingE1_Middle_Outline	翅膀 轮廓 8 .2
FacialHair_B2_Color	胡子 B 2
Collar4_Outline	服装 领子 轮廓 4
TailF3_Outline	尾巴 轮廓 17
Donut4	甜甜圈 4
Laugh3	表情贴纸 笑 3
Tear1	眼睛 眼泪 1
NeckwearA6_Outline	服装 颈部装饰 A 轮廓 6
Confetti1	彩纸 4
Eye_Dum_Pupil	 呆眼 瞳孔
NeckwearB2_Outline	服装 颈部装饰 B 轮廓 1 + 2
FrameHair_B4_Color	头发 脸颊 29
FrameHair_B4_Gradient	头发 脸颊 30
NeckwearB6_Outline	服装 颈部装饰 B 轮廓 6
Eye_Popcat_Dark	呆 3 | 眼睛 | Popcat 帧 2
HairClip2_Outline	发夹 轮廓 2
FrameHair_B2_Gradient	头发 脸颊 26
Hand_Outline	手 1 .15
Glove1_Color	手套
NeckwearA1_Outline	服装 颈部装饰 A 轮廓 1
WingE1_Lower_Outline	翅膀 轮廓 8 .3
Mouse	鼠标
Collar5_Color	服装 领子 里侧 5
Tie1_Outline	服装 颈部装饰 C 轮廓 1
Eyebag	眼袋
WingG1_Outter_Outline	翅膀 轮廓 10 .1
Laugh1	表情贴纸 笑 1
Popcorn	吃(爆米花) 2
NeckwearA5_Outline	服装 颈部装饰 A 轮廓 5
BeverageLiquid	饮料杯 液体
Eye3_HighlightCry	眼睛 3 | 哭
Eye3_Sparkling	眼睛 星星 3
Confetti2	彩纸 5
Eye3_Spiral	眼睛 圈圈 3
FacialHair_B1_Color	胡子 B 1
PhoneScreenPattern2	手机 屏幕 2
VolumeOn	表情贴纸 音量 3
FacialHair_B4_Outline	胡子 B 轮廓 4
Collar5_Outline	服装 领子 轮廓 5
WingEL_Lower_WeightTransfer	翅膀 >> 15 .3
NeckwearB1_WeightTransfer	服装 颈部装饰 B 8
FloatingL_WeightTransfer	机械 >> 7
HairBang_SideL_WeightTransfer	头发 刘海 >> 13
FloatingR_WeightTransfer	机械 << 7
Glasses_WeightTransfer	眼镜 4
AhogeA_WeightTransfer	头发呆毛7
BackHair_WeightTransfer	头发 后侧 7
AnimalEarBL_WeightTransfer	兽耳 >> 11
EyepatchA_WeightTransfer	眼罩 7
TailD_WeightTransfer	尾巴 22
HairBang_Middle_WeightTransfer	头发 刘海 >< 15
Face_WeightTransfer	脸部特征 C 3
NeckwearB2_WeightTransfer	服装 颈部装饰 B 9
EarringBR_WeightTransfer	耳环 << 12
EarringBL_WeightTransfer	耳环 >> 12
NeckwearC_WeightTransfer	服装 颈部装饰 C 4
HatC_WeightTransfer	帽子 11
TailFSoft_WeightTransfer	尾巴 25
TailFHard_WeightTransfer	尾巴 24
EarringAR_WeightTransfer	耳环 << 11
EarringAL_WeightTransfer	耳环 >> 11
HatA_WeightTransfer	帽子 9
LegR_WeightTransfer	腿 << 2
LegL_WeightTransfer	腿 >> 2
HatD_WeightTransfer	帽子 12
FrameHair_WeightTransfer	头发 脸颊 >< 
TailE_WeightTransfer	尾巴 23
TailA_WeightTransfer	尾巴 19
SideHairB_WeightTransfer	头发 侧面 34
SideHairA_WeightTransfer	头发 侧面 33
PonytailA_WeightTransfer	头发 单马尾 15
WingER_Upper_WeightTransfer	翅膀 << 15 .1
WingER_Middle_WeightTransfer	翅膀 << 15 .2
OutfitOuter_WeightTransfer	服装 外侧 8
WingAL_WeightTransfer	翅膀 >> 11
PalmarL_WeightTransfer	手 >> 3 .5
HeadWingAL_WeightTransfer	翅膀耳朵 >> 4
BrowL_WeightTransfer	眉毛 >> 10
BrowR_WeightTransfer	眉毛 << 10
MustacheA_WeightTransfer	胡子 B 7
TailC_WeightTransfer	尾巴 21
FrameHair_BranchL_WeightTransfer	头发 分叉 >> 4
HandL_Middle_WeightTransfer	手 >> 3 .1
HandL_Thumb_WeightTransfer	手 >> 3 .2
NeckwearA_WeightTransfer	服装 颈部装饰 A 7
WingER_Lower_WeightTransfer	翅膀 << 15 .3
WingEL_Upper_WeightTransfer	翅膀 >> 15 .1
WingGL_Outter_WeightTransfer	翅膀 >> 17 .1
WingCL_Upper_WeightTransfer	翅膀 >> 13 .1
WingGR_Inner_WeightTransfer	翅膀 << 17 .2
WingCR_Upper_WeightTransfer	翅膀 << 13 .1
EarL_WeightTransfer	耳朵 2 >>
EarR_WeightTransfer	耳朵 2 <<
CapeBack_WeightTransfer	披风 后 4
CapeFront_WeightTransfer	披风 前 7
WingEL_Middle_WeightTransfer	翅膀 >> 15 .2
WingFR_Upper_WeightTransfer	翅膀 << 16 .1
AntennaR_WeightTransfer	触角 << 3
AnimalEarAR_WeightTransfer	兽耳 << 10
WingDL_WeightTransfer	翅膀 >> 14
AnimalEarCL_WeightTransfer	兽耳 >> 12
WingGL_Inner_WeightTransfer	翅膀 >> 17 .2
Halo_WeightTransfer	光环 7
FinR_WeightTransfer	鳍 << 2
HatB_WeightTransfer	帽子 10
AnimalEarAL_WeightTransfer	兽耳 >> 10
TailB_WeightTransfer	尾巴 20
HandL_Little_WeightTransfer	手 >> 3 .3
HandL_Index_WeightTransfer	手 >> 3 .4
FinL_WeightTransfer	鳍 >> 2
AntennaL_WeightTransfer	触角 >> 3
PonytailAR_WeightTransfer	头发 马尾 << 25
OutfitInner_WeightTransfer	服装 里侧 9
MustacheB_WeightTransfer	胡子 B 8
PonytailB_WeightTransfer	头发 单马尾 16
HairBandA_WeightTransfer	发带 A 3
HairBang_SideR_WeightTransfer	头发 刘海 << 13
EyepatchB_WeightTransfer	眼罩 8
WingFL_Lower_WeightTransfer	翅膀 >> 16 .2
WingBL_WeightTransfer	翅膀 >> 12
PonytailCL_WeightTransfer	头发 马尾 >> 26
HairbandB_WeightTransfer	发带 B 5
BeardA_WeightTransfer	胡子 A 9
PonytailAL_WeightTransfer	头发 马尾 >> 25
AnimalEarBR_WeightTransfer	兽耳 << 11
EyelashR_WeightTransfer	眼睛 4 | 眼睛 睫毛 <<
GillR_WeightTransfer	腮 << 2
PiercingAL_WeightTransfer	耳钉 A >> 6
PiercingAR_WeightTransfer	耳钉 A << 6
WingFR_Lower_WeightTransfer	翅膀 << 16 .2
WingFL_Upper_WeightTransfer	翅膀 >> 16 .1
HairBandC_WeightTransfer	发带 D 3
HornL_WeightTransfer	角 >> 8
HornR_WeightTransfer	角 << 8
EyelashL_WeightTransfer	眼睛 4 | 眼睛 睫毛 >>
GillL_WeightTransfer	腮 >> 2
HornFrontL_WeightTransfer	角 前 >> 3
HornFrontR_WeightTransfer	角 前 << 3
WingDR_WeightTransfer	翅膀 << 14
FrameHair_BranchR_WeightTransfer	头发 分叉 << 4
HeadWingAR_WeightTransfer	翅膀耳朵 << 4
HornFrontM_WeightTransfer	角 前 >< 2
WingGR_Outter_WeightTransfer	翅膀 << 17 .1
EyeDollarR_WeightTransfer	眼睛 钱 << 4 + 5
EyeHeartL_WeightTransfer	眼睛 爱心 >> 4 + 5
EyeHeartR_WeightTransfer	眼睛 爱心 << 4 + 5
EyeHighlightCryL_WeightTransfer	眼睛 4 + 5 >> | 哭
EyeHighlightCryR_WeightTransfer	眼睛 4 + 5 << | 哭
EyeL_WeightTransfer	眼睛 >> 4 + 5
EyeR_WeightTransfer	眼睛 << 4 + 5
EyeSparklingL_WeightTransfer	眼睛 星星 >> 4 + 5
EyeSparklingR_WeightTransfer	眼睛 星星 << 4 + 5
EyeSpiralL_WeightTransfer	眼睛 圈圈 >> 4 + 5
EyeSpiralR_WeightTransfer	眼睛 圈圈 << 4 + 5
AnimalEarCR_WeightTransfer	兽耳 << 12
WingAR_WeightTransfer	翅膀 << 11
PonytailCR_WeightTransfer	头发 马尾 << 26
PiercingBL_WeightTransfer	耳钉 B >> 6
PiercingBR_WeightTransfer	耳钉 B << 6
HandL_WeightTransfer	手 >> 3
HandR_Index_WeightTransfer	手 << 3 .4
HandR_Little_WeightTransfer	手 << 3 .3
HandR_Middle_WeightTransfer	手 << 3 .1
HandR_Thumb_WeightTransfer	手 << 3 .2
HandR_WeightTransfer	手 << 3
PalmarR_WeightTransfer	手 << 3 .5
WingCL_Lower_WeightTransfer	翅膀 >> 13
WingCR_Lower_WeightTransfer	翅膀 << 13
WingBR_WeightTransfer	翅膀 << 12
EyeDollarL_WeightTransfer	眼睛 钱 >> 4 + 5
ClownWig	小丑 1
FireA1	烧
ElectricFan	电风扇
Cheese	奶酪
ElectricFanBlades	电风扇叶片
Guitar_Outline	吉他轮廓
Guitar_Color1	吉他颜色 1
PaperFanSticks	折扇 2
PaperFanLeaf	折扇 1
Stool	凳子
Slipper	拖鞋
Guitar_Color2	吉他颜色 2
WinkStar	眨眼星星
ClownNose	小丑 2
Guitar_Color3	吉他颜色 3
SideHairA7_Color	头发 侧面 13
PonytailA3_Gradient	头发 单马尾 6
SideHairA2_Gradient	头发 侧面 4
SideHairB5_Color	头发 侧面 25
SideHairB3_Gradient	头发 侧面 22
PonytailA2_Outline	头发 单马尾 轮廓 3 + 4
PonytailB2_Outline	头发 单马尾 轮廓 13 + 14
PonytailB2_Color	头发 单马尾 13
Outer7_Outline	服装 外侧 轮廓 7
Outer1_Outline	服装 外侧 轮廓 1
Hand_Color	手 1
LaptopLight3	电脑 屏幕光 3
Finger	揉头 1
Scissor	切（剪刀
BoopHand	碰鼻子
Trophy	胜利 1
ProgressBar	加载（茶/咖啡杯） 1
Progress	加载（茶/咖啡杯） 2
